Job ID:        201536
Job name:      fed_fixed_total_n4_p12
Strategy:      fixed_total
Nodes:         4 (mscluster[8,36-38])
Tasks total:   48
Tasks/node:    12
Sweep id:      4
Sweep dir:     /home-mscluster/ldemelo/HPC_Assignment/problem1/federated_clustering_mpi/metrics/sweep_4

[mult_node] run_id=fixed_total_n4_p12_rep1_j201536 rep=1/3
Rank 0 of 48 processes
Rank 2 of 48 processes
Rank 4 of 48 processes
Rank 6 of 48 processes
Rank 8 of 48 processes
Rank 10 of 48 processes
Rank 1 of 48 processes
Rank 9 of 48 processes
Rank 11 of 48 processes
Rank 3 of 48 processes
Rank 5 of 48 processes
Rank 7 of 48 processes
Rank 27 of 48 processes
Rank 18 of 48 processes
Rank 33 of 48 processes
Rank 25 of 48 processes
Rank 12 of 48 processes
Rank 35 of 48 processes
Rank 42 of 48 processes
Rank 14 of 48 processes
Rank 28 of 48 processes
Rank 16 of 48 processes
Rank 31 of 48 processes
Rank 20 of 48 processes
Rank 22 of 48 processes
Rank 32 of 48 processes
Rank 19 of 48 processes
Rank 34 of 48 processes
Rank 21 of 48 processes
Rank 29 of 48 processes
Rank 23 of 48 processes
Rank 30 of 48 processes
Rank 13 of 48 processes
Rank 24 of 48 processes
Rank 15 of 48 processes
Rank 26 of 48 processes
Rank 17 of 48 processes
Rank 36 of 48 processes
Rank 37 of 48 processes
Rank 38 of 48 processes
Rank 39 of 48 processes
Rank 41 of 48 processes
Rank 43 of 48 processes
Rank 46 of 48 processes
Rank 40 of 48 processes
Rank 44 of 48 processes
Rank 45 of 48 processes
Rank 47 of 48 processes
Softmax regression: 10 classes; 784 features
[Mode] Non-IID Label Shard Distribution
[Mode] Non-IID Label Shard Distribution
[Mode] Non-IID Label Shard Distribution
[Mode] Non-IID Label Shard Distribution
[Mode] Non-IID Label Shard Distribution
[Distributed Worker 6] Shard size: 1276
[Distributed Worker 10] Shard size: 1276
Softmax regression: 10 classes; 784 features
[Distributed Worker 8] Shard size: 1276
[Distributed Worker 4] Shard size: 1276
Softmax regression: 10 classes; 784 features
Softmax regression: 10 classes; 784 features
Softmax regression: 10 classes; 784 features
[Mode] Non-IID Label Shard Distribution
[Mode] Non-IID Label Shard Distribution
[Distributed Worker 25] Shard size: 1276
Softmax regression: 10 classes; 784 features
[Mode] Non-IID Label Shard Distribution
[Mode] Non-IID Label Shard Distribution
[Mode] Non-IID Label Shard Distribution
[Mode] Non-IID Label Shard Distribution
[Mode] Non-IID Label Shard Distribution
[Distributed Worker 33] Shard size: 1276
Softmax regression: 10 classes; 784 features
[Distributed Worker 27] Shard size: 1276
Softmax regression: 10 classes; 784 features
[Mode] Non-IID Label Shard Distribution
[Mode] Non-IID Label Shard Distribution
[Mode] Non-IID Label Shard Distribution
[Distributed Worker 29] Shard size: 1276
[Mode] Non-IID Label Shard Distribution
[Mode] Non-IID Label Shard Distribution
[Mode] Non-IID Label Shard Distribution
Softmax regression: 10 classes; 784 features
[Mode] Non-IID Label Shard Distribution
[Mode] Non-IID Label Shard Distribution
[Mode] Non-IID Label Shard Distribution
[Mode] Non-IID Label Shard Distribution
[Distributed Worker 35] Shard size: 1276
Softmax regression: 10 classes; 784 features
[Mode] Non-IID Label Shard Distribution
[Distributed Worker 31] Shard size: 1276
Softmax regression: 10 classes; 784 features
[Mode] Non-IID Label Shard Distribution
[Distributed Worker 9] Shard size: 1276
Softmax regression: 10 classes; 784 features
[Distributed Worker 7] Shard size: 1276
[Mode] Non-IID Label Shard Distribution
Softmax regression: 10 classes; 784 features
[Distributed Worker 16] Shard size: 1276
[Distributed Worker 1] Shard size: 1276
[Distributed Worker 11] Shard size: 1276
[Distributed Worker 22] Shard size: 1276
Softmax regression: 10 classes; 784 features
[Distributed Worker 20] Shard size: 1276
Softmax regression: 10 classes; 784 features
Softmax regression: 10 classes; 784 features
Softmax regression: 10 classes; 784 features
Softmax regression: 10 classes; 784 features
[Distributed Worker 2] Shard size: 1276
Softmax regression: 10 classes; 784 features
[Distributed Worker 18] Shard size: 1276
[Mode] Non-IID Label Shard Distribution
Softmax regression: 10 classes; 784 features
[Distributed Worker 26] Shard size: 1276
[Distributed Worker 34] Shard size: 1276
[Distributed Worker 32] Shard size: 1276
Softmax regression: 10 classes; 784 features
Softmax regression: 10 classes; 784 features
[Mode] Non-IID Label Shard Distribution
Softmax regression: 10 classes; 784 features
[Distributed Worker 24] Shard size: 1276
Softmax regression: 10 classes; 784 features
[Mode] Non-IID Label Shard Distribution
[Mode] Non-IID Label Shard Distribution
[Distributed Worker 30] Shard size: 1276
Softmax regression: 10 classes; 784 features
[Distributed Worker 28] Shard size: 1276
Softmax regression: 10 classes; 784 features
[Distributed Worker 14] Shard size: 1276
Softmax regression: 10 classes; 784 features
[Distributed Worker 12] Shard size: 1276
Softmax regression: 10 classes; 784 features
[Distributed Worker 5] Shard size: 1276
Softmax regression: 10 classes; 784 features
[Distributed Worker 3] Shard size: 1276
Softmax regression: 10 classes; 784 features
[Worker 6] Round 1 | Loss: 0.0261973 | Train Acc: 99.4984%
[Worker 10] Round 1 | Loss: 0.0839148 | Train Acc: 97.6803%
[Mode] Non-IID Label Shard Distribution
[Mode] Non-IID Label Shard Distribution
[Mode] Non-IID Label Shard Distribution
[Mode] Non-IID Label Shard Distribution
[Distributed Worker 15] Shard size: 1276
Softmax regression: 10 classes; 784 features
[Distributed Worker 13] Shard size: 1276
Softmax regression: 10 classes; 784 features
[Mode] Non-IID Label Shard Distribution
[Worker 22] Round 1 | Loss: 0.0265539 | Train Acc: 99.5298%
[Worker 18] Round 1 | Loss: 0.0263193 | Train Acc: 99.5298%
[Mode] Non-IID Label Shard Distribution
[Distributed Worker 21] Shard size: 1276
[Worker 35] Round 1 | Loss: 0.0281963 | Train Acc: 99.4984%
[Worker 33] Round 1 | Loss: 0.0557514 | Train Acc: 98.9342%
[Worker 8] Round 1 | Loss: 0.026528 | Train Acc: 99.4984%
Softmax regression: 10 classes; 784 features
[Worker 27] Round 1 | Loss: 0.034564 | Train Acc: 99.5768%
[Worker 25] Round 1 | Loss: 0.0320866 | Train Acc: 99.5611%
[Distributed Worker 19] Shard size: 1276
[Worker 2] Round 1 | Loss: 0.0199664 | Train Acc: 99.5611%
Softmax regression: 10 classes; 784 features
[Worker 31] Round 1 | Loss: 0.026128 | Train Acc: 99.5141%
[Worker 29] Round 1 | Loss: 0.115586 | Train Acc: 96.9279%
[Worker 9] Round 1 | Loss: 0.0263206 | Train Acc: 99.4984%
[Worker 7] Round 1 | Loss: 0.0262305 | Train Acc: 99.4984%
[Distributed Worker 23] Shard size: 1276
Softmax regression: 10 classes; 784 features
[Distributed Worker 17] Shard size: 1276
Softmax regression: 10 classes; 784 features
[Worker 11] Round 1 | Loss: 0.028224 | Train Acc: 99.4984%
[Worker 14] Round 1 | Loss: 0.0290139 | Train Acc: 99.4984%
[Worker 1] Round 1 | Loss: 0.020177 | Train Acc: 99.5768%
[Worker 4] Round 1 | Loss: 0.0210945 | Train Acc: 99.5925%
[Worker 34] Round 1 | Loss: 0.0264721 | Train Acc: 99.5298%
[Worker 24] Round 1 | Loss: 0.0598603 | Train Acc: 98.4169%
[Worker 26] Round 1 | Loss: 0.0312537 | Train Acc: 99.5455%
[Worker 30] Round 1 | Loss: 0.0249556 | Train Acc: 99.5141%
[Worker 28] Round 1 | Loss: 0.0335627 | Train Acc: 99.5455%
[Worker 5] Round 1 | Loss: 0.045902 | Train Acc: 99.2477%
[Worker 3] Round 1 | Loss: 0.0214011 | Train Acc: 99.5611%
[Worker 12] Round 1 | Loss: 0.0293894 | Train Acc: 99.4984%
[Worker 15] Round 1 | Loss: 0.134797 | Train Acc: 96.2853%
[Worker 13] Round 1 | Loss: 0.0298549 | Train Acc: 99.4984%
[Worker 21] Round 1 | Loss: 0.026356 | Train Acc: 99.5141%
[Worker 19] Round 1 | Loss: 0.0259815 | Train Acc: 99.4984%
[Worker 20] Round 1 | Loss: 0.0721288 | Train Acc: 98.8244%
[Worker 23] Round 1 | Loss: 0.0262343 | Train Acc: 99.4984%
[Worker 16] Round 1 | Loss: 0.0266864 | Train Acc: 99.4984%
[Worker 17] Round 1 | Loss: 0.0256019 | Train Acc: 99.4984%
[Mode] Non-IID Label Shard Distribution
[Mode] Non-IID Label Shard Distribution
[Mode] Non-IID Label Shard Distribution
[Mode] Non-IID Label Shard Distribution
[Mode] Non-IID Label Shard Distribution
[Mode] Non-IID Label Shard Distribution
[Mode] Non-IID Label Shard Distribution
[Mode] Non-IID Label Shard Distribution
[Distributed Worker 42] Shard size: 1276
Softmax regression: 10 classes; 784 features
[Distributed Worker 38] Shard size: 1276
Softmax regression: 10 classes; 784 features
[Distributed Worker 36] Shard size: 1276
Softmax regression: 10 classes; 784 features
[Mode] Non-IID Label Shard Distribution
[Distributed Worker 43] Shard size: 1276
[Distributed Worker 41] Shard size: 1276
[Distributed Worker 37] Shard size: 1276
Softmax regression: 10 classes; 784 features
[Distributed Worker 39] Shard size: 1276
Softmax regression: 10 classes; 784 features
Softmax regression: 10 classes; 784 features
Softmax regression: 10 classes; 784 features
[Distributed Worker 46] Shard size: 1276
[Mode] Non-IID Label Shard Distribution
Softmax regression: 10 classes; 784 features
[Mode] Non-IID Label Shard Distribution
[Mode] Non-IID Label Shard Distribution
[Distributed Worker 44] Shard size: 1276
Softmax regression: 10 classes; 784 features
[Distributed Worker 40] Shard size: 1276
Softmax regression: 10 classes; 784 features
[Distributed Worker 45] Shard size: 1276
Softmax regression: 10 classes; 784 features
[Distributed Worker 47] Shard size: 1304
Softmax regression: 10 classes; 784 features
[Worker 32] Round 1 | Loss: 0.0242238 | Train Acc: 99.5141%
[Worker 38] Round 1 | Loss: 0.0856458 | Train Acc: 97.8997%
[Worker 37] Round 1 | Loss: 0.0282453 | Train Acc: 99.4984%
[Worker 39] Round 1 | Loss: 0.0218687 | Train Acc: 99.6081%
[Worker 36] Round 1 | Loss: 0.0284429 | Train Acc: 99.4984%
[Worker 46] Round 1 | Loss: 0.0300245 | Train Acc: 99.4984%
[Worker 40] Round 1 | Loss: 0.022267 | Train Acc: 99.6238%
[Worker 41] Round 1 | Loss: 0.0221438 | Train Acc: 99.6081%
[Worker 43] Round 1 | Loss: 0.132503 | Train Acc: 96.1912%
[Worker 45] Round 1 | Loss: 0.0301342 | Train Acc: 99.4984%
[Worker 42] Round 1 | Loss: 0.0216646 | Train Acc: 99.6708%
[Worker 44] Round 1 | Loss: 0.030106 | Train Acc: 99.4984%
[Worker 47] Round 1 | Loss: 0.0280063 | Train Acc: 99.5092%
[Central Round] 1 [Global Test Accuracy]: 41.57%
[Worker 9] Round 2 | Loss: 0.0229552 | Train Acc: 99.8589%
[Worker 3] Round 2 | Loss: 0.021417 | Train Acc: 99.6238%
[Worker 2] Round 2 | Loss: 0.0195562 | Train Acc: 99.5611%
[Worker 1] Round 2 | Loss: 0.0191867 | Train Acc: 99.5611%
[Worker 10] Round 2 | Loss: 0.0765998 | Train Acc: 98.2288%
[Worker 4] Round 2 | Loss: 0.0206595 | Train Acc: 99.6238%
[Worker 5] Round 2 | Loss: 0.0415998 | Train Acc: 99.4828%
[Worker 8] Round 2 | Loss: 0.0231573 | Train Acc: 99.8589%
[Worker 6] Round 2 | Loss: 0.0223665 | Train Acc: 99.8589%
[Worker 11] Round 2 | Loss: 0.0248776 | Train Acc: 99.6395%
[Worker 7] Round 2 | Loss: 0.0228199 | Train Acc: 99.906%
[Worker 35] Round 2 | Loss: 0.0255383 | Train Acc: 99.906%
[Worker 33] Round 2 | Loss: 0.0507692 | Train Acc: 99.3887%
[Worker 25] Round 2 | Loss: 0.030611 | Train Acc: 99.7179%
[Worker 31] Round 2 | Loss: 0.0239682 | Train Acc: 99.8589%
[Worker 22] Round 2 | Loss: 0.0250784 | Train Acc: 99.6865%
[Worker 16] Round 2 | Loss: 0.0250719 | Train Acc: 99.6865%
[Worker 18] Round 2 | Loss: 0.0244597 | Train Acc: 99.6081%
[Worker 27] Round 2 | Loss: 0.0331805 | Train Acc: 99.6865%
[Worker 20] Round 2 | Loss: 0.0678311 | Train Acc: 99.0439%
[Worker 21] Round 2 | Loss: 0.0243497 | Train Acc: 99.6708%
[Worker 23] Round 2 | Loss: 0.0241428 | Train Acc: 99.7022%
[Worker 14] Round 2 | Loss: 0.0257171 | Train Acc: 99.6238%
[Worker 19] Round 2 | Loss: 0.0233228 | Train Acc: 99.7335%
[Worker 17] Round 2 | Loss: 0.0229295 | Train Acc: 99.6865%
[Worker 13] Round 2 | Loss: 0.0275211 | Train Acc: 99.5611%
[Worker 12] Round 2 | Loss: 0.0264009 | Train Acc: 99.5925%
[Worker 15] Round 2 | Loss: 0.128096 | Train Acc: 96.4734%
[Worker 32] Round 2 | Loss: 0.0224012 | Train Acc: 99.6708%
[Worker 34] Round 2 | Loss: 0.0238554 | Train Acc: 99.906%
[Worker 29] Round 2 | Loss: 0.110722 | Train Acc: 97.4765%
[Worker 28] Round 2 | Loss: 0.0315505 | Train Acc: 99.7179%
[Worker 24] Round 2 | Loss: 0.0563945 | Train Acc: 98.605%
[Worker 30] Round 2 | Loss: 0.0237066 | Train Acc: 99.7022%
[Worker 26] Round 2 | Loss: 0.029952 | Train Acc: 99.6708%
[Worker 39] Round 2 | Loss: 0.020321 | Train Acc: 99.7335%
[Worker 45] Round 2 | Loss: 0.027274 | Train Acc: 99.4984%
[Worker 40] Round 2 | Loss: 0.0207008 | Train Acc: 99.7022%
[Worker 41] Round 2 | Loss: 0.021204 | Train Acc: 99.7335%
[Worker 42] Round 2 | Loss: 0.0204411 | Train Acc: 99.7335%
[Worker 36] Round 2 | Loss: 0.0260589 | Train Acc: 99.8746%
[Worker 46] Round 2 | Loss: 0.0270541 | Train Acc: 99.4984%
[Worker 37] Round 2 | Loss: 0.0262554 | Train Acc: 99.9216%
[Worker 38] Round 2 | Loss: 0.0811271 | Train Acc: 98.4013%
[Worker 43] Round 2 | Loss: 0.125055 | Train Acc: 96.5047%
[Worker 44] Round 2 | Loss: 0.0272212 | Train Acc: 99.4984%
[Worker 47] Round 2 | Loss: 0.0251967 | Train Acc: 99.5092%
[Central Round] 2 [Global Test Accuracy]: 62.58%
[Worker 9] Round 3 | Loss: 0.0202318 | Train Acc: 99.9843%
[Worker 3] Round 3 | Loss: 0.0192929 | Train Acc: 99.8589%
[Worker 1] Round 3 | Loss: 0.0182312 | Train Acc: 99.7962%
[Worker 2] Round 3 | Loss: 0.0187317 | Train Acc: 99.6708%
[Worker 7] Round 3 | Loss: 0.0200613 | Train Acc: 99.9843%
[Worker 11] Round 3 | Loss: 0.0231526 | Train Acc: 99.7962%
[Worker 10] Round 3 | Loss: 0.0710489 | Train Acc: 98.4169%
[Worker 5] Round 3 | Loss: 0.038628 | Train Acc: 99.6552%
[Worker 8] Round 3 | Loss: 0.0209995 | Train Acc: 99.9687%
[Worker 6] Round 3 | Loss: 0.0203044 | Train Acc: 99.953%
[Worker 4] Round 3 | Loss: 0.019482 | Train Acc: 99.7022%
[Worker 23] Round 3 | Loss: 0.0231432 | Train Acc: 99.7962%
[Worker 35] Round 3 | Loss: 0.023814 | Train Acc: 99.9843%
[Worker 33] Round 3 | Loss: 0.0474511 | Train Acc: 99.5768%
[Worker 21] Round 3 | Loss: 0.0238528 | Train Acc: 99.7649%
[Worker 19] Round 3 | Loss: 0.021854 | Train Acc: 99.8119%
[Worker 17] Round 3 | Loss: 0.0214178 | Train Acc: 99.7962%
[Worker 25] Round 3 | Loss: 0.0289187 | Train Acc: 99.7022%
[Worker 18] Round 3 | Loss: 0.0223493 | Train Acc: 99.8119%
[Worker 22] Round 3 | Loss: 0.0234222 | Train Acc: 99.8276%
[Worker 34] Round 3 | Loss: 0.0219934 | Train Acc: 99.953%
[Worker 16] Round 3 | Loss: 0.0233057 | Train Acc: 99.8119%
[Worker 27] Round 3 | Loss: 0.0321181 | Train Acc: 99.6238%
[Worker 20] Round 3 | Loss: 0.0639688 | Train Acc: 99.1379%
[Worker 32] Round 3 | Loss: 0.0203691 | Train Acc: 99.9216%
[Worker 24] Round 3 | Loss: 0.0522233 | Train Acc: 98.8715%
[Worker 31] Round 3 | Loss: 0.0233432 | Train Acc: 99.8589%
[Worker 26] Round 3 | Loss: 0.0280359 | Train Acc: 99.7335%
[Worker 13] Round 3 | Loss: 0.0250607 | Train Acc: 99.7022%
[Worker 15] Round 3 | Loss: 0.124945 | Train Acc: 96.6301%
[Worker 14] Round 3 | Loss: 0.0247007 | Train Acc: 99.7806%
[Worker 12] Round 3 | Loss: 0.024099 | Train Acc: 99.7806%
[Worker 30] Round 3 | Loss: 0.0217747 | Train Acc: 99.8589%
[Worker 29] Round 3 | Loss: 0.107117 | Train Acc: 97.6176%
[Worker 28] Round 3 | Loss: 0.030513 | Train Acc: 99.7649%
[Worker 43] Round 3 | Loss: 0.120584 | Train Acc: 96.8339%
[Worker 36] Round 3 | Loss: 0.0238979 | Train Acc: 99.9687%
[Worker 39] Round 3 | Loss: 0.0193748 | Train Acc: 99.7962%
[Worker 45] Round 3 | Loss: 0.0256004 | Train Acc: 99.4984%
[Worker 40] Round 3 | Loss: 0.0204494 | Train Acc: 99.7492%
[Worker 38] Round 3 | Loss: 0.0774168 | Train Acc: 98.464%
[Worker 41] Round 3 | Loss: 0.0205451 | Train Acc: 99.7335%
[Worker 46] Round 3 | Loss: 0.0254821 | Train Acc: 99.4984%
[Worker 37] Round 3 | Loss: 0.0244301 | Train Acc: 99.9687%
[Worker 44] Round 3 | Loss: 0.0253271 | Train Acc: 99.4984%
[Worker 42] Round 3 | Loss: 0.0195218 | Train Acc: 99.7806%
[Worker 47] Round 3 | Loss: 0.0237915 | Train Acc: 99.5552%
[Central Round] 3 [Global Test Accuracy]: 71.84%
[Worker 9] Round 4 | Loss: 0.0185273 | Train Acc: 99.9843%
[Worker 3] Round 4 | Loss: 0.0184622 | Train Acc: 99.9216%
[Worker 1] Round 4 | Loss: 0.0175217 | Train Acc: 99.7962%
[Worker 5] Round 4 | Loss: 0.0354784 | Train Acc: 99.6865%
[Worker 2] Round 4 | Loss: 0.0179247 | Train Acc: 99.906%
[Worker 7] Round 4 | Loss: 0.018677 | Train Acc: 99.9843%
[Worker 11] Round 4 | Loss: 0.0216516 | Train Acc: 99.9373%
[Worker 8] Round 4 | Loss: 0.0192733 | Train Acc: 99.9843%
[Worker 6] Round 4 | Loss: 0.0184869 | Train Acc: 100%
[Worker 10] Round 4 | Loss: 0.0672814 | Train Acc: 98.5423%
[Worker 4] Round 4 | Loss: 0.0177262 | Train Acc: 99.8746%
[Worker 16] Round 4 | Loss: 0.0226027 | Train Acc: 99.8589%
[Worker 20] Round 4 | Loss: 0.0605139 | Train Acc: 99.2006%
[Worker 23] Round 4 | Loss: 0.0219834 | Train Acc: 99.906%
[Worker 21] Round 4 | Loss: 0.0223935 | Train Acc: 99.8276%
[Worker 19] Round 4 | Loss: 0.0211586 | Train Acc: 99.9373%
[Worker 17] Round 4 | Loss: 0.0205034 | Train Acc: 99.8746%
[Worker 13] Round 4 | Loss: 0.023357 | Train Acc: 99.8589%
[Worker 15] Round 4 | Loss: 0.120961 | Train Acc: 96.9436%
[Worker 25] Round 4 | Loss: 0.0290059 | Train Acc: 99.7962%
[Worker 35] Round 4 | Loss: 0.0220598 | Train Acc: 99.9843%
[Worker 33] Round 4 | Loss: 0.044669 | Train Acc: 99.6708%
[Worker 27] Round 4 | Loss: 0.0310062 | Train Acc: 99.7022%
[Worker 34] Round 4 | Loss: 0.0208977 | Train Acc: 99.9687%
[Worker 32] Round 4 | Loss: 0.0193872 | Train Acc: 99.953%
[Worker 24] Round 4 | Loss: 0.0497012 | Train Acc: 98.9812%
[Worker 26] Round 4 | Loss: 0.0276417 | Train Acc: 99.7335%
[Worker 18] Round 4 | Loss: 0.021661 | Train Acc: 99.8276%
[Worker 31] Round 4 | Loss: 0.021611 | Train Acc: 99.9843%
[Worker 22] Round 4 | Loss: 0.0224606 | Train Acc: 99.8903%
[Worker 14] Round 4 | Loss: 0.0231625 | Train Acc: 99.906%
[Worker 29] Round 4 | Loss: 0.104587 | Train Acc: 97.7273%
[Worker 28] Round 4 | Loss: 0.0307036 | Train Acc: 99.6865%
[Worker 30] Round 4 | Loss: 0.0206996 | Train Acc: 100%
[Worker 12] Round 4 | Loss: 0.022689 | Train Acc: 99.906%
[Worker 39] Round 4 | Loss: 0.0195067 | Train Acc: 99.7806%
[Worker 41] Round 4 | Loss: 0.019824 | Train Acc: 99.7962%
[Worker 45] Round 4 | Loss: 0.0239182 | Train Acc: 99.4984%
[Worker 37] Round 4 | Loss: 0.02265 | Train Acc: 99.9687%
[Worker 43] Round 4 | Loss: 0.117212 | Train Acc: 96.9906%
[Worker 47] Round 4 | Loss: 0.0221522 | Train Acc: 99.5399%
[Worker 38] Round 4 | Loss: 0.0732981 | Train Acc: 98.5423%
[Worker 44] Round 4 | Loss: 0.0245252 | Train Acc: 99.4828%
[Worker 46] Round 4 | Loss: 0.0241605 | Train Acc: 99.5611%
[Worker 40] Round 4 | Loss: 0.0194151 | Train Acc: 99.8119%
[Worker 36] Round 4 | Loss: 0.023134 | Train Acc: 99.953%
[Worker 42] Round 4 | Loss: 0.0192626 | Train Acc: 99.8276%
[Central Round] 4 [Global Test Accuracy]: 76.41%
[Worker 1] Round 5 | Loss: 0.0239212 | Train Acc: 99.9216%
[Worker 5] Round 5 | Loss: 0.0471864 | Train Acc: 99.6343%
[Worker 7] Round 5 | Loss: 0.0265353 | Train Acc: 100%
[Worker 9] Round 5 | Loss: 0.0258293 | Train Acc: 100%
[Worker 3] Round 5 | Loss: 0.0272998 | Train Acc: 99.8955%
[Worker 11] Round 5 | Loss: 0.0338688 | Train Acc: 99.7126%
[Worker 2] Round 5 | Loss: 0.0252704 | Train Acc: 99.8694%
[Worker 10] Round 5 | Loss: 0.0824184 | Train Acc: 98.302%
[Worker 8] Round 5 | Loss: 0.0285448 | Train Acc: 99.9216%
[Worker 6] Round 5 | Loss: 0.0259726 | Train Acc: 99.9739%
[Worker 4] Round 5 | Loss: 0.0263971 | Train Acc: 99.8433%
[Worker 18] Round 5 | Loss: 0.0326039 | Train Acc: 99.8694%
[Worker 22] Round 5 | Loss: 0.0339634 | Train Acc: 99.8433%
[Worker 14] Round 5 | Loss: 0.0354732 | Train Acc: 99.8694%
[Worker 17] Round 5 | Loss: 0.0292009 | Train Acc: 99.8171%
[Worker 12] Round 5 | Loss: 0.0333675 | Train Acc: 99.7388%
[Worker 19] Round 5 | Loss: 0.0312806 | Train Acc: 99.791%
[Worker 23] Round 5 | Loss: 0.0324134 | Train Acc: 99.8955%
[Worker 21] Round 5 | Loss: 0.0321291 | Train Acc: 99.9216%
[Worker 16] Round 5 | Loss: 0.0342066 | Train Acc: 99.791%
[Worker 35] Round 5 | Loss: 0.0325314 | Train Acc: 99.9478%
[Worker 33] Round 5 | Loss: 0.0592814 | Train Acc: 99.6343%
[Worker 25] Round 5 | Loss: 0.0425382 | Train Acc: 99.582%
[Worker 20] Round 5 | Loss: 0.079278 | Train Acc: 99.2947%
[Worker 13] Round 5 | Loss: 0.0359337 | Train Acc: 99.7649%
[Worker 15] Round 5 | Loss: 0.145223 | Train Acc: 96.5256%
[Worker 27] Round 5 | Loss: 0.0475049 | Train Acc: 99.4514%
[Worker 31] Round 5 | Loss: 0.0324372 | Train Acc: 99.8694%
[Worker 29] Round 5 | Loss: 0.125129 | Train Acc: 97.3615%
[Worker 34] Round 5 | Loss: 0.0299794 | Train Acc: 99.9739%
[Worker 32] Round 5 | Loss: 0.0299383 | Train Acc: 99.8955%
[Worker 30] Round 5 | Loss: 0.0301459 | Train Acc: 99.8694%
[Worker 24] Round 5 | Loss: 0.0639696 | Train Acc: 98.7461%
[Worker 28] Round 5 | Loss: 0.045279 | Train Acc: 99.4775%
[Worker 26] Round 5 | Loss: 0.0415095 | Train Acc: 99.5559%
[Worker 36] Round 5 | Loss: 0.0333918 | Train Acc: 99.9216%
[Worker 38] Round 5 | Loss: 0.0924418 | Train Acc: 98.511%
[Worker 40] Round 5 | Loss: 0.0299922 | Train Acc: 99.6604%
[Worker 44] Round 5 | Loss: 0.0359297 | Train Acc: 99.2424%
[Worker 46] Round 5 | Loss: 0.0349004 | Train Acc: 99.4775%
[Worker 42] Round 5 | Loss: 0.0299387 | Train Acc: 99.6604%
[Worker 45] Round 5 | Loss: 0.035683 | Train Acc: 99.2424%
[Worker 37] Round 5 | Loss: 0.0347414 | Train Acc: 99.9478%
[Worker 43] Round 5 | Loss: 0.145221 | Train Acc: 96.4472%
[Worker 39] Round 5 | Loss: 0.0301149 | Train Acc: 99.6865%
[Worker 41] Round 5 | Loss: 0.028275 | Train Acc: 99.8171%
[Worker 47] Round 5 | Loss: 0.0338911 | Train Acc: 99.3098%
[Central Round] 5 [Global Test Accuracy]: 79.01%
[Worker 3] Round 6 | Loss: 0.0270322 | Train Acc: 99.8694%
[Worker 1] Round 6 | Loss: 0.023966 | Train Acc: 99.8955%
[Worker 7] Round 6 | Loss: 0.0252126 | Train Acc: 100%
[Worker 9] Round 6 | Loss: 0.0248298 | Train Acc: 99.9478%
[Worker 11] Round 6 | Loss: 0.0312668 | Train Acc: 99.9216%
[Worker 5] Round 6 | Loss: 0.0456379 | Train Acc: 99.6343%
[Worker 2] Round 6 | Loss: 0.0238091 | Train Acc: 99.9739%
[Worker 6] Round 6 | Loss: 0.0246858 | Train Acc: 100%
[Worker 4] Round 6 | Loss: 0.024903 | Train Acc: 99.8694%
[Worker 10] Round 6 | Loss: 0.0779974 | Train Acc: 98.4587%
[Worker 8] Round 6 | Loss: 0.0268674 | Train Acc: 99.9739%
[Worker 33] Round 6 | Loss: 0.0569135 | Train Acc: 99.6081%
[Worker 35] Round 6 | Loss: 0.0307253 | Train Acc: 100%
[Worker 27] Round 6 | Loss: 0.0462128 | Train Acc: 99.582%
[Worker 25] Round 6 | Loss: 0.0417523 | Train Acc: 99.6343%
[Worker 18] Round 6 | Loss: 0.0319553 | Train Acc: 99.791%
[Worker 23] Round 6 | Loss: 0.0315621 | Train Acc: 99.9478%
[Worker 20] Round 6 | Loss: 0.0769259 | Train Acc: 99.0596%
[Worker 22] Round 6 | Loss: 0.0332391 | Train Acc: 99.8694%
[Worker 16] Round 6 | Loss: 0.0329683 | Train Acc: 99.8955%
[Worker 19] Round 6 | Loss: 0.0307064 | Train Acc: 99.8955%
[Worker 17] Round 6 | Loss: 0.0286054 | Train Acc: 99.9216%
[Worker 21] Round 6 | Loss: 0.0314766 | Train Acc: 99.8694%
[Worker 13] Round 6 | Loss: 0.0354912 | Train Acc: 99.582%
[Worker 14] Round 6 | Loss: 0.0344092 | Train Acc: 99.8171%
[Worker 15] Round 6 | Loss: 0.141908 | Train Acc: 96.2644%
[Worker 12] Round 6 | Loss: 0.0340511 | Train Acc: 99.7649%
[Worker 32] Round 6 | Loss: 0.0265794 | Train Acc: 99.9739%
[Worker 34] Round 6 | Loss: 0.03014 | Train Acc: 99.8694%
[Worker 31] Round 6 | Loss: 0.0316925 | Train Acc: 99.9216%
[Worker 24] Round 6 | Loss: 0.0617612 | Train Acc: 98.8767%
[Worker 26] Round 6 | Loss: 0.040419 | Train Acc: 99.6081%
[Worker 29] Round 6 | Loss: 0.122283 | Train Acc: 97.6228%
[Worker 28] Round 6 | Loss: 0.0439536 | Train Acc: 99.6604%
[Worker 30] Round 6 | Loss: 0.0288874 | Train Acc: 99.9478%
[Worker 38] Round 6 | Loss: 0.0900815 | Train Acc: 98.3804%
[Worker 39] Round 6 | Loss: 0.0286265 | Train Acc: 99.7388%
[Worker 40] Round 6 | Loss: 0.0301383 | Train Acc: 99.7126%
[Worker 44] Round 6 | Loss: 0.0347875 | Train Acc: 99.3992%
[Worker 46] Round 6 | Loss: 0.0344166 | Train Acc: 99.3208%
[Worker 36] Round 6 | Loss: 0.032594 | Train Acc: 99.8433%
[Worker 41] Round 6 | Loss: 0.028236 | Train Acc: 99.791%
[Worker 42] Round 6 | Loss: 0.0268891 | Train Acc: 99.9216%
[Worker 45] Round 6 | Loss: 0.0343438 | Train Acc: 99.3992%
[Worker 37] Round 6 | Loss: 0.0341174 | Train Acc: 99.8694%
[Worker 43] Round 6 | Loss: 0.14231 | Train Acc: 96.6823%
[Worker 47] Round 6 | Loss: 0.0324243 | Train Acc: 99.4632%
[Central Round] 6 [Global Test Accuracy]: 80.55%
[Worker 1] Round 7 | Loss: 0.0227319 | Train Acc: 99.9478%
[Worker 7] Round 7 | Loss: 0.0238324 | Train Acc: 100%
[Worker 3] Round 7 | Loss: 0.0266932 | Train Acc: 99.8694%
[Worker 9] Round 7 | Loss: 0.0237583 | Train Acc: 100%
[Worker 11] Round 7 | Loss: 0.0314698 | Train Acc: 99.8955%
[Worker 5] Round 7 | Loss: 0.0438598 | Train Acc: 99.6865%
[Worker 2] Round 7 | Loss: 0.0235105 | Train Acc: 99.9478%
[Worker 6] Round 7 | Loss: 0.023482 | Train Acc: 100%
[Worker 8] Round 7 | Loss: 0.02564 | Train Acc: 99.9478%
[Worker 4] Round 7 | Loss: 0.0239866 | Train Acc: 99.9739%
[Worker 10] Round 7 | Loss: 0.0764211 | Train Acc: 98.4587%
[Worker 35] Round 7 | Loss: 0.0304967 | Train Acc: 99.9739%
[Worker 33] Round 7 | Loss: 0.0537057 | Train Acc: 99.582%
[Worker 25] Round 7 | Loss: 0.0406661 | Train Acc: 99.6343%
[Worker 27] Round 7 | Loss: 0.0453866 | Train Acc: 99.6604%
[Worker 17] Round 7 | Loss: 0.0293012 | Train Acc: 99.8694%
[Worker 16] Round 7 | Loss: 0.0329162 | Train Acc: 99.8433%
[Worker 21] Round 7 | Loss: 0.0317746 | Train Acc: 99.9216%
[Worker 23] Round 7 | Loss: 0.0311147 | Train Acc: 99.8694%
[Worker 19] Round 7 | Loss: 0.0309591 | Train Acc: 99.7388%
[Worker 20] Round 7 | Loss: 0.0740707 | Train Acc: 99.2424%
[Worker 22] Round 7 | Loss: 0.0324135 | Train Acc: 99.8171%
[Worker 18] Round 7 | Loss: 0.0314161 | Train Acc: 99.8433%
[Worker 13] Round 7 | Loss: 0.0347665 | Train Acc: 99.7649%
[Worker 15] Round 7 | Loss: 0.140479 | Train Acc: 96.4734%
[Worker 14] Round 7 | Loss: 0.0339073 | Train Acc: 99.8433%
[Worker 12] Round 7 | Loss: 0.032631 | Train Acc: 99.8433%
[Worker 34] Round 7 | Loss: 0.0288766 | Train Acc: 99.9216%
[Worker 32] Round 7 | Loss: 0.0271755 | Train Acc: 99.8694%
[Worker 24] Round 7 | Loss: 0.0599267 | Train Acc: 98.9812%
[Worker 31] Round 7 | Loss: 0.0301478 | Train Acc: 99.8955%
[Worker 26] Round 7 | Loss: 0.0389136 | Train Acc: 99.6343%
[Worker 29] Round 7 | Loss: 0.119957 | Train Acc: 97.7273%
[Worker 30] Round 7 | Loss: 0.0281176 | Train Acc: 99.9739%
[Worker 28] Round 7 | Loss: 0.0434897 | Train Acc: 99.7126%
[Worker 45] Round 7 | Loss: 0.0337582 | Train Acc: 99.5298%
[Worker 39] Round 7 | Loss: 0.0276669 | Train Acc: 99.7649%
[Worker 41] Round 7 | Loss: 0.0299081 | Train Acc: 99.6604%
[Worker 44] Round 7 | Loss: 0.0347371 | Train Acc: 99.4775%
[Worker 46] Round 7 | Loss: 0.0340789 | Train Acc: 99.4514%
[Worker 40] Round 7 | Loss: 0.028843 | Train Acc: 99.791%
[Worker 36] Round 7 | Loss: 0.0316148 | Train Acc: 99.8955%
[Worker 42] Round 7 | Loss: 0.0281428 | Train Acc: 99.6604%
[Worker 43] Round 7 | Loss: 0.138364 | Train Acc: 96.7607%
[Worker 37] Round 7 | Loss: 0.0324193 | Train Acc: 99.8694%
[Worker 38] Round 7 | Loss: 0.0877587 | Train Acc: 98.4326%
[Worker 47] Round 7 | Loss: 0.0315528 | Train Acc: 99.5654%
[Central Round] 7 [Global Test Accuracy]: 81.75%
[Worker 1] Round 8 | Loss: 0.0226105 | Train Acc: 99.9216%
[Worker 7] Round 8 | Loss: 0.0232774 | Train Acc: 100%
[Worker 3] Round 8 | Loss: 0.0247446 | Train Acc: 99.8955%
[Worker 9] Round 8 | Loss: 0.0226935 | Train Acc: 100%
[Worker 11] Round 8 | Loss: 0.0316077 | Train Acc: 99.7649%
[Worker 5] Round 8 | Loss: 0.0420387 | Train Acc: 99.7649%
[Worker 2] Round 8 | Loss: 0.0224351 | Train Acc: 99.9478%
[Worker 8] Round 8 | Loss: 0.0257404 | Train Acc: 99.8955%
[Worker 4] Round 8 | Loss: 0.0233431 | Train Acc: 99.8955%
[Worker 10] Round 8 | Loss: 0.0744478 | Train Acc: 98.511%
[Worker 6] Round 8 | Loss: 0.0229244 | Train Acc: 100%
[Worker 33] Round 8 | Loss: 0.0521643 | Train Acc: 99.5559%
[Worker 20] Round 8 | Loss: 0.0715149 | Train Acc: 99.2685%
[Worker 17] Round 8 | Loss: 0.0286014 | Train Acc: 99.9216%
[Worker 22] Round 8 | Loss: 0.0309703 | Train Acc: 99.8433%
[Worker 35] Round 8 | Loss: 0.02968 | Train Acc: 99.8955%
[Worker 25] Round 8 | Loss: 0.0406002 | Train Acc: 99.6081%
[Worker 16] Round 8 | Loss: 0.032291 | Train Acc: 99.8433%
[Worker 18] Round 8 | Loss: 0.0307771 | Train Acc: 99.791%
[Worker 23] Round 8 | Loss: 0.0299413 | Train Acc: 99.8955%
[Worker 19] Round 8 | Loss: 0.0315042 | Train Acc: 99.791%
[Worker 21] Round 8 | Loss: 0.0306598 | Train Acc: 99.8433%
[Worker 14] Round 8 | Loss: 0.0337234 | Train Acc: 99.8171%
[Worker 13] Round 8 | Loss: 0.0344247 | Train Acc: 99.7388%
[Worker 12] Round 8 | Loss: 0.0338486 | Train Acc: 99.7126%
[Worker 15] Round 8 | Loss: 0.136527 | Train Acc: 96.4211%
[Worker 27] Round 8 | Loss: 0.0457448 | Train Acc: 99.5037%
[Worker 31] Round 8 | Loss: 0.0303277 | Train Acc: 99.9216%
[Worker 34] Round 8 | Loss: 0.0277139 | Train Acc: 99.9478%
[Worker 29] Round 8 | Loss: 0.118333 | Train Acc: 97.5967%
[Worker 32] Round 8 | Loss: 0.0264796 | Train Acc: 99.8694%
[Worker 26] Round 8 | Loss: 0.0389558 | Train Acc: 99.6081%
[Worker 28] Round 8 | Loss: 0.0437798 | Train Acc: 99.582%
[Worker 30] Round 8 | Loss: 0.0282903 | Train Acc: 99.8694%
[Worker 24] Round 8 | Loss: 0.0579743 | Train Acc: 98.9289%
[Worker 44] Round 8 | Loss: 0.0335861 | Train Acc: 99.4775%
[Worker 38] Round 8 | Loss: 0.0852913 | Train Acc: 98.511%
[Worker 46] Round 8 | Loss: 0.0340257 | Train Acc: 99.3992%
[Worker 40] Round 8 | Loss: 0.0282028 | Train Acc: 99.7649%
[Worker 36] Round 8 | Loss: 0.0315185 | Train Acc: 99.8955%
[Worker 43] Round 8 | Loss: 0.135162 | Train Acc: 96.813%
[Worker 37] Round 8 | Loss: 0.03146 | Train Acc: 99.9739%
[Worker 45] Round 8 | Loss: 0.0334886 | Train Acc: 99.4775%
[Worker 39] Round 8 | Loss: 0.0285528 | Train Acc: 99.791%
[Worker 41] Round 8 | Loss: 0.0272248 | Train Acc: 99.8433%
[Worker 42] Round 8 | Loss: 0.0281866 | Train Acc: 99.791%
[Worker 47] Round 8 | Loss: 0.031161 | Train Acc: 99.6166%
[Central Round] 8 [Global Test Accuracy]: 82.56%
[Worker 1] Round 9 | Loss: 0.022471 | Train Acc: 99.8433%
[Worker 3] Round 9 | Loss: 0.0250454 | Train Acc: 99.8694%
[Worker 9] Round 9 | Loss: 0.0222226 | Train Acc: 99.9478%
[Worker 2] Round 9 | Loss: 0.0235852 | Train Acc: 99.8694%
[Worker 11] Round 9 | Loss: 0.0306558 | Train Acc: 99.8433%
[Worker 5] Round 9 | Loss: 0.041281 | Train Acc: 99.7126%
[Worker 7] Round 9 | Loss: 0.022192 | Train Acc: 100%
[Worker 10] Round 9 | Loss: 0.0727087 | Train Acc: 98.4326%
[Worker 8] Round 9 | Loss: 0.0249107 | Train Acc: 99.8694%
[Worker 4] Round 9 | Loss: 0.0238217 | Train Acc: 99.8433%
[Worker 6] Round 9 | Loss: 0.0230168 | Train Acc: 99.9478%
[Worker 35] Round 9 | Loss: 0.0303532 | Train Acc: 99.9216%
[Worker 18] Round 9 | Loss: 0.0304978 | Train Acc: 99.8955%
[Worker 20] Round 9 | Loss: 0.0723403 | Train Acc: 99.0334%
[Worker 22] Round 9 | Loss: 0.0305906 | Train Acc: 99.8433%
[Worker 16] Round 9 | Loss: 0.0324632 | Train Acc: 99.7388%
[Worker 23] Round 9 | Loss: 0.0304248 | Train Acc: 99.8694%
[Worker 17] Round 9 | Loss: 0.0269702 | Train Acc: 99.9478%
[Worker 19] Round 9 | Loss: 0.0296114 | Train Acc: 99.8171%
[Worker 33] Round 9 | Loss: 0.0499862 | Train Acc: 99.6604%
[Worker 21] Round 9 | Loss: 0.0294512 | Train Acc: 99.8955%
[Worker 25] Round 9 | Loss: 0.0401122 | Train Acc: 99.4775%
[Worker 13] Round 9 | Loss: 0.0336447 | Train Acc: 99.7649%
[Worker 15] Round 9 | Loss: 0.134589 | Train Acc: 96.5256%
[Worker 14] Round 9 | Loss: 0.0333384 | Train Acc: 99.8694%
[Worker 12] Round 9 | Loss: 0.0328978 | Train Acc: 99.7126%
[Worker 27] Round 9 | Loss: 0.0446902 | Train Acc: 99.5037%
[Worker 31] Round 9 | Loss: 0.0285365 | Train Acc: 99.9478%
[Worker 34] Round 9 | Loss: 0.0276549 | Train Acc: 99.8433%
[Worker 32] Round 9 | Loss: 0.0257459 | Train Acc: 99.9216%
[Worker 29] Round 9 | Loss: 0.115377 | Train Acc: 97.675%
[Worker 24] Round 9 | Loss: 0.0558613 | Train Acc: 98.9551%
[Worker 28] Round 9 | Loss: 0.0425451 | Train Acc: 99.4775%
[Worker 30] Round 9 | Loss: 0.0277627 | Train Acc: 99.9216%
[Worker 26] Round 9 | Loss: 0.0392213 | Train Acc: 99.4775%
[Worker 38] Round 9 | Loss: 0.0834452 | Train Acc: 98.5632%
[Worker 39] Round 9 | Loss: 0.0284277 | Train Acc: 99.7126%
[Worker 40] Round 9 | Loss: 0.027641 | Train Acc: 99.8433%
[Worker 41] Round 9 | Loss: 0.0276639 | Train Acc: 99.7126%
[Worker 44] Round 9 | Loss: 0.0329225 | Train Acc: 99.6081%
[Worker 43] Round 9 | Loss: 0.134033 | Train Acc: 96.6823%
[Worker 45] Round 9 | Loss: 0.033216 | Train Acc: 99.5559%
[Worker 36] Round 9 | Loss: 0.0314491 | Train Acc: 99.8171%
[Worker 37] Round 9 | Loss: 0.0313967 | Train Acc: 99.8433%
[Worker 46] Round 9 | Loss: 0.0335641 | Train Acc: 99.4775%
[Worker 42] Round 9 | Loss: 0.0275034 | Train Acc: 99.791%
[Worker 47] Round 9 | Loss: 0.0303241 | Train Acc: 99.6677%
[Central Round] 9 [Global Test Accuracy]: 83.28%
[Worker 11] Round 10 | Loss: 0.0305587 | Train Acc: 99.8171%
[Worker 7] Round 10 | Loss: 0.0226488 | Train Acc: 99.9478%
[Worker 5] Round 10 | Loss: 0.0394619 | Train Acc: 99.7126%
[Worker 1] Round 10 | Loss: 0.0216826 | Train Acc: 99.8955%
[Worker 9] Round 10 | Loss: 0.0218089 | Train Acc: 100%
[Worker 3] Round 10 | Loss: 0.0240456 | Train Acc: 99.8955%
[Worker 2] Round 10 | Loss: 0.0226249 | Train Acc: 99.8694%
[Worker 8] Round 10 | Loss: 0.0255963 | Train Acc: 99.791%
[Worker 4] Round 10 | Loss: 0.022802 | Train Acc: 99.9216%
[Worker 6] Round 10 | Loss: 0.0227779 | Train Acc: 99.9216%
[Worker 10] Round 10 | Loss: 0.0711489 | Train Acc: 98.4848%
[Worker 33] Round 10 | Loss: 0.0493643 | Train Acc: 99.582%
[Worker 35] Round 10 | Loss: 0.0289047 | Train Acc: 99.9739%
[Worker 18] Round 10 | Loss: 0.0300688 | Train Acc: 99.8955%
[Worker 23] Round 10 | Loss: 0.0291367 | Train Acc: 99.9216%
[Worker 20] Round 10 | Loss: 0.0694765 | Train Acc: 99.2163%
[Worker 22] Round 10 | Loss: 0.0309285 | Train Acc: 99.8433%
[Worker 16] Round 10 | Loss: 0.032079 | Train Acc: 99.7126%
[Worker 17] Round 10 | Loss: 0.0278392 | Train Acc: 99.9478%
[Worker 19] Round 10 | Loss: 0.0306022 | Train Acc: 99.791%
[Worker 21] Round 10 | Loss: 0.0298405 | Train Acc: 99.8171%
[Worker 14] Round 10 | Loss: 0.0335429 | Train Acc: 99.7649%
[Worker 12] Round 10 | Loss: 0.0328472 | Train Acc: 99.8171%
[Worker 13] Round 10 | Loss: 0.0339979 | Train Acc: 99.7388%
[Worker 15] Round 10 | Loss: 0.135587 | Train Acc: 96.6562%
[Worker 25] Round 10 | Loss: 0.0397514 | Train Acc: 99.6081%
[Worker 27] Round 10 | Loss: 0.0433249 | Train Acc: 99.5559%
[Worker 31] Round 10 | Loss: 0.0297619 | Train Acc: 99.8694%
[Worker 32] Round 10 | Loss: 0.0258357 | Train Acc: 99.8433%
[Worker 34] Round 10 | Loss: 0.0275453 | Train Acc: 99.9478%
[Worker 29] Round 10 | Loss: 0.113582 | Train Acc: 97.8056%
[Worker 24] Round 10 | Loss: 0.0554345 | Train Acc: 98.9812%
[Worker 26] Round 10 | Loss: 0.0382148 | Train Acc: 99.6343%
[Worker 30] Round 10 | Loss: 0.0268086 | Train Acc: 99.9216%
[Worker 28] Round 10 | Loss: 0.0430869 | Train Acc: 99.582%
[Worker 44] Round 10 | Loss: 0.0325704 | Train Acc: 99.4775%
[Worker 36] Round 10 | Loss: 0.0307934 | Train Acc: 99.8171%
[Worker 38] Round 10 | Loss: 0.081829 | Train Acc: 98.4065%
[Worker 37] Round 10 | Loss: 0.0311472 | Train Acc: 99.8955%
[Worker 46] Round 10 | Loss: 0.0325112 | Train Acc: 99.5298%
[Worker 39] Round 10 | Loss: 0.0278463 | Train Acc: 99.7649%
[Worker 40] Round 10 | Loss: 0.0272227 | Train Acc: 99.7649%
[Worker 41] Round 10 | Loss: 0.0275473 | Train Acc: 99.7649%
[Worker 45] Round 10 | Loss: 0.0322955 | Train Acc: 99.6343%
[Worker 42] Round 10 | Loss: 0.0276569 | Train Acc: 99.8171%
[Worker 43] Round 10 | Loss: 0.130778 | Train Acc: 96.8652%
[Worker 47] Round 10 | Loss: 0.0302399 | Train Acc: 99.6421%
[Central Round] 10 [Global Test Accuracy]: 84.01%
[Worker 11] Round 11 | Loss: 0.0311639 | Train Acc: 99.7388%
[Worker 7] Round 11 | Loss: 0.0220719 | Train Acc: 99.9478%
[Worker 5] Round 11 | Loss: 0.0393199 | Train Acc: 99.7388%
[Worker 1] Round 11 | Loss: 0.0204934 | Train Acc: 99.9739%
[Worker 6] Round 11 | Loss: 0.0220058 | Train Acc: 99.9478%
[Worker 9] Round 11 | Loss: 0.0212703 | Train Acc: 100%
[Worker 3] Round 11 | Loss: 0.0246576 | Train Acc: 99.8433%
[Worker 2] Round 11 | Loss: 0.0210567 | Train Acc: 99.9739%
[Worker 8] Round 11 | Loss: 0.0254558 | Train Acc: 99.7649%
[Worker 4] Round 11 | Loss: 0.0222845 | Train Acc: 99.9739%
[Worker 10] Round 11 | Loss: 0.0699237 | Train Acc: 98.511%
[Worker 20] Round 11 | Loss: 0.0681411 | Train Acc: 99.2424%
[Worker 16] Round 11 | Loss: 0.0316068 | Train Acc: 99.7649%
[Worker 21] Round 11 | Loss: 0.0289987 | Train Acc: 99.8171%
[Worker 23] Round 11 | Loss: 0.0283482 | Train Acc: 99.8694%
[Worker 17] Round 11 | Loss: 0.0278709 | Train Acc: 99.8694%
[Worker 19] Round 11 | Loss: 0.0299971 | Train Acc: 99.7649%
[Worker 35] Round 11 | Loss: 0.0283397 | Train Acc: 99.8955%
[Worker 15] Round 11 | Loss: 0.132993 | Train Acc: 96.7346%
[Worker 13] Round 11 | Loss: 0.033043 | Train Acc: 99.7388%
[Worker 33] Round 11 | Loss: 0.0489515 | Train Acc: 99.5559%
[Worker 34] Round 11 | Loss: 0.0267987 | Train Acc: 99.9478%
[Worker 32] Round 11 | Loss: 0.0244184 | Train Acc: 99.9478%
[Worker 18] Round 11 | Loss: 0.0313604 | Train Acc: 99.7388%
[Worker 25] Round 11 | Loss: 0.0381892 | Train Acc: 99.6343%
[Worker 22] Round 11 | Loss: 0.0309382 | Train Acc: 99.7388%
[Worker 14] Round 11 | Loss: 0.0339509 | Train Acc: 99.7388%
[Worker 12] Round 11 | Loss: 0.0321518 | Train Acc: 99.8694%
[Worker 24] Round 11 | Loss: 0.0529163 | Train Acc: 99.1641%
[Worker 27] Round 11 | Loss: 0.043515 | Train Acc: 99.4775%
[Worker 31] Round 11 | Loss: 0.0285149 | Train Acc: 99.9216%
[Worker 30] Round 11 | Loss: 0.0269624 | Train Acc: 99.8433%
[Worker 28] Round 11 | Loss: 0.0423024 | Train Acc: 99.6604%
[Worker 26] Round 11 | Loss: 0.0374618 | Train Acc: 99.6865%
[Worker 29] Round 11 | Loss: 0.111865 | Train Acc: 97.675%
[Worker 39] Round 11 | Loss: 0.0265115 | Train Acc: 99.8433%
[Worker 41] Round 11 | Loss: 0.0276612 | Train Acc: 99.7649%
[Worker 45] Round 11 | Loss: 0.0321639 | Train Acc: 99.6343%
[Worker 43] Round 11 | Loss: 0.128995 | Train Acc: 96.9958%
[Worker 37] Round 11 | Loss: 0.0315237 | Train Acc: 99.8171%
[Worker 47] Round 11 | Loss: 0.0305521 | Train Acc: 99.5399%
[Worker 38] Round 11 | Loss: 0.0786228 | Train Acc: 98.6677%
[Worker 44] Round 11 | Loss: 0.0331474 | Train Acc: 99.4775%
[Worker 36] Round 11 | Loss: 0.0305832 | Train Acc: 99.8171%
[Worker 46] Round 11 | Loss: 0.0309257 | Train Acc: 99.6865%
[Worker 40] Round 11 | Loss: 0.0266765 | Train Acc: 99.8433%
[Worker 42] Round 11 | Loss: 0.0267302 | Train Acc: 99.7649%
[Central Round] 11 [Global Test Accuracy]: 84.49%
[Worker 11] Round 12 | Loss: 0.030703 | Train Acc: 99.7126%
[Worker 7] Round 12 | Loss: 0.0217549 | Train Acc: 99.9478%
[Worker 5] Round 12 | Loss: 0.0388328 | Train Acc: 99.791%
[Worker 1] Round 12 | Loss: 0.0212923 | Train Acc: 99.8955%
[Worker 9] Round 12 | Loss: 0.0209691 | Train Acc: 99.9478%
[Worker 3] Round 12 | Loss: 0.0247472 | Train Acc: 99.8171%
[Worker 2] Round 12 | Loss: 0.0215353 | Train Acc: 99.9478%
[Worker 8] Round 12 | Loss: 0.0253063 | Train Acc: 99.8171%
[Worker 10] Round 12 | Loss: 0.0691793 | Train Acc: 98.4326%
[Worker 4] Round 12 | Loss: 0.0220466 | Train Acc: 99.8955%
[Worker 6] Round 12 | Loss: 0.021972 | Train Acc: 99.9216%
[Worker 18] Round 12 | Loss: 0.0303832 | Train Acc: 99.7388%
[Worker 22] Round 12 | Loss: 0.0301171 | Train Acc: 99.8433%
[Worker 23] Round 12 | Loss: 0.0285635 | Train Acc: 99.8955%
[Worker 21] Round 12 | Loss: 0.0287156 | Train Acc: 99.8694%
[Worker 19] Round 12 | Loss: 0.0299996 | Train Acc: 99.791%
[Worker 17] Round 12 | Loss: 0.0272435 | Train Acc: 99.8955%
[Worker 14] Round 12 | Loss: 0.0339008 | Train Acc: 99.7649%
[Worker 12] Round 12 | Loss: 0.0322536 | Train Acc: 99.7649%
[Worker 13] Round 12 | Loss: 0.0331318 | Train Acc: 99.7649%
[Worker 15] Round 12 | Loss: 0.131046 | Train Acc: 96.604%
[Worker 35] Round 12 | Loss: 0.0289136 | Train Acc: 99.8433%
[Worker 16] Round 12 | Loss: 0.0331813 | Train Acc: 99.6343%
[Worker 20] Round 12 | Loss: 0.0652092 | Train Acc: 99.2685%
[Worker 33] Round 12 | Loss: 0.0470033 | Train Acc: 99.6081%
[Worker 31] Round 12 | Loss: 0.0278814 | Train Acc: 99.9216%
[Worker 25] Round 12 | Loss: 0.038142 | Train Acc: 99.6604%
[Worker 34] Round 12 | Loss: 0.0273513 | Train Acc: 99.8171%
[Worker 32] Round 12 | Loss: 0.0239467 | Train Acc: 99.9739%
[Worker 27] Round 12 | Loss: 0.0429122 | Train Acc: 99.6081%
[Worker 29] Round 12 | Loss: 0.110231 | Train Acc: 97.8056%
[Worker 28] Round 12 | Loss: 0.0420173 | Train Acc: 99.6343%
[Worker 26] Round 12 | Loss: 0.0372229 | Train Acc: 99.6081%
[Worker 24] Round 12 | Loss: 0.0529049 | Train Acc: 99.0073%
[Worker 30] Round 12 | Loss: 0.0263896 | Train Acc: 99.8955%
[Worker 38] Round 12 | Loss: 0.0776052 | Train Acc: 98.6938%
[Worker 44] Round 12 | Loss: 0.0317506 | Train Acc: 99.6343%
[Worker 40] Round 12 | Loss: 0.0266727 | Train Acc: 99.7126%
[Worker 36] Round 12 | Loss: 0.0304646 | Train Acc: 99.8433%
[Worker 46] Round 12 | Loss: 0.030508 | Train Acc: 99.7388%
[Worker 42] Round 12 | Loss: 0.0266512 | Train Acc: 99.7649%
[Worker 39] Round 12 | Loss: 0.0277917 | Train Acc: 99.791%
[Worker 45] Round 12 | Loss: 0.0327939 | Train Acc: 99.6343%
[Worker 43] Round 12 | Loss: 0.12749 | Train Acc: 96.9436%
[Worker 37] Round 12 | Loss: 0.0312722 | Train Acc: 99.8433%
[Worker 41] Round 12 | Loss: 0.0265658 | Train Acc: 99.7388%
[Worker 47] Round 12 | Loss: 0.0295078 | Train Acc: 99.7699%
[Central Round] 12 [Global Test Accuracy]: 84.83%
[Worker 3] Round 13 | Loss: 0.0238815 | Train Acc: 99.8955%
[Worker 11] Round 13 | Loss: 0.0307277 | Train Acc: 99.7126%
[Worker 7] Round 13 | Loss: 0.0221027 | Train Acc: 99.9478%
[Worker 5] Round 13 | Loss: 0.0372244 | Train Acc: 99.7649%
[Worker 1] Round 13 | Loss: 0.0206622 | Train Acc: 99.8955%
[Worker 9] Round 13 | Loss: 0.021421 | Train Acc: 99.9478%
[Worker 2] Round 13 | Loss: 0.0207862 | Train Acc: 99.9739%
[Worker 8] Round 13 | Loss: 0.0248472 | Train Acc: 99.791%
[Worker 10] Round 13 | Loss: 0.0674727 | Train Acc: 98.5893%
[Worker 6] Round 13 | Loss: 0.0210868 | Train Acc: 99.9739%
[Worker 4] Round 13 | Loss: 0.0208948 | Train Acc: 99.9478%
[Worker 33] Round 13 | Loss: 0.0461249 | Train Acc: 99.5298%
[Worker 35] Round 13 | Loss: 0.0276391 | Train Acc: 99.9216%
[Worker 25] Round 13 | Loss: 0.0370799 | Train Acc: 99.6604%
[Worker 16] Round 13 | Loss: 0.0325455 | Train Acc: 99.7126%
[Worker 27] Round 13 | Loss: 0.0426467 | Train Acc: 99.6081%
[Worker 31] Round 13 | Loss: 0.0272202 | Train Acc: 99.9739%
[Worker 22] Round 13 | Loss: 0.0300549 | Train Acc: 99.7649%
[Worker 20] Round 13 | Loss: 0.0652056 | Train Acc: 99.2424%
[Worker 18] Round 13 | Loss: 0.0296314 | Train Acc: 99.8694%
[Worker 23] Round 13 | Loss: 0.029055 | Train Acc: 99.8171%
[Worker 19] Round 13 | Loss: 0.0293809 | Train Acc: 99.8433%
[Worker 21] Round 13 | Loss: 0.0279471 | Train Acc: 99.9216%
[Worker 17] Round 13 | Loss: 0.0270501 | Train Acc: 99.8171%
[Worker 14] Round 13 | Loss: 0.0321419 | Train Acc: 99.8694%
[Worker 15] Round 13 | Loss: 0.130326 | Train Acc: 96.4734%
[Worker 13] Round 13 | Loss: 0.0334246 | Train Acc: 99.7388%
[Worker 12] Round 13 | Loss: 0.0330017 | Train Acc: 99.7388%
[Worker 34] Round 13 | Loss: 0.0266414 | Train Acc: 99.8171%
[Worker 32] Round 13 | Loss: 0.0240833 | Train Acc: 99.9739%
[Worker 29] Round 13 | Loss: 0.108335 | Train Acc: 97.9363%
[Worker 28] Round 13 | Loss: 0.0404664 | Train Acc: 99.6604%
[Worker 30] Round 13 | Loss: 0.0260659 | Train Acc: 99.8955%
[Worker 26] Round 13 | Loss: 0.0374442 | Train Acc: 99.5559%
[Worker 24] Round 13 | Loss: 0.0520451 | Train Acc: 99.1118%
[Worker 39] Round 13 | Loss: 0.0279331 | Train Acc: 99.6865%
[Worker 44] Round 13 | Loss: 0.0317614 | Train Acc: 99.5298%
[Worker 38] Round 13 | Loss: 0.0765295 | Train Acc: 98.6938%
[Worker 45] Round 13 | Loss: 0.0334855 | Train Acc: 99.4253%
[Worker 36] Round 13 | Loss: 0.0304578 | Train Acc: 99.7388%
[Worker 46] Round 13 | Loss: 0.0305669 | Train Acc: 99.7388%
[Worker 37] Round 13 | Loss: 0.0306433 | Train Acc: 99.8694%
[Worker 41] Round 13 | Loss: 0.026127 | Train Acc: 99.8433%
[Worker 40] Round 13 | Loss: 0.0282211 | Train Acc: 99.7126%
[Worker 43] Round 13 | Loss: 0.12391 | Train Acc: 97.1003%
[Worker 42] Round 13 | Loss: 0.0262115 | Train Acc: 99.9216%
[Worker 47] Round 13 | Loss: 0.0297694 | Train Acc: 99.6421%
[Central Round] 13 [Global Test Accuracy]: 85.21%
[Worker 1] Round 14 | Loss: 0.0206578 | Train Acc: 99.8955%
[Worker 9] Round 14 | Loss: 0.021104 | Train Acc: 99.9216%
[Worker 3] Round 14 | Loss: 0.0232642 | Train Acc: 99.9216%
[Worker 7] Round 14 | Loss: 0.0213267 | Train Acc: 99.9216%
[Worker 5] Round 14 | Loss: 0.0371652 | Train Acc: 99.7649%
[Worker 11] Round 14 | Loss: 0.0306256 | Train Acc: 99.6865%
[Worker 2] Round 14 | Loss: 0.0211477 | Train Acc: 99.9478%
[Worker 10] Round 14 | Loss: 0.0664508 | Train Acc: 98.6416%
[Worker 6] Round 14 | Loss: 0.0212902 | Train Acc: 99.9739%
[Worker 4] Round 14 | Loss: 0.021548 | Train Acc: 99.8694%
[Worker 8] Round 14 | Loss: 0.0246608 | Train Acc: 99.7126%
[Worker 33] Round 14 | Loss: 0.0451136 | Train Acc: 99.5559%
[Worker 17] Round 14 | Loss: 0.0274617 | Train Acc: 99.8694%
[Worker 16] Round 14 | Loss: 0.0328344 | Train Acc: 99.7126%
[Worker 23] Round 14 | Loss: 0.0282927 | Train Acc: 99.8694%
[Worker 20] Round 14 | Loss: 0.0654502 | Train Acc: 99.1641%
[Worker 18] Round 14 | Loss: 0.0299593 | Train Acc: 99.8955%
[Worker 19] Round 14 | Loss: 0.0303281 | Train Acc: 99.8171%
[Worker 22] Round 14 | Loss: 0.0299111 | Train Acc: 99.7649%
[Worker 21] Round 14 | Loss: 0.0280952 | Train Acc: 99.8694%
[Worker 13] Round 14 | Loss: 0.0341318 | Train Acc: 99.6865%
[Worker 15] Round 14 | Loss: 0.129516 | Train Acc: 96.7868%
[Worker 14] Round 14 | Loss: 0.0327557 | Train Acc: 99.8171%
[Worker 12] Round 14 | Loss: 0.0322457 | Train Acc: 99.7388%
[Worker 35] Round 14 | Loss: 0.027801 | Train Acc: 99.8433%
[Worker 27] Round 14 | Loss: 0.0430166 | Train Acc: 99.5298%
[Worker 34] Round 14 | Loss: 0.0269062 | Train Acc: 99.8171%
[Worker 32] Round 14 | Loss: 0.0234591 | Train Acc: 100%
[Worker 31] Round 14 | Loss: 0.0277581 | Train Acc: 99.8694%
[Worker 25] Round 14 | Loss: 0.0379141 | Train Acc: 99.5559%
[Worker 29] Round 14 | Loss: 0.108552 | Train Acc: 97.7011%
[Worker 28] Round 14 | Loss: 0.041543 | Train Acc: 99.5298%
[Worker 30] Round 14 | Loss: 0.0260263 | Train Acc: 99.8171%
[Worker 24] Round 14 | Loss: 0.0509543 | Train Acc: 99.2424%
[Worker 26] Round 14 | Loss: 0.0362512 | Train Acc: 99.791%
[Worker 39] Round 14 | Loss: 0.0269543 | Train Acc: 99.791%
[Worker 44] Round 14 | Loss: 0.0333395 | Train Acc: 99.4775%
[Worker 38] Round 14 | Loss: 0.074181 | Train Acc: 98.7722%
[Worker 45] Round 14 | Loss: 0.0320255 | Train Acc: 99.582%
[Worker 41] Round 14 | Loss: 0.0266967 | Train Acc: 99.7649%
[Worker 40] Round 14 | Loss: 0.0270969 | Train Acc: 99.791%
[Worker 43] Round 14 | Loss: 0.125345 | Train Acc: 96.9174%
[Worker 36] Round 14 | Loss: 0.029425 | Train Acc: 99.8955%
[Worker 46] Round 14 | Loss: 0.0316086 | Train Acc: 99.6081%
[Worker 37] Round 14 | Loss: 0.031077 | Train Acc: 99.791%
[Worker 42] Round 14 | Loss: 0.0274232 | Train Acc: 99.7649%
[Worker 47] Round 14 | Loss: 0.0281025 | Train Acc: 99.8466%
[Central Round] 14 [Global Test Accuracy]: 85.58%
[Worker 1] Round 15 | Loss: 0.0202966 | Train Acc: 99.8955%
[Worker 3] Round 15 | Loss: 0.0233437 | Train Acc: 99.8955%
[Worker 7] Round 15 | Loss: 0.0210917 | Train Acc: 99.8694%
[Worker 11] Round 15 | Loss: 0.0313893 | Train Acc: 99.7388%
[Worker 9] Round 15 | Loss: 0.0202856 | Train Acc: 99.9739%
[Worker 5] Round 15 | Loss: 0.0367082 | Train Acc: 99.7649%
[Worker 2] Round 15 | Loss: 0.0211091 | Train Acc: 99.9216%
[Worker 10] Round 15 | Loss: 0.0663581 | Train Acc: 98.511%
[Worker 8] Round 15 | Loss: 0.0247991 | Train Acc: 99.7126%
[Worker 6] Round 15 | Loss: 0.0212667 | Train Acc: 99.9478%
[Worker 4] Round 15 | Loss: 0.0219764 | Train Acc: 99.8955%
[Worker 33] Round 15 | Loss: 0.0438665 | Train Acc: 99.7126%
[Worker 35] Round 15 | Loss: 0.0284357 | Train Acc: 99.8171%
[Worker 31] Round 15 | Loss: 0.0275717 | Train Acc: 99.9216%
[Worker 16] Round 15 | Loss: 0.033632 | Train Acc: 99.6081%
[Worker 23] Round 15 | Loss: 0.0277413 | Train Acc: 99.9216%
[Worker 20] Round 15 | Loss: 0.0639458 | Train Acc: 99.1641%
[Worker 18] Round 15 | Loss: 0.0304847 | Train Acc: 99.7126%
[Worker 19] Round 15 | Loss: 0.0296929 | Train Acc: 99.8171%
[Worker 22] Round 15 | Loss: 0.0305508 | Train Acc: 99.8433%
[Worker 21] Round 15 | Loss: 0.0285001 | Train Acc: 99.8171%
[Worker 14] Round 15 | Loss: 0.034499 | Train Acc: 99.6081%
[Worker 15] Round 15 | Loss: 0.127508 | Train Acc: 96.5517%
[Worker 12] Round 15 | Loss: 0.032973 | Train Acc: 99.6604%
[Worker 17] Round 15 | Loss: 0.0279403 | Train Acc: 99.791%
[Worker 13] Round 15 | Loss: 0.033601 | Train Acc: 99.7126%
[Worker 25] Round 15 | Loss: 0.0369978 | Train Acc: 99.6081%
[Worker 27] Round 15 | Loss: 0.0412567 | Train Acc: 99.6604%
[Worker 34] Round 15 | Loss: 0.0264714 | Train Acc: 99.8171%
[Worker 32] Round 15 | Loss: 0.0236436 | Train Acc: 99.9478%
[Worker 29] Round 15 | Loss: 0.106716 | Train Acc: 97.7011%
[Worker 24] Round 15 | Loss: 0.049758 | Train Acc: 99.3208%
[Worker 28] Round 15 | Loss: 0.0406816 | Train Acc: 99.6343%
[Worker 30] Round 15 | Loss: 0.0260507 | Train Acc: 99.8433%
[Worker 26] Round 15 | Loss: 0.0361978 | Train Acc: 99.582%
[Worker 39] Round 15 | Loss: 0.0261539 | Train Acc: 99.8694%
[Worker 44] Round 15 | Loss: 0.0333659 | Train Acc: 99.5298%
[Worker 38] Round 15 | Loss: 0.0733964 | Train Acc: 98.72%
[Worker 36] Round 15 | Loss: 0.0298987 | Train Acc: 99.8433%
[Worker 43] Round 15 | Loss: 0.121871 | Train Acc: 97.1787%
[Worker 46] Round 15 | Loss: 0.0306281 | Train Acc: 99.8171%
[Worker 45] Round 15 | Loss: 0.0307178 | Train Acc: 99.6604%
[Worker 41] Round 15 | Loss: 0.0272505 | Train Acc: 99.7388%
[Worker 40] Round 15 | Loss: 0.0266027 | Train Acc: 99.8171%
[Worker 37] Round 15 | Loss: 0.0302982 | Train Acc: 99.8171%
[Worker 42] Round 15 | Loss: 0.0266698 | Train Acc: 99.6604%
[Worker 47] Round 15 | Loss: 0.0285026 | Train Acc: 99.7188%
[Central Round] 15 [Global Test Accuracy]: 86%
[Worker 9] Round 16 | Loss: 0.0203068 | Train Acc: 99.9478%
[Worker 1] Round 16 | Loss: 0.0201623 | Train Acc: 99.8694%
[Worker 3] Round 16 | Loss: 0.0229391 | Train Acc: 99.8694%
[Worker 7] Round 16 | Loss: 0.0210331 | Train Acc: 99.9478%
[Worker 5] Round 16 | Loss: 0.0361524 | Train Acc: 99.6865%
[Worker 11] Round 16 | Loss: 0.0309888 | Train Acc: 99.6604%
[Worker 2] Round 16 | Loss: 0.020694 | Train Acc: 99.9216%
[Worker 10] Round 16 | Loss: 0.0656989 | Train Acc: 98.5632%
[Worker 6] Round 16 | Loss: 0.0211933 | Train Acc: 99.8955%
[Worker 4] Round 16 | Loss: 0.0210523 | Train Acc: 99.8955%
[Worker 8] Round 16 | Loss: 0.0246325 | Train Acc: 99.7126%
[Worker 22] Round 16 | Loss: 0.0301991 | Train Acc: 99.7388%
[Worker 18] Round 16 | Loss: 0.0295997 | Train Acc: 99.7649%
[Worker 20] Round 16 | Loss: 0.0628823 | Train Acc: 99.1379%
[Worker 16] Round 16 | Loss: 0.0340521 | Train Acc: 99.6343%
[Worker 14] Round 16 | Loss: 0.0330961 | Train Acc: 99.7388%
[Worker 12] Round 16 | Loss: 0.0331255 | Train Acc: 99.7388%
[Worker 17] Round 16 | Loss: 0.0280511 | Train Acc: 99.791%
[Worker 13] Round 16 | Loss: 0.033958 | Train Acc: 99.5298%
[Worker 19] Round 16 | Loss: 0.030581 | Train Acc: 99.6604%
[Worker 34] Round 16 | Loss: 0.0275764 | Train Acc: 99.8433%
[Worker 21] Round 16 | Loss: 0.0287966 | Train Acc: 99.6865%
[Worker 23] Round 16 | Loss: 0.0278418 | Train Acc: 99.8955%
[Worker 35] Round 16 | Loss: 0.0275507 | Train Acc: 99.8694%
[Worker 32] Round 16 | Loss: 0.0230761 | Train Acc: 99.9478%
[Worker 15] Round 16 | Loss: 0.127304 | Train Acc: 96.5517%
[Worker 33] Round 16 | Loss: 0.0442101 | Train Acc: 99.6081%
[Worker 25] Round 16 | Loss: 0.0367784 | Train Acc: 99.6865%
[Worker 27] Round 16 | Loss: 0.0414689 | Train Acc: 99.7388%
[Worker 30] Round 16 | Loss: 0.0256371 | Train Acc: 99.8955%
[Worker 26] Round 16 | Loss: 0.0360577 | Train Acc: 99.6604%
[Worker 24] Round 16 | Loss: 0.0492097 | Train Acc: 99.3208%
[Worker 28] Round 16 | Loss: 0.0407126 | Train Acc: 99.5298%
[Worker 29] Round 16 | Loss: 0.10541 | Train Acc: 97.8579%
[Worker 31] Round 16 | Loss: 0.0284344 | Train Acc: 99.8694%
[Worker 41] Round 16 | Loss: 0.0263583 | Train Acc: 99.791%
[Worker 36] Round 16 | Loss: 0.0305817 | Train Acc: 99.7126%
[Worker 38] Round 16 | Loss: 0.0729067 | Train Acc: 98.7983%
[Worker 39] Round 16 | Loss: 0.0268829 | Train Acc: 99.8171%
[Worker 44] Round 16 | Loss: 0.0331335 | Train Acc: 99.4775%
[Worker 43] Round 16 | Loss: 0.120983 | Train Acc: 96.9958%
[Worker 37] Round 16 | Loss: 0.0306415 | Train Acc: 99.7388%
[Worker 46] Round 16 | Loss: 0.0308234 | Train Acc: 99.6343%
[Worker 45] Round 16 | Loss: 0.0306999 | Train Acc: 99.6865%
[Worker 40] Round 16 | Loss: 0.0270704 | Train Acc: 99.6604%
[Worker 42] Round 16 | Loss: 0.0256838 | Train Acc: 99.8433%
[Worker 47] Round 16 | Loss: 0.0284393 | Train Acc: 99.8211%
[Central Round] 16 [Global Test Accuracy]: 86.23%
[Worker 3] Round 17 | Loss: 0.0230074 | Train Acc: 99.8955%
[Worker 7] Round 17 | Loss: 0.0205877 | Train Acc: 99.9739%
[Worker 5] Round 17 | Loss: 0.0357284 | Train Acc: 99.7649%
[Worker 9] Round 17 | Loss: 0.0200881 | Train Acc: 99.9478%
[Worker 11] Round 17 | Loss: 0.0318527 | Train Acc: 99.5559%
[Worker 1] Round 17 | Loss: 0.0200922 | Train Acc: 99.8955%
[Worker 2] Round 17 | Loss: 0.0201795 | Train Acc: 99.9478%
[Worker 4] Round 17 | Loss: 0.0209432 | Train Acc: 99.8433%
[Worker 10] Round 17 | Loss: 0.0650758 | Train Acc: 98.5371%
[Worker 6] Round 17 | Loss: 0.0205874 | Train Acc: 99.9478%
[Worker 8] Round 17 | Loss: 0.0241581 | Train Acc: 99.7388%
[Worker 33] Round 17 | Loss: 0.0429151 | Train Acc: 99.6343%
[Worker 35] Round 17 | Loss: 0.0278777 | Train Acc: 99.7388%
[Worker 25] Round 17 | Loss: 0.0363561 | Train Acc: 99.7126%
[Worker 18] Round 17 | Loss: 0.0303019 | Train Acc: 99.7649%
[Worker 22] Round 17 | Loss: 0.0300538 | Train Acc: 99.6343%
[Worker 19] Round 17 | Loss: 0.0295084 | Train Acc: 99.7649%
[Worker 23] Round 17 | Loss: 0.0265794 | Train Acc: 99.9478%
[Worker 16] Round 17 | Loss: 0.0335937 | Train Acc: 99.6604%
[Worker 20] Round 17 | Loss: 0.0620166 | Train Acc: 99.1641%
[Worker 21] Round 17 | Loss: 0.0279928 | Train Acc: 99.8171%
[Worker 17] Round 17 | Loss: 0.0276496 | Train Acc: 99.8694%
[Worker 14] Round 17 | Loss: 0.033131 | Train Acc: 99.6343%
[Worker 13] Round 17 | Loss: 0.0329721 | Train Acc: 99.791%
[Worker 15] Round 17 | Loss: 0.126618 | Train Acc: 96.6301%
[Worker 12] Round 17 | Loss: 0.0327101 | Train Acc: 99.7126%
[Worker 27] Round 17 | Loss: 0.0410417 | Train Acc: 99.5298%
[Worker 31] Round 17 | Loss: 0.0263901 | Train Acc: 99.8955%
[Worker 34] Round 17 | Loss: 0.0260575 | Train Acc: 99.8955%
[Worker 29] Round 17 | Loss: 0.105794 | Train Acc: 97.675%
[Worker 32] Round 17 | Loss: 0.0231134 | Train Acc: 99.9216%
[Worker 24] Round 17 | Loss: 0.0485967 | Train Acc: 99.3208%
[Worker 26] Round 17 | Loss: 0.0363694 | Train Acc: 99.6865%
[Worker 30] Round 17 | Loss: 0.0254759 | Train Acc: 99.8171%
[Worker 28] Round 17 | Loss: 0.0402717 | Train Acc: 99.7126%
[Worker 44] Round 17 | Loss: 0.0316804 | Train Acc: 99.6865%
[Worker 38] Round 17 | Loss: 0.0712004 | Train Acc: 98.7983%
[Worker 45] Round 17 | Loss: 0.0310747 | Train Acc: 99.6343%
[Worker 41] Round 17 | Loss: 0.0272079 | Train Acc: 99.7649%
[Worker 36] Round 17 | Loss: 0.03061 | Train Acc: 99.6604%
[Worker 43] Round 17 | Loss: 0.119213 | Train Acc: 97.2048%
[Worker 40] Round 17 | Loss: 0.027177 | Train Acc: 99.7649%
[Worker 37] Round 17 | Loss: 0.03052 | Train Acc: 99.6865%
[Worker 46] Round 17 | Loss: 0.0306012 | Train Acc: 99.6865%
[Worker 39] Round 17 | Loss: 0.0264139 | Train Acc: 99.8171%
[Worker 42] Round 17 | Loss: 0.0259632 | Train Acc: 99.791%
[Worker 47] Round 17 | Loss: 0.0286571 | Train Acc: 99.6421%
[Central Round] 17 [Global Test Accuracy]: 86.38%
[Worker 1] Round 18 | Loss: 0.0201796 | Train Acc: 99.8955%
[Worker 3] Round 18 | Loss: 0.0237968 | Train Acc: 99.791%
[Worker 7] Round 18 | Loss: 0.0206429 | Train Acc: 99.9216%
[Worker 5] Round 18 | Loss: 0.035569 | Train Acc: 99.6865%
[Worker 11] Round 18 | Loss: 0.0328371 | Train Acc: 99.6081%
[Worker 9] Round 18 | Loss: 0.0203333 | Train Acc: 99.9478%
[Worker 2] Round 18 | Loss: 0.0206732 | Train Acc: 99.9216%
[Worker 4] Round 18 | Loss: 0.0206359 | Train Acc: 99.9216%
[Worker 8] Round 18 | Loss: 0.0251832 | Train Acc: 99.7126%
[Worker 10] Round 18 | Loss: 0.0646426 | Train Acc: 98.5371%
[Worker 6] Round 18 | Loss: 0.0207485 | Train Acc: 99.9216%
[Worker 35] Round 18 | Loss: 0.0280392 | Train Acc: 99.7388%
[Worker 33] Round 18 | Loss: 0.0430784 | Train Acc: 99.5298%
[Worker 25] Round 18 | Loss: 0.0363365 | Train Acc: 99.6604%
[Worker 16] Round 18 | Loss: 0.0339552 | Train Acc: 99.6081%
[Worker 20] Round 18 | Loss: 0.0618164 | Train Acc: 99.1118%
[Worker 18] Round 18 | Loss: 0.0308173 | Train Acc: 99.791%
[Worker 22] Round 18 | Loss: 0.0298743 | Train Acc: 99.6865%
[Worker 17] Round 18 | Loss: 0.0271381 | Train Acc: 99.8433%
[Worker 19] Round 18 | Loss: 0.0306661 | Train Acc: 99.6343%
[Worker 23] Round 18 | Loss: 0.0266836 | Train Acc: 99.8955%
[Worker 21] Round 18 | Loss: 0.0282057 | Train Acc: 99.8433%
[Worker 14] Round 18 | Loss: 0.0349604 | Train Acc: 99.5037%
[Worker 13] Round 18 | Loss: 0.0331787 | Train Acc: 99.7126%
[Worker 15] Round 18 | Loss: 0.124829 | Train Acc: 96.5517%
[Worker 12] Round 18 | Loss: 0.033259 | Train Acc: 99.6865%
[Worker 27] Round 18 | Loss: 0.041673 | Train Acc: 99.582%
[Worker 31] Round 18 | Loss: 0.0276567 | Train Acc: 99.8433%
[Worker 34] Round 18 | Loss: 0.0269373 | Train Acc: 99.7649%
[Worker 32] Round 18 | Loss: 0.022482 | Train Acc: 99.9478%
[Worker 29] Round 18 | Loss: 0.105396 | Train Acc: 97.6489%
[Worker 24] Round 18 | Loss: 0.0480112 | Train Acc: 99.3208%
[Worker 30] Round 18 | Loss: 0.0252326 | Train Acc: 99.8955%
[Worker 28] Round 18 | Loss: 0.040235 | Train Acc: 99.5559%
[Worker 26] Round 18 | Loss: 0.0359348 | Train Acc: 99.6604%
[Worker 41] Round 18 | Loss: 0.0264309 | Train Acc: 99.8171%
[Worker 36] Round 18 | Loss: 0.0303729 | Train Acc: 99.7126%
[Worker 43] Round 18 | Loss: 0.118162 | Train Acc: 97.2048%
[Worker 44] Round 18 | Loss: 0.0318756 | Train Acc: 99.6081%
[Worker 40] Round 18 | Loss: 0.026961 | Train Acc: 99.6604%
[Worker 37] Round 18 | Loss: 0.0302337 | Train Acc: 99.7388%
[Worker 46] Round 18 | Loss: 0.0302173 | Train Acc: 99.7649%
[Worker 39] Round 18 | Loss: 0.0276289 | Train Acc: 99.7126%
[Worker 38] Round 18 | Loss: 0.0712938 | Train Acc: 98.7722%
[Worker 45] Round 18 | Loss: 0.0306675 | Train Acc: 99.6343%
[Worker 42] Round 18 | Loss: 0.0258198 | Train Acc: 99.9216%
[Worker 47] Round 18 | Loss: 0.0280006 | Train Acc: 99.7444%
[Central Round] 18 [Global Test Accuracy]: 86.57%
[Worker 5] Round 19 | Loss: 0.0351153 | Train Acc: 99.7649%
[Worker 9] Round 19 | Loss: 0.0200194 | Train Acc: 99.9216%
[Worker 1] Round 19 | Loss: 0.0203137 | Train Acc: 99.8433%
[Worker 3] Round 19 | Loss: 0.0228438 | Train Acc: 99.8955%
[Worker 7] Round 19 | Loss: 0.0211046 | Train Acc: 99.8694%
[Worker 11] Round 19 | Loss: 0.0322143 | Train Acc: 99.5037%
[Worker 2] Round 19 | Loss: 0.0212302 | Train Acc: 99.8694%
[Worker 10] Round 19 | Loss: 0.0632069 | Train Acc: 98.6938%
[Worker 6] Round 19 | Loss: 0.0209302 | Train Acc: 99.8694%
[Worker 4] Round 19 | Loss: 0.0199038 | Train Acc: 99.8955%
[Worker 8] Round 19 | Loss: 0.0251485 | Train Acc: 99.6081%
[Worker 33] Round 19 | Loss: 0.0423575 | Train Acc: 99.582%
[Worker 35] Round 19 | Loss: 0.026784 | Train Acc: 99.8694%
[Worker 27] Round 19 | Loss: 0.0414969 | Train Acc: 99.5559%
[Worker 20] Round 19 | Loss: 0.05997 | Train Acc: 99.2685%
[Worker 18] Round 19 | Loss: 0.0309928 | Train Acc: 99.5559%
[Worker 16] Round 19 | Loss: 0.0327505 | Train Acc: 99.5559%
[Worker 21] Round 19 | Loss: 0.0273071 | Train Acc: 99.7388%
[Worker 22] Round 19 | Loss: 0.0301803 | Train Acc: 99.7126%
[Worker 17] Round 19 | Loss: 0.0277256 | Train Acc: 99.8955%
[Worker 19] Round 19 | Loss: 0.0292104 | Train Acc: 99.7126%
[Worker 23] Round 19 | Loss: 0.0274256 | Train Acc: 99.8433%
[Worker 13] Round 19 | Loss: 0.0340449 | Train Acc: 99.6343%
[Worker 14] Round 19 | Loss: 0.0336272 | Train Acc: 99.6081%
[Worker 15] Round 19 | Loss: 0.124299 | Train Acc: 96.7868%
[Worker 12] Round 19 | Loss: 0.0322512 | Train Acc: 99.7649%
[Worker 25] Round 19 | Loss: 0.0361477 | Train Acc: 99.6343%
[Worker 31] Round 19 | Loss: 0.026879 | Train Acc: 99.8694%
[Worker 34] Round 19 | Loss: 0.0262517 | Train Acc: 99.791%
[Worker 32] Round 19 | Loss: 0.0225026 | Train Acc: 99.8955%
[Worker 29] Round 19 | Loss: 0.104401 | Train Acc: 97.5967%
[Worker 24] Round 19 | Loss: 0.0480203 | Train Acc: 99.3992%
[Worker 26] Round 19 | Loss: 0.0356858 | Train Acc: 99.6081%
[Worker 30] Round 19 | Loss: 0.0251821 | Train Acc: 99.8694%
[Worker 28] Round 19 | Loss: 0.038796 | Train Acc: 99.7388%
[Worker 39] Round 19 | Loss: 0.0283358 | Train Acc: 99.6343%
[Worker 38] Round 19 | Loss: 0.0697064 | Train Acc: 98.9028%
[Worker 45] Round 19 | Loss: 0.0301182 | Train Acc: 99.6604%
[Worker 41] Round 19 | Loss: 0.0257263 | Train Acc: 99.791%
[Worker 36] Round 19 | Loss: 0.0305014 | Train Acc: 99.6865%
[Worker 43] Round 19 | Loss: 0.117632 | Train Acc: 97.257%
[Worker 44] Round 19 | Loss: 0.0319104 | Train Acc: 99.6604%
[Worker 40] Round 19 | Loss: 0.0270053 | Train Acc: 99.7388%
[Worker 37] Round 19 | Loss: 0.0293281 | Train Acc: 99.791%
[Worker 46] Round 19 | Loss: 0.029763 | Train Acc: 99.6081%
[Worker 42] Round 19 | Loss: 0.0277663 | Train Acc: 99.582%
[Worker 47] Round 19 | Loss: 0.0282709 | Train Acc: 99.6933%
[Central Round] 19 [Global Test Accuracy]: 86.74%
[Worker 5] Round 20 | Loss: 0.034562 | Train Acc: 99.7388%
[Worker 9] Round 20 | Loss: 0.0200715 | Train Acc: 99.9216%
[Worker 1] Round 20 | Loss: 0.019729 | Train Acc: 99.8694%
[Worker 3] Round 20 | Loss: 0.0229954 | Train Acc: 99.7388%
[Worker 11] Round 20 | Loss: 0.0303907 | Train Acc: 99.791%
[Worker 7] Round 20 | Loss: 0.0207462 | Train Acc: 99.8433%
[Worker 19] Round 20 | Loss: 0.0294155 | Train Acc: 99.7126%
[Worker 16] Round 20 | Loss: 0.0328671 | Train Acc: 99.6604%
[Worker 2] Round 20 | Loss: 0.0204566 | Train Acc: 99.9216%
[Worker 23] Round 20 | Loss: 0.0260605 | Train Acc: 99.8694%
[Worker 10] Round 20 | Loss: 0.0631727 | Train Acc: 98.5632%
[Worker 4] Round 20 | Loss: 0.0203904 | Train Acc: 99.9216%
[Worker 20] Round 20 | Loss: 0.0591959 | Train Acc: 99.2947%
[Worker 6] Round 20 | Loss: 0.0213592 | Train Acc: 99.8694%
[Worker 17] Round 20 | Loss: 0.0283607 | Train Acc: 99.7388%
[Worker 21] Round 20 | Loss: 0.0280388 | Train Acc: 99.7649%
[Worker 8] Round 20 | Loss: 0.024834 | Train Acc: 99.6604%
[Worker 35] Round 20 | Loss: 0.0264851 | Train Acc: 99.8694%
[Worker 13] Round 20 | Loss: 0.0338819 | Train Acc: 99.6343%
[Worker 15] Round 20 | Loss: 0.123457 | Train Acc: 96.7346%
[Worker 33] Round 20 | Loss: 0.0429392 | Train Acc: 99.5037%
[Worker 25] Round 20 | Loss: 0.0351981 | Train Acc: 99.7388%
[Worker 27] Round 20 | Loss: 0.0397863 | Train Acc: 99.7126%
[Worker 31] Round 20 | Loss: 0.0273582 | Train Acc: 99.8433%
[Worker 32] Round 20 | Loss: 0.0232069 | Train Acc: 99.9216%
[Worker 29] Round 20 | Loss: 0.103455 | Train Acc: 97.7534%
[Worker 34] Round 20 | Loss: 0.0265297 | Train Acc: 99.791%
[Worker 24] Round 20 | Loss: 0.046908 | Train Acc: 99.4775%
[Worker 22] Round 20 | Loss: 0.0295704 | Train Acc: 99.7649%
[Worker 18] Round 20 | Loss: 0.0296819 | Train Acc: 99.8694%
[Worker 14] Round 20 | Loss: 0.0337404 | Train Acc: 99.6604%
[Worker 12] Round 20 | Loss: 0.0323545 | Train Acc: 99.7126%
[Worker 28] Round 20 | Loss: 0.0403282 | Train Acc: 99.5559%
[Worker 26] Round 20 | Loss: 0.0356751 | Train Acc: 99.582%
[Worker 30] Round 20 | Loss: 0.0253835 | Train Acc: 99.7388%
[Worker 39] Round 20 | Loss: 0.025919 | Train Acc: 99.791%
[Worker 38] Round 20 | Loss: 0.0687098 | Train Acc: 98.8767%
[Worker 45] Round 20 | Loss: 0.030652 | Train Acc: 99.6081%
[Worker 41] Round 20 | Loss: 0.026681 | Train Acc: 99.791%
[Worker 36] Round 20 | Loss: 0.0303756 | Train Acc: 99.7649%
[Worker 43] Round 20 | Loss: 0.115248 | Train Acc: 97.3093%
[Worker 44] Round 20 | Loss: 0.03154 | Train Acc: 99.5559%
[Worker 37] Round 20 | Loss: 0.0302219 | Train Acc: 99.7388%
[Worker 46] Round 20 | Loss: 0.0298358 | Train Acc: 99.6865%
[Worker 42] Round 20 | Loss: 0.0264945 | Train Acc: 99.791%
[Worker 40] Round 20 | Loss: 0.027012 | Train Acc: 99.6604%
[Worker 47] Round 20 | Loss: 0.0284582 | Train Acc: 99.8211%
[Central Round] 20 [Global Test Accuracy]: 86.9%
[Worker 3] Round 21 | Loss: 0.0229098 | Train Acc: 99.791%
[Worker 5] Round 21 | Loss: 0.0343135 | Train Acc: 99.6604%
[Worker 9] Round 21 | Loss: 0.020055 | Train Acc: 99.9216%
[Worker 7] Round 21 | Loss: 0.0208216 | Train Acc: 99.9216%
[Worker 1] Round 21 | Loss: 0.0195442 | Train Acc: 99.8433%
[Worker 11] Round 21 | Loss: 0.0306702 | Train Acc: 99.6865%
[Worker 6] Round 21 | Loss: 0.0207815 | Train Acc: 99.8433%
[Worker 2] Round 21 | Loss: 0.0201161 | Train Acc: 99.9739%
[Worker 10] Round 21 | Loss: 0.0626585 | Train Acc: 98.6416%
[Worker 4] Round 21 | Loss: 0.0204996 | Train Acc: 99.8433%
[Worker 8] Round 21 | Loss: 0.025002 | Train Acc: 99.6343%
[Worker 18] Round 21 | Loss: 0.0299405 | Train Acc: 99.791%
[Worker 22] Round 21 | Loss: 0.0294867 | Train Acc: 99.7126%
[Worker 23] Round 21 | Loss: 0.0267262 | Train Acc: 99.8955%
[Worker 17] Round 21 | Loss: 0.0284395 | Train Acc: 99.6604%
[Worker 21] Round 21 | Loss: 0.0284165 | Train Acc: 99.7126%
[Worker 19] Round 21 | Loss: 0.0302704 | Train Acc: 99.6865%
[Worker 14] Round 21 | Loss: 0.0341586 | Train Acc: 99.5559%
[Worker 12] Round 21 | Loss: 0.0336285 | Train Acc: 99.582%
[Worker 15] Round 21 | Loss: 0.121868 | Train Acc: 96.7346%
[Worker 13] Round 21 | Loss: 0.0332218 | Train Acc: 99.582%
[Worker 20] Round 21 | Loss: 0.0597363 | Train Acc: 99.1118%
[Worker 16] Round 21 | Loss: 0.0329803 | Train Acc: 99.5559%
[Worker 33] Round 21 | Loss: 0.0414267 | Train Acc: 99.582%
[Worker 35] Round 21 | Loss: 0.0266962 | Train Acc: 99.8433%
[Worker 31] Round 21 | Loss: 0.0274245 | Train Acc: 99.8171%
[Worker 25] Round 21 | Loss: 0.0351865 | Train Acc: 99.791%
[Worker 27] Round 21 | Loss: 0.0393362 | Train Acc: 99.6604%
[Worker 32] Round 21 | Loss: 0.0226237 | Train Acc: 99.8694%
[Worker 34] Round 21 | Loss: 0.0264756 | Train Acc: 99.791%
[Worker 29] Round 21 | Loss: 0.103877 | Train Acc: 97.6228%
[Worker 24] Round 21 | Loss: 0.0475616 | Train Acc: 99.2947%
[Worker 28] Round 21 | Loss: 0.0398804 | Train Acc: 99.582%
[Worker 30] Round 21 | Loss: 0.0249313 | Train Acc: 99.8433%
[Worker 26] Round 21 | Loss: 0.0351114 | Train Acc: 99.5298%
[Worker 40] Round 21 | Loss: 0.0271942 | Train Acc: 99.7126%
[Worker 38] Round 21 | Loss: 0.0682214 | Train Acc: 99.0334%
[Worker 44] Round 21 | Loss: 0.0314409 | Train Acc: 99.5298%
[Worker 36] Round 21 | Loss: 0.0300474 | Train Acc: 99.6604%
[Worker 42] Round 21 | Loss: 0.0269205 | Train Acc: 99.6865%
[Worker 46] Round 21 | Loss: 0.0284221 | Train Acc: 99.791%
[Worker 39] Round 21 | Loss: 0.0273631 | Train Acc: 99.7388%
[Worker 37] Round 21 | Loss: 0.030609 | Train Acc: 99.8171%
[Worker 45] Round 21 | Loss: 0.0298584 | Train Acc: 99.6865%
[Worker 41] Round 21 | Loss: 0.0260057 | Train Acc: 99.8433%
[Worker 43] Round 21 | Loss: 0.114511 | Train Acc: 97.2309%
[Worker 47] Round 21 | Loss: 0.0287326 | Train Acc: 99.6421%
[Central Round] 21 [Global Test Accuracy]: 87.15%
[Worker 3] Round 22 | Loss: 0.0228337 | Train Acc: 99.8433%
[Worker 5] Round 22 | Loss: 0.0341624 | Train Acc: 99.7126%
[Worker 9] Round 22 | Loss: 0.0208429 | Train Acc: 99.8433%
[Worker 7] Round 22 | Loss: 0.0203569 | Train Acc: 99.8694%
[Worker 1] Round 22 | Loss: 0.019512 | Train Acc: 99.8955%
[Worker 11] Round 22 | Loss: 0.0320951 | Train Acc: 99.6081%
[Worker 6] Round 22 | Loss: 0.020791 | Train Acc: 99.9216%
[Worker 4] Round 22 | Loss: 0.0202191 | Train Acc: 99.9478%
[Worker 8] Round 22 | Loss: 0.025234 | Train Acc: 99.6343%
[Worker 10] Round 22 | Loss: 0.0624639 | Train Acc: 98.5371%
[Worker 2] Round 22 | Loss: 0.019785 | Train Acc: 99.9739%
[Worker 33] Round 22 | Loss: 0.0407913 | Train Acc: 99.5559%
[Worker 18] Round 22 | Loss: 0.0309965 | Train Acc: 99.6343%
[Worker 35] Round 22 | Loss: 0.0262259 | Train Acc: 99.8955%
[Worker 20] Round 22 | Loss: 0.0591884 | Train Acc: 99.2424%
[Worker 34] Round 22 | Loss: 0.0270494 | Train Acc: 99.6865%
[Worker 16] Round 22 | Loss: 0.0324561 | Train Acc: 99.6865%
[Worker 22] Round 22 | Loss: 0.030614 | Train Acc: 99.7388%
[Worker 21] Round 22 | Loss: 0.0274358 | Train Acc: 99.7388%
[Worker 23] Round 22 | Loss: 0.0262466 | Train Acc: 99.8171%
[Worker 19] Round 22 | Loss: 0.0304954 | Train Acc: 99.6604%
[Worker 17] Round 22 | Loss: 0.0275866 | Train Acc: 99.7649%
[Worker 14] Round 22 | Loss: 0.0339522 | Train Acc: 99.582%
[Worker 15] Round 22 | Loss: 0.122527 | Train Acc: 96.8391%
[Worker 12] Round 22 | Loss: 0.0335 | Train Acc: 99.5298%
[Worker 13] Round 22 | Loss: 0.0327984 | Train Acc: 99.6865%
[Worker 32] Round 22 | Loss: 0.0221655 | Train Acc: 99.8955%
[Worker 25] Round 22 | Loss: 0.0358054 | Train Acc: 99.7388%
[Worker 27] Round 22 | Loss: 0.0392304 | Train Acc: 99.8433%
[Worker 31] Round 22 | Loss: 0.0271249 | Train Acc: 99.8433%
[Worker 24] Round 22 | Loss: 0.0459482 | Train Acc: 99.4514%
[Worker 30] Round 22 | Loss: 0.0244618 | Train Acc: 99.8694%
[Worker 28] Round 22 | Loss: 0.0387536 | Train Acc: 99.6343%
[Worker 26] Round 22 | Loss: 0.0359209 | Train Acc: 99.6604%
[Worker 29] Round 22 | Loss: 0.10321 | Train Acc: 97.675%
[Worker 36] Round 22 | Loss: 0.0306536 | Train Acc: 99.6343%
[Worker 38] Round 22 | Loss: 0.0678559 | Train Acc: 98.9812%
[Worker 39] Round 22 | Loss: 0.0263756 | Train Acc: 99.7649%
[Worker 45] Round 22 | Loss: 0.0299884 | Train Acc: 99.6604%
[Worker 44] Round 22 | Loss: 0.0318107 | Train Acc: 99.5559%
[Worker 41] Round 22 | Loss: 0.0269705 | Train Acc: 99.7126%
[Worker 43] Round 22 | Loss: 0.114877 | Train Acc: 97.2309%
[Worker 46] Round 22 | Loss: 0.0299119 | Train Acc: 99.791%
[Worker 40] Round 22 | Loss: 0.0271061 | Train Acc: 99.7126%
[Worker 37] Round 22 | Loss: 0.030213 | Train Acc: 99.791%
[Worker 42] Round 22 | Loss: 0.0280392 | Train Acc: 99.6343%
[Worker 47] Round 22 | Loss: 0.028503 | Train Acc: 99.8466%
[Central Round] 22 [Global Test Accuracy]: 87.21%
[Worker 3] Round 23 | Loss: 0.022273 | Train Acc: 99.8433%
[Worker 5] Round 23 | Loss: 0.0338853 | Train Acc: 99.6343%
[Worker 9] Round 23 | Loss: 0.0199384 | Train Acc: 99.9478%
[Worker 7] Round 23 | Loss: 0.0210666 | Train Acc: 99.8694%
[Worker 1] Round 23 | Loss: 0.0198281 | Train Acc: 99.8694%
[Worker 11] Round 23 | Loss: 0.0305849 | Train Acc: 99.582%
[Worker 8] Round 23 | Loss: 0.0252283 | Train Acc: 99.6343%
[Worker 10] Round 23 | Loss: 0.0622026 | Train Acc: 98.6938%
[Worker 2] Round 23 | Loss: 0.0199931 | Train Acc: 99.9216%
[Worker 6] Round 23 | Loss: 0.0208576 | Train Acc: 99.8694%
[Worker 4] Round 23 | Loss: 0.0205301 | Train Acc: 99.8433%
[Worker 35] Round 23 | Loss: 0.0269642 | Train Acc: 99.6865%
[Worker 33] Round 23 | Loss: 0.041024 | Train Acc: 99.5559%
[Worker 34] Round 23 | Loss: 0.026387 | Train Acc: 99.6604%
[Worker 17] Round 23 | Loss: 0.0285918 | Train Acc: 99.6081%
[Worker 23] Round 23 | Loss: 0.0266344 | Train Acc: 99.8694%
[Worker 20] Round 23 | Loss: 0.0585404 | Train Acc: 99.2424%
[Worker 19] Round 23 | Loss: 0.0300045 | Train Acc: 99.582%
[Worker 18] Round 23 | Loss: 0.030813 | Train Acc: 99.6865%
[Worker 16] Round 23 | Loss: 0.0344065 | Train Acc: 99.582%
[Worker 21] Round 23 | Loss: 0.0292009 | Train Acc: 99.6343%
[Worker 22] Round 23 | Loss: 0.0300472 | Train Acc: 99.6604%
[Worker 13] Round 23 | Loss: 0.0334604 | Train Acc: 99.6604%
[Worker 14] Round 23 | Loss: 0.0338675 | Train Acc: 99.6604%
[Worker 15] Round 23 | Loss: 0.122536 | Train Acc: 96.5256%
[Worker 12] Round 23 | Loss: 0.0338127 | Train Acc: 99.4514%
[Worker 32] Round 23 | Loss: 0.0223045 | Train Acc: 99.8694%
[Worker 25] Round 23 | Loss: 0.0362845 | Train Acc: 99.6343%
[Worker 27] Round 23 | Loss: 0.0405818 | Train Acc: 99.582%
[Worker 31] Round 23 | Loss: 0.0262838 | Train Acc: 99.9478%
[Worker 24] Round 23 | Loss: 0.0467764 | Train Acc: 99.3469%
[Worker 26] Round 23 | Loss: 0.0353123 | Train Acc: 99.5298%
[Worker 30] Round 23 | Loss: 0.0254047 | Train Acc: 99.791%
[Worker 28] Round 23 | Loss: 0.0393066 | Train Acc: 99.582%
[Worker 29] Round 23 | Loss: 0.102033 | Train Acc: 97.6228%
[Worker 39] Round 23 | Loss: 0.0260749 | Train Acc: 99.8433%
[Worker 38] Round 23 | Loss: 0.0668983 | Train Acc: 99.0073%
[Worker 36] Round 23 | Loss: 0.029361 | Train Acc: 99.6604%
[Worker 37] Round 23 | Loss: 0.0300819 | Train Acc: 99.7126%
[Worker 41] Round 23 | Loss: 0.0277063 | Train Acc: 99.6343%
[Worker 43] Round 23 | Loss: 0.113284 | Train Acc: 97.5444%
[Worker 46] Round 23 | Loss: 0.029488 | Train Acc: 99.6865%
[Worker 40] Round 23 | Loss: 0.0272541 | Train Acc: 99.6343%
[Worker 45] Round 23 | Loss: 0.0297267 | Train Acc: 99.6865%
[Worker 44] Round 23 | Loss: 0.0311114 | Train Acc: 99.6865%
[Worker 42] Round 23 | Loss: 0.0271652 | Train Acc: 99.791%
[Worker 47] Round 23 | Loss: 0.0282651 | Train Acc: 99.7699%
[Central Round] 23 [Global Test Accuracy]: 87.42%
[Worker 8] Round 24 | Loss: 0.025011 | Train Acc: 99.7126%
[Worker 10] Round 24 | Loss: 0.0616715 | Train Acc: 98.6677%
[Worker 2] Round 24 | Loss: 0.0196657 | Train Acc: 99.9478%
[Worker 6] Round 24 | Loss: 0.0203111 | Train Acc: 99.9478%
[Worker 4] Round 24 | Loss: 0.020195 | Train Acc: 99.8955%
[Worker 3] Round 24 | Loss: 0.0223612 | Train Acc: 99.8433%
[Worker 9] Round 24 | Loss: 0.0198818 | Train Acc: 99.9478%
[Worker 1] Round 24 | Loss: 0.019587 | Train Acc: 99.8694%
[Worker 11] Round 24 | Loss: 0.0310214 | Train Acc: 99.6343%
[Worker 5] Round 24 | Loss: 0.0337058 | Train Acc: 99.6865%
[Worker 7] Round 24 | Loss: 0.0202165 | Train Acc: 99.8955%
[Worker 33] Round 24 | Loss: 0.0400745 | Train Acc: 99.6343%
[Worker 35] Round 24 | Loss: 0.0264786 | Train Acc: 99.8433%
[Worker 25] Round 24 | Loss: 0.0356951 | Train Acc: 99.6865%
[Worker 20] Round 24 | Loss: 0.0577626 | Train Acc: 99.1641%
[Worker 18] Round 24 | Loss: 0.030389 | Train Acc: 99.6604%
[Worker 16] Round 24 | Loss: 0.0336618 | Train Acc: 99.4775%
[Worker 21] Round 24 | Loss: 0.0274756 | Train Acc: 99.7388%
[Worker 19] Round 24 | Loss: 0.0293567 | Train Acc: 99.6604%
[Worker 22] Round 24 | Loss: 0.0299957 | Train Acc: 99.7126%
[Worker 17] Round 24 | Loss: 0.0273403 | Train Acc: 99.791%
[Worker 23] Round 24 | Loss: 0.0261206 | Train Acc: 99.8694%
[Worker 14] Round 24 | Loss: 0.0330708 | Train Acc: 99.6343%
[Worker 13] Round 24 | Loss: 0.0351124 | Train Acc: 99.4514%
[Worker 15] Round 24 | Loss: 0.12026 | Train Acc: 96.8652%
[Worker 12] Round 24 | Loss: 0.0337222 | Train Acc: 99.582%
[Worker 27] Round 24 | Loss: 0.0404561 | Train Acc: 99.6081%
[Worker 31] Round 24 | Loss: 0.0260467 | Train Acc: 99.791%
[Worker 34] Round 24 | Loss: 0.0263955 | Train Acc: 99.7649%
[Worker 32] Round 24 | Loss: 0.0224582 | Train Acc: 99.8694%
[Worker 29] Round 24 | Loss: 0.100783 | Train Acc: 97.5444%
[Worker 24] Round 24 | Loss: 0.0447289 | Train Acc: 99.4253%
[Worker 26] Round 24 | Loss: 0.0342132 | Train Acc: 99.7388%
[Worker 30] Round 24 | Loss: 0.0251259 | Train Acc: 99.8433%
[Worker 28] Round 24 | Loss: 0.0399611 | Train Acc: 99.5559%
[Worker 44] Round 24 | Loss: 0.0313783 | Train Acc: 99.6343%
[Worker 38] Round 24 | Loss: 0.0663275 | Train Acc: 98.8506%
[Worker 36] Round 24 | Loss: 0.0298036 | Train Acc: 99.7388%
[Worker 39] Round 24 | Loss: 0.0272906 | Train Acc: 99.7388%
[Worker 41] Round 24 | Loss: 0.0260491 | Train Acc: 99.7649%
[Worker 43] Round 24 | Loss: 0.112928 | Train Acc: 97.3615%
[Worker 46] Round 24 | Loss: 0.0293495 | Train Acc: 99.7388%
[Worker 42] Round 24 | Loss: 0.0271986 | Train Acc: 99.6604%
[Worker 40] Round 24 | Loss: 0.0273541 | Train Acc: 99.6865%
[Worker 45] Round 24 | Loss: 0.0313912 | Train Acc: 99.4775%
[Worker 37] Round 24 | Loss: 0.0294858 | Train Acc: 99.7649%
[Worker 47] Round 24 | Loss: 0.0277987 | Train Acc: 99.7699%
[Central Round] 24 [Global Test Accuracy]: 87.42%
[Worker 11] Round 25 | Loss: 0.0309796 | Train Acc: 99.6865%
[Worker 3] Round 25 | Loss: 0.0221689 | Train Acc: 99.8171%
[Worker 5] Round 25 | Loss: 0.0342585 | Train Acc: 99.6081%
[Worker 9] Round 25 | Loss: 0.0201872 | Train Acc: 99.8433%
[Worker 1] Round 25 | Loss: 0.0188601 | Train Acc: 99.8694%
[Worker 7] Round 25 | Loss: 0.0206358 | Train Acc: 99.8694%
[Worker 2] Round 25 | Loss: 0.0200804 | Train Acc: 99.8433%
[Worker 6] Round 25 | Loss: 0.0204885 | Train Acc: 99.8955%
[Worker 4] Round 25 | Loss: 0.0199275 | Train Acc: 99.9216%
[Worker 10] Round 25 | Loss: 0.0617987 | Train Acc: 98.6416%
[Worker 8] Round 25 | Loss: 0.0263664 | Train Acc: 99.5559%
[Worker 33] Round 25 | Loss: 0.0397638 | Train Acc: 99.5559%
[Worker 35] Round 25 | Loss: 0.0269313 | Train Acc: 99.7388%
[Worker 25] Round 25 | Loss: 0.0345252 | Train Acc: 99.6604%
[Worker 18] Round 25 | Loss: 0.0295872 | Train Acc: 99.7388%
[Worker 23] Round 25 | Loss: 0.0257127 | Train Acc: 99.8433%
[Worker 19] Round 25 | Loss: 0.0291035 | Train Acc: 99.6081%
[Worker 22] Round 25 | Loss: 0.030222 | Train Acc: 99.6343%
[Worker 17] Round 25 | Loss: 0.0279589 | Train Acc: 99.7126%
[Worker 16] Round 25 | Loss: 0.0343481 | Train Acc: 99.4775%
[Worker 21] Round 25 | Loss: 0.0276432 | Train Acc: 99.7649%
[Worker 20] Round 25 | Loss: 0.0575737 | Train Acc: 99.2424%
[Worker 14] Round 25 | Loss: 0.0343389 | Train Acc: 99.5559%
[Worker 12] Round 25 | Loss: 0.0328977 | Train Acc: 99.6343%
[Worker 15] Round 25 | Loss: 0.120954 | Train Acc: 96.7607%
[Worker 13] Round 25 | Loss: 0.0355754 | Train Acc: 99.582%
[Worker 27] Round 25 | Loss: 0.0399376 | Train Acc: 99.582%
[Worker 31] Round 25 | Loss: 0.0263682 | Train Acc: 99.8955%
[Worker 34] Round 25 | Loss: 0.025902 | Train Acc: 99.6865%
[Worker 32] Round 25 | Loss: 0.0224872 | Train Acc: 99.8171%
[Worker 29] Round 25 | Loss: 0.100834 | Train Acc: 97.6228%
[Worker 24] Round 25 | Loss: 0.0464241 | Train Acc: 99.3469%
[Worker 26] Round 25 | Loss: 0.0346934 | Train Acc: 99.6865%
[Worker 30] Round 25 | Loss: 0.0249572 | Train Acc: 99.791%
[Worker 28] Round 25 | Loss: 0.0391296 | Train Acc: 99.582%
[Worker 43] Round 25 | Loss: 0.112716 | Train Acc: 97.3615%
[Worker 38] Round 25 | Loss: 0.0662533 | Train Acc: 98.8767%
[Worker 45] Round 25 | Loss: 0.0298053 | Train Acc: 99.6865%
[Worker 36] Round 25 | Loss: 0.0296776 | Train Acc: 99.6343%
[Worker 39] Round 25 | Loss: 0.0271846 | Train Acc: 99.791%
[Worker 41] Round 25 | Loss: 0.0276379 | Train Acc: 99.7126%
[Worker 37] Round 25 | Loss: 0.0301661 | Train Acc: 99.6604%
[Worker 44] Round 25 | Loss: 0.0327277 | Train Acc: 99.3992%
[Worker 46] Round 25 | Loss: 0.0284783 | Train Acc: 99.791%
[Worker 42] Round 25 | Loss: 0.0259016 | Train Acc: 99.791%
[Worker 40] Round 25 | Loss: 0.0276763 | Train Acc: 99.6081%
[Worker 47] Round 25 | Loss: 0.0269981 | Train Acc: 99.7699%
[Central Round] 25 [Global Test Accuracy]: 87.6%
[Worker 11] Round 26 | Loss: 0.0304097 | Train Acc: 99.6343%
[Worker 3] Round 26 | Loss: 0.0226769 | Train Acc: 99.8694%
[Worker 5] Round 26 | Loss: 0.0329427 | Train Acc: 99.6604%
[Worker 7] Round 26 | Loss: 0.0204399 | Train Acc: 99.8694%
[Worker 9] Round 26 | Loss: 0.0208403 | Train Acc: 99.8433%
[Worker 1] Round 26 | Loss: 0.0193669 | Train Acc: 99.8433%
[Worker 10] Round 26 | Loss: 0.0608369 | Train Acc: 98.6416%
[Worker 2] Round 26 | Loss: 0.0202451 | Train Acc: 99.8694%
[Worker 6] Round 26 | Loss: 0.0206679 | Train Acc: 99.8694%
[Worker 8] Round 26 | Loss: 0.0246918 | Train Acc: 99.6343%
[Worker 4] Round 26 | Loss: 0.0198115 | Train Acc: 99.8955%
[Worker 35] Round 26 | Loss: 0.0266876 | Train Acc: 99.8171%
[Worker 33] Round 26 | Loss: 0.0395825 | Train Acc: 99.6081%
[Worker 25] Round 26 | Loss: 0.0352656 | Train Acc: 99.582%
[Worker 19] Round 26 | Loss: 0.0293258 | Train Acc: 99.582%
[Worker 20] Round 26 | Loss: 0.0565085 | Train Acc: 99.1902%
[Worker 17] Round 26 | Loss: 0.0279906 | Train Acc: 99.7126%
[Worker 16] Round 26 | Loss: 0.0347412 | Train Acc: 99.4775%
[Worker 21] Round 26 | Loss: 0.0282725 | Train Acc: 99.6604%
[Worker 23] Round 26 | Loss: 0.0261358 | Train Acc: 99.8171%
[Worker 18] Round 26 | Loss: 0.0296929 | Train Acc: 99.7649%
[Worker 22] Round 26 | Loss: 0.0300508 | Train Acc: 99.6865%
[Worker 15] Round 26 | Loss: 0.119123 | Train Acc: 96.7085%
[Worker 14] Round 26 | Loss: 0.034247 | Train Acc: 99.5037%
[Worker 13] Round 26 | Loss: 0.0338018 | Train Acc: 99.5559%
[Worker 12] Round 26 | Loss: 0.0335484 | Train Acc: 99.5559%
[Worker 27] Round 26 | Loss: 0.0403388 | Train Acc: 99.6604%
[Worker 31] Round 26 | Loss: 0.0258571 | Train Acc: 99.9478%
[Worker 34] Round 26 | Loss: 0.0269848 | Train Acc: 99.7126%
[Worker 32] Round 26 | Loss: 0.0216896 | Train Acc: 99.9478%
[Worker 29] Round 26 | Loss: 0.100526 | Train Acc: 97.7534%
[Worker 24] Round 26 | Loss: 0.0448353 | Train Acc: 99.3992%
[Worker 28] Round 26 | Loss: 0.0389733 | Train Acc: 99.6081%
[Worker 26] Round 26 | Loss: 0.0347928 | Train Acc: 99.582%
[Worker 30] Round 26 | Loss: 0.0249275 | Train Acc: 99.8694%
[Worker 38] Round 26 | Loss: 0.065354 | Train Acc: 98.9812%
[Worker 39] Round 26 | Loss: 0.0267341 | Train Acc: 99.8433%
[Worker 40] Round 26 | Loss: 0.0266035 | Train Acc: 99.7126%
[Worker 44] Round 26 | Loss: 0.0310532 | Train Acc: 99.6081%
[Worker 41] Round 26 | Loss: 0.0255045 | Train Acc: 99.7649%
[Worker 37] Round 26 | Loss: 0.0304393 | Train Acc: 99.6343%
[Worker 43] Round 26 | Loss: 0.110814 | Train Acc: 97.466%
[Worker 45] Round 26 | Loss: 0.0307141 | Train Acc: 99.5037%
[Worker 36] Round 26 | Loss: 0.0300874 | Train Acc: 99.582%
[Worker 46] Round 26 | Loss: 0.0299213 | Train Acc: 99.5298%
[Worker 42] Round 26 | Loss: 0.0268299 | Train Acc: 99.6343%
[Worker 47] Round 26 | Loss: 0.02818 | Train Acc: 99.6421%
[Central Round] 26 [Global Test Accuracy]: 87.74%
[Worker 1] Round 27 | Loss: 0.019366 | Train Acc: 99.8171%
[Worker 3] Round 27 | Loss: 0.0223043 | Train Acc: 99.8171%
[Worker 9] Round 27 | Loss: 0.0200909 | Train Acc: 99.8694%
[Worker 5] Round 27 | Loss: 0.0323017 | Train Acc: 99.7388%
[Worker 7] Round 27 | Loss: 0.0203897 | Train Acc: 99.8955%
[Worker 11] Round 27 | Loss: 0.0304335 | Train Acc: 99.6081%
[Worker 10] Round 27 | Loss: 0.060771 | Train Acc: 98.5632%
[Worker 2] Round 27 | Loss: 0.0201666 | Train Acc: 99.8955%
[Worker 6] Round 27 | Loss: 0.020997 | Train Acc: 99.8171%
[Worker 4] Round 27 | Loss: 0.0195561 | Train Acc: 99.8955%
[Worker 8] Round 27 | Loss: 0.0253068 | Train Acc: 99.5559%
[Worker 33] Round 27 | Loss: 0.0391171 | Train Acc: 99.6081%
[Worker 35] Round 27 | Loss: 0.0263659 | Train Acc: 99.8171%
[Worker 25] Round 27 | Loss: 0.0345614 | Train Acc: 99.6604%
[Worker 18] Round 27 | Loss: 0.0302698 | Train Acc: 99.6604%
[Worker 19] Round 27 | Loss: 0.0288562 | Train Acc: 99.6081%
[Worker 20] Round 27 | Loss: 0.0565191 | Train Acc: 99.2424%
[Worker 17] Round 27 | Loss: 0.0268857 | Train Acc: 99.8171%
[Worker 16] Round 27 | Loss: 0.0342049 | Train Acc: 99.3992%
[Worker 22] Round 27 | Loss: 0.029884 | Train Acc: 99.7388%
[Worker 23] Round 27 | Loss: 0.0261328 | Train Acc: 99.8171%
[Worker 21] Round 27 | Loss: 0.0282097 | Train Acc: 99.6604%
[Worker 14] Round 27 | Loss: 0.0349871 | Train Acc: 99.3992%
[Worker 15] Round 27 | Loss: 0.119367 | Train Acc: 96.813%
[Worker 12] Round 27 | Loss: 0.0333974 | Train Acc: 99.4253%
[Worker 13] Round 27 | Loss: 0.0344835 | Train Acc: 99.4253%
[Worker 27] Round 27 | Loss: 0.0398554 | Train Acc: 99.5559%
[Worker 31] Round 27 | Loss: 0.0261984 | Train Acc: 99.8694%
[Worker 34] Round 27 | Loss: 0.025883 | Train Acc: 99.7388%
[Worker 32] Round 27 | Loss: 0.0220145 | Train Acc: 99.9216%
[Worker 29] Round 27 | Loss: 0.100438 | Train Acc: 97.7534%
[Worker 24] Round 27 | Loss: 0.0457429 | Train Acc: 99.3469%
[Worker 30] Round 27 | Loss: 0.0244289 | Train Acc: 99.7649%
[Worker 28] Round 27 | Loss: 0.0392879 | Train Acc: 99.5298%
[Worker 26] Round 27 | Loss: 0.0348123 | Train Acc: 99.6343%
[Worker 38] Round 27 | Loss: 0.0635834 | Train Acc: 99.0334%
[Worker 40] Round 27 | Loss: 0.0285464 | Train Acc: 99.6865%
[Worker 44] Round 27 | Loss: 0.0320838 | Train Acc: 99.6081%
[Worker 36] Round 27 | Loss: 0.0302762 | Train Acc: 99.582%
[Worker 46] Round 27 | Loss: 0.0284102 | Train Acc: 99.6865%
[Worker 45] Round 27 | Loss: 0.0305467 | Train Acc: 99.6081%
[Worker 39] Round 27 | Loss: 0.0280455 | Train Acc: 99.6343%
[Worker 42] Round 27 | Loss: 0.0265205 | Train Acc: 99.7649%
[Worker 43] Round 27 | Loss: 0.112245 | Train Acc: 97.3093%
[Worker 41] Round 27 | Loss: 0.0265502 | Train Acc: 99.8171%
[Worker 37] Round 27 | Loss: 0.0295488 | Train Acc: 99.7126%
[Worker 47] Round 27 | Loss: 0.0288571 | Train Acc: 99.6421%
[Central Round] 27 [Global Test Accuracy]: 87.85%
[Worker 1] Round 28 | Loss: 0.0188202 | Train Acc: 99.8955%
[Worker 9] Round 28 | Loss: 0.0199761 | Train Acc: 99.8433%
[Worker 3] Round 28 | Loss: 0.0223406 | Train Acc: 99.8171%
[Worker 7] Round 28 | Loss: 0.0206927 | Train Acc: 99.8694%
[Worker 5] Round 28 | Loss: 0.033131 | Train Acc: 99.6081%
[Worker 11] Round 28 | Loss: 0.0316536 | Train Acc: 99.6081%
[Worker 8] Round 28 | Loss: 0.0250259 | Train Acc: 99.6081%
[Worker 10] Round 28 | Loss: 0.0596074 | Train Acc: 98.6416%
[Worker 2] Round 28 | Loss: 0.019468 | Train Acc: 99.9216%
[Worker 6] Round 28 | Loss: 0.0208767 | Train Acc: 99.8433%
[Worker 4] Round 28 | Loss: 0.0192023 | Train Acc: 99.9216%
[Worker 33] Round 28 | Loss: 0.0391932 | Train Acc: 99.6343%
[Worker 35] Round 28 | Loss: 0.0259509 | Train Acc: 99.7649%
[Worker 25] Round 28 | Loss: 0.0342587 | Train Acc: 99.6604%
[Worker 16] Round 28 | Loss: 0.0352457 | Train Acc: 99.4514%
[Worker 18] Round 28 | Loss: 0.0300782 | Train Acc: 99.6081%
[Worker 20] Round 28 | Loss: 0.0559503 | Train Acc: 99.1641%
[Worker 22] Round 28 | Loss: 0.0309837 | Train Acc: 99.6081%
[Worker 23] Round 28 | Loss: 0.0255519 | Train Acc: 99.8955%
[Worker 19] Round 28 | Loss: 0.0298104 | Train Acc: 99.582%
[Worker 17] Round 28 | Loss: 0.0275451 | Train Acc: 99.6343%
[Worker 21] Round 28 | Loss: 0.0278547 | Train Acc: 99.6865%
[Worker 14] Round 28 | Loss: 0.0348576 | Train Acc: 99.373%
[Worker 13] Round 28 | Loss: 0.0341736 | Train Acc: 99.5298%
[Worker 15] Round 28 | Loss: 0.118745 | Train Acc: 96.7868%
[Worker 12] Round 28 | Loss: 0.0329856 | Train Acc: 99.582%
[Worker 27] Round 28 | Loss: 0.0397031 | Train Acc: 99.5559%
[Worker 31] Round 28 | Loss: 0.0255106 | Train Acc: 99.9216%
[Worker 34] Round 28 | Loss: 0.0258665 | Train Acc: 99.7388%
[Worker 32] Round 28 | Loss: 0.0210606 | Train Acc: 99.9216%
[Worker 29] Round 28 | Loss: 0.100394 | Train Acc: 97.675%
[Worker 26] Round 28 | Loss: 0.0341983 | Train Acc: 99.6604%
[Worker 24] Round 28 | Loss: 0.0442654 | Train Acc: 99.3208%
[Worker 30] Round 28 | Loss: 0.025148 | Train Acc: 99.8433%
[Worker 28] Round 28 | Loss: 0.0392603 | Train Acc: 99.6081%
[Worker 39] Round 28 | Loss: 0.0267966 | Train Acc: 99.7649%
[Worker 45] Round 28 | Loss: 0.0297249 | Train Acc: 99.7649%
[Worker 38] Round 28 | Loss: 0.0636978 | Train Acc: 99.0596%
[Worker 44] Round 28 | Loss: 0.0314484 | Train Acc: 99.4775%
[Worker 36] Round 28 | Loss: 0.0306259 | Train Acc: 99.6081%
[Worker 40] Round 28 | Loss: 0.0273223 | Train Acc: 99.6343%
[Worker 43] Round 28 | Loss: 0.109103 | Train Acc: 97.5183%
[Worker 41] Round 28 | Loss: 0.0264502 | Train Acc: 99.7126%
[Worker 46] Round 28 | Loss: 0.0288593 | Train Acc: 99.6865%
[Worker 37] Round 28 | Loss: 0.0300239 | Train Acc: 99.6343%
[Worker 42] Round 28 | Loss: 0.0267996 | Train Acc: 99.6604%
[Worker 47] Round 28 | Loss: 0.0285025 | Train Acc: 99.6166%
[Central Round] 28 [Global Test Accuracy]: 87.95%
[Worker 1] Round 29 | Loss: 0.0194787 | Train Acc: 99.7649%
[Worker 7] Round 29 | Loss: 0.0198823 | Train Acc: 99.8955%
[Worker 9] Round 29 | Loss: 0.019832 | Train Acc: 99.8694%
[Worker 11] Round 29 | Loss: 0.031334 | Train Acc: 99.6604%
[Worker 5] Round 29 | Loss: 0.0326458 | Train Acc: 99.6865%
[Worker 3] Round 29 | Loss: 0.0221769 | Train Acc: 99.791%
[Worker 10] Round 29 | Loss: 0.0597501 | Train Acc: 98.6677%
[Worker 2] Round 29 | Loss: 0.019911 | Train Acc: 99.8694%
[Worker 4] Round 29 | Loss: 0.0193154 | Train Acc: 99.8955%
[Worker 6] Round 29 | Loss: 0.0209225 | Train Acc: 99.8171%
[Worker 8] Round 29 | Loss: 0.0260552 | Train Acc: 99.5559%
[Worker 33] Round 29 | Loss: 0.0386588 | Train Acc: 99.582%
[Worker 35] Round 29 | Loss: 0.0263397 | Train Acc: 99.7388%
[Worker 16] Round 29 | Loss: 0.0333246 | Train Acc: 99.582%
[Worker 18] Round 29 | Loss: 0.0302242 | Train Acc: 99.6343%
[Worker 20] Round 29 | Loss: 0.0558126 | Train Acc: 99.1641%
[Worker 23] Round 29 | Loss: 0.0253282 | Train Acc: 99.8171%
[Worker 19] Round 29 | Loss: 0.0298139 | Train Acc: 99.6865%
[Worker 21] Round 29 | Loss: 0.0279069 | Train Acc: 99.7126%
[Worker 22] Round 29 | Loss: 0.0323326 | Train Acc: 99.6081%
[Worker 17] Round 29 | Loss: 0.0273504 | Train Acc: 99.7388%
[Worker 14] Round 29 | Loss: 0.0362267 | Train Acc: 99.4775%
[Worker 13] Round 29 | Loss: 0.0351192 | Train Acc: 99.5037%
[Worker 15] Round 29 | Loss: 0.117941 | Train Acc: 96.8913%
[Worker 12] Round 29 | Loss: 0.0333672 | Train Acc: 99.5037%
[Worker 25] Round 29 | Loss: 0.0341316 | Train Acc: 99.7649%
[Worker 27] Round 29 | Loss: 0.0405349 | Train Acc: 99.5559%
[Worker 31] Round 29 | Loss: 0.0264773 | Train Acc: 99.8171%
[Worker 32] Round 29 | Loss: 0.0215765 | Train Acc: 99.8694%
[Worker 34] Round 29 | Loss: 0.0268055 | Train Acc: 99.7649%
[Worker 29] Round 29 | Loss: 0.0996261 | Train Acc: 97.675%
[Worker 28] Round 29 | Loss: 0.0385414 | Train Acc: 99.6604%
[Worker 26] Round 29 | Loss: 0.0345277 | Train Acc: 99.7388%
[Worker 24] Round 29 | Loss: 0.044617 | Train Acc: 99.3208%
[Worker 30] Round 29 | Loss: 0.0248741 | Train Acc: 99.7126%
[Worker 44] Round 29 | Loss: 0.0306892 | Train Acc: 99.6081%
[Worker 40] Round 29 | Loss: 0.0273538 | Train Acc: 99.6865%
[Worker 43] Round 29 | Loss: 0.109751 | Train Acc: 97.5183%
[Worker 41] Round 29 | Loss: 0.0259908 | Train Acc: 99.791%
[Worker 46] Round 29 | Loss: 0.0289736 | Train Acc: 99.7388%
[Worker 39] Round 29 | Loss: 0.0270996 | Train Acc: 99.7649%
[Worker 45] Round 29 | Loss: 0.0304586 | Train Acc: 99.6604%
[Worker 38] Round 29 | Loss: 0.0641221 | Train Acc: 98.9551%
[Worker 42] Round 29 | Loss: 0.0278754 | Train Acc: 99.7126%
[Worker 37] Round 29 | Loss: 0.0297458 | Train Acc: 99.6604%
[Worker 36] Round 29 | Loss: 0.0312103 | Train Acc: 99.5559%
[Worker 47] Round 29 | Loss: 0.0283607 | Train Acc: 99.6933%
[Central Round] 29 [Global Test Accuracy]: 88.07%
[Worker 1] Round 30 | Loss: 0.0191458 | Train Acc: 99.8433%
[Worker 9] Round 30 | Loss: 0.0199536 | Train Acc: 99.8955%
[Worker 3] Round 30 | Loss: 0.0222806 | Train Acc: 99.7388%
[Worker 5] Round 30 | Loss: 0.0323779 | Train Acc: 99.6865%
[Worker 7] Round 30 | Loss: 0.0205612 | Train Acc: 99.8433%
[Worker 11] Round 30 | Loss: 0.031321 | Train Acc: 99.4775%
[Worker 10] Round 30 | Loss: 0.059798 | Train Acc: 98.5893%
[Worker 2] Round 30 | Loss: 0.0197044 | Train Acc: 99.9216%
[Worker 4] Round 30 | Loss: 0.0191555 | Train Acc: 99.8694%
[Worker 8] Round 30 | Loss: 0.0251237 | Train Acc: 99.6081%
[Worker 6] Round 30 | Loss: 0.0206475 | Train Acc: 99.8955%
[Worker 33] Round 30 | Loss: 0.0389964 | Train Acc: 99.5298%
[Worker 35] Round 30 | Loss: 0.026045 | Train Acc: 99.8433%
[Worker 25] Round 30 | Loss: 0.0347807 | Train Acc: 99.7126%
[Worker 20] Round 30 | Loss: 0.0551798 | Train Acc: 99.2947%
[Worker 16] Round 30 | Loss: 0.033247 | Train Acc: 99.6081%
[Worker 18] Round 30 | Loss: 0.0312746 | Train Acc: 99.6343%
[Worker 22] Round 30 | Loss: 0.0301783 | Train Acc: 99.6865%
[Worker 17] Round 30 | Loss: 0.0276758 | Train Acc: 99.791%
[Worker 21] Round 30 | Loss: 0.027563 | Train Acc: 99.6343%
[Worker 23] Round 30 | Loss: 0.0256113 | Train Acc: 99.9478%
[Worker 19] Round 30 | Loss: 0.029397 | Train Acc: 99.6604%
[Worker 14] Round 30 | Loss: 0.0355749 | Train Acc: 99.4253%
[Worker 13] Round 30 | Loss: 0.033534 | Train Acc: 99.582%
[Worker 12] Round 30 | Loss: 0.0343411 | Train Acc: 99.4775%
[Worker 15] Round 30 | Loss: 0.117897 | Train Acc: 96.5779%
[Worker 27] Round 30 | Loss: 0.0398829 | Train Acc: 99.4514%
[Worker 31] Round 30 | Loss: 0.0259925 | Train Acc: 99.8694%
[Worker 32] Round 30 | Loss: 0.0215839 | Train Acc: 99.8433%
[Worker 34] Round 30 | Loss: 0.0259868 | Train Acc: 99.6865%
[Worker 29] Round 30 | Loss: 0.0989508 | Train Acc: 97.5183%
[Worker 30] Round 30 | Loss: 0.0243425 | Train Acc: 99.8171%
[Worker 28] Round 30 | Loss: 0.0388422 | Train Acc: 99.5298%
[Worker 26] Round 30 | Loss: 0.0340432 | Train Acc: 99.7388%
[Worker 24] Round 30 | Loss: 0.0452987 | Train Acc: 99.2947%
[Worker 41] Round 30 | Loss: 0.0274733 | Train Acc: 99.6343%
[Worker 46] Round 30 | Loss: 0.0290318 | Train Acc: 99.7126%
[Worker 39] Round 30 | Loss: 0.0273213 | Train Acc: 99.7126%
[Worker 45] Round 30 | Loss: 0.0301795 | Train Acc: 99.7388%
[Worker 44] Round 30 | Loss: 0.0309507 | Train Acc: 99.5559%
[Worker 40] Round 30 | Loss: 0.0269842 | Train Acc: 99.6865%
[Worker 38] Round 30 | Loss: 0.0635634 | Train Acc: 98.9028%
[Worker 43] Round 30 | Loss: 0.10956 | Train Acc: 97.5183%
[Worker 37] Round 30 | Loss: 0.0302268 | Train Acc: 99.6343%
[Worker 42] Round 30 | Loss: 0.0260716 | Train Acc: 99.7649%
[Worker 36] Round 30 | Loss: 0.0311695 | Train Acc: 99.6081%
[Worker 47] Round 30 | Loss: 0.0274363 | Train Acc: 99.7444%
[Central Round] 30 [Global Test Accuracy]: 88.14%
[Worker 3] Round 31 | Loss: 0.0214826 | Train Acc: 99.8433%
[Worker 5] Round 31 | Loss: 0.0325717 | Train Acc: 99.6343%
[Worker 1] Round 31 | Loss: 0.0188611 | Train Acc: 99.8694%
[Worker 9] Round 31 | Loss: 0.0197341 | Train Acc: 99.8694%
[Worker 11] Round 31 | Loss: 0.0324359 | Train Acc: 99.6081%
[Worker 7] Round 31 | Loss: 0.0205651 | Train Acc: 99.8171%
[Worker 4] Round 31 | Loss: 0.0196552 | Train Acc: 99.8955%
[Worker 6] Round 31 | Loss: 0.0204681 | Train Acc: 99.8694%
[Worker 8] Round 31 | Loss: 0.0258625 | Train Acc: 99.582%
[Worker 10] Round 31 | Loss: 0.0595326 | Train Acc: 98.6677%
[Worker 2] Round 31 | Loss: 0.0190954 | Train Acc: 99.8955%
[Worker 33] Round 31 | Loss: 0.0387005 | Train Acc: 99.5298%
[Worker 35] Round 31 | Loss: 0.0260012 | Train Acc: 99.791%
[Worker 25] Round 31 | Loss: 0.0341851 | Train Acc: 99.7649%
[Worker 16] Round 31 | Loss: 0.0341813 | Train Acc: 99.6081%
[Worker 18] Round 31 | Loss: 0.0292853 | Train Acc: 99.6343%
[Worker 20] Round 31 | Loss: 0.055495 | Train Acc: 99.1902%
[Worker 21] Round 31 | Loss: 0.02842 | Train Acc: 99.6081%
[Worker 23] Round 31 | Loss: 0.0252566 | Train Acc: 99.8955%
[Worker 22] Round 31 | Loss: 0.0310131 | Train Acc: 99.6343%
[Worker 17] Round 31 | Loss: 0.027535 | Train Acc: 99.6604%
[Worker 19] Round 31 | Loss: 0.0305273 | Train Acc: 99.582%
[Worker 14] Round 31 | Loss: 0.0343147 | Train Acc: 99.6081%
[Worker 12] Round 31 | Loss: 0.032834 | Train Acc: 99.4514%
[Worker 13] Round 31 | Loss: 0.0341269 | Train Acc: 99.5037%
[Worker 15] Round 31 | Loss: 0.116674 | Train Acc: 96.7346%
[Worker 27] Round 31 | Loss: 0.0395327 | Train Acc: 99.5559%
[Worker 31] Round 31 | Loss: 0.0260725 | Train Acc: 99.8171%
[Worker 34] Round 31 | Loss: 0.025433 | Train Acc: 99.7388%
[Worker 32] Round 31 | Loss: 0.0218672 | Train Acc: 99.9478%
[Worker 29] Round 31 | Loss: 0.097896 | Train Acc: 97.7795%
[Worker 28] Round 31 | Loss: 0.0391889 | Train Acc: 99.5559%
[Worker 26] Round 31 | Loss: 0.0343854 | Train Acc: 99.6343%
[Worker 24] Round 31 | Loss: 0.0448251 | Train Acc: 99.2424%
[Worker 30] Round 31 | Loss: 0.0239552 | Train Acc: 99.8433%
[Worker 38] Round 31 | Loss: 0.0625214 | Train Acc: 99.0857%
[Worker 39] Round 31 | Loss: 0.0264367 | Train Acc: 99.8433%
[Worker 43] Round 31 | Loss: 0.109066 | Train Acc: 97.2832%
[Worker 45] Round 31 | Loss: 0.0289959 | Train Acc: 99.6604%
[Worker 44] Round 31 | Loss: 0.0318373 | Train Acc: 99.4514%
[Worker 40] Round 31 | Loss: 0.0275093 | Train Acc: 99.6343%
[Worker 37] Round 31 | Loss: 0.0293815 | Train Acc: 99.6865%
[Worker 36] Round 31 | Loss: 0.0299739 | Train Acc: 99.6343%
[Worker 41] Round 31 | Loss: 0.0271461 | Train Acc: 99.6343%
[Worker 46] Round 31 | Loss: 0.0293433 | Train Acc: 99.6604%
[Worker 42] Round 31 | Loss: 0.0277894 | Train Acc: 99.582%
[Worker 47] Round 31 | Loss: 0.0278933 | Train Acc: 99.6933%
[Central Round] 31 [Global Test Accuracy]: 88.19%
[Worker 6] Round 32 | Loss: 0.0207618 | Train Acc: 99.8171%
[Worker 9] Round 32 | Loss: 0.0198381 | Train Acc: 99.8694%
[Worker 2] Round 32 | Loss: 0.0200076 | Train Acc: 99.8171%
[Worker 10] Round 32 | Loss: 0.0597242 | Train Acc: 98.5893%
[Worker 5] Round 32 | Loss: 0.0313135 | Train Acc: 99.6604%
[Worker 11] Round 32 | Loss: 0.0326246 | Train Acc: 99.3992%
[Worker 1] Round 32 | Loss: 0.0197981 | Train Acc: 99.8171%
[Worker 3] Round 32 | Loss: 0.0222213 | Train Acc: 99.7649%
[Worker 7] Round 32 | Loss: 0.0206326 | Train Acc: 99.8171%
[Worker 4] Round 32 | Loss: 0.0190528 | Train Acc: 99.8694%
[Worker 8] Round 32 | Loss: 0.0255188 | Train Acc: 99.6081%
[Worker 33] Round 32 | Loss: 0.037696 | Train Acc: 99.6081%
[Worker 35] Round 32 | Loss: 0.0259114 | Train Acc: 99.7649%
[Worker 16] Round 32 | Loss: 0.0347182 | Train Acc: 99.5559%
[Worker 18] Round 32 | Loss: 0.0295716 | Train Acc: 99.6343%
[Worker 20] Round 32 | Loss: 0.0547731 | Train Acc: 99.2685%
[Worker 22] Round 32 | Loss: 0.0297799 | Train Acc: 99.6081%
[Worker 17] Round 32 | Loss: 0.029062 | Train Acc: 99.6081%
[Worker 19] Round 32 | Loss: 0.0301079 | Train Acc: 99.5559%
[Worker 21] Round 32 | Loss: 0.0274057 | Train Acc: 99.7126%
[Worker 13] Round 32 | Loss: 0.0348955 | Train Acc: 99.4514%
[Worker 14] Round 32 | Loss: 0.0354934 | Train Acc: 99.3469%
[Worker 15] Round 32 | Loss: 0.117346 | Train Acc: 96.6823%
[Worker 23] Round 32 | Loss: 0.0258753 | Train Acc: 99.8171%
[Worker 12] Round 32 | Loss: 0.0340628 | Train Acc: 99.4514%
[Worker 34] Round 32 | Loss: 0.0257604 | Train Acc: 99.7126%
[Worker 32] Round 32 | Loss: 0.0210585 | Train Acc: 99.9216%
[Worker 25] Round 32 | Loss: 0.0352319 | Train Acc: 99.5559%
[Worker 27] Round 32 | Loss: 0.0397788 | Train Acc: 99.5559%
[Worker 31] Round 32 | Loss: 0.0256548 | Train Acc: 99.8433%
[Worker 24] Round 32 | Loss: 0.0437439 | Train Acc: 99.2424%
[Worker 26] Round 32 | Loss: 0.0338608 | Train Acc: 99.5559%
[Worker 30] Round 32 | Loss: 0.0233179 | Train Acc: 99.8694%
[Worker 29] Round 32 | Loss: 0.0979284 | Train Acc: 97.7273%
[Worker 28] Round 32 | Loss: 0.0391231 | Train Acc: 99.4775%
[Worker 37] Round 32 | Loss: 0.0295917 | Train Acc: 99.7388%
[Worker 36] Round 32 | Loss: 0.0304756 | Train Acc: 99.5298%
[Worker 41] Round 32 | Loss: 0.0265117 | Train Acc: 99.6343%
[Worker 38] Round 32 | Loss: 0.0626134 | Train Acc: 98.9551%
[Worker 39] Round 32 | Loss: 0.026974 | Train Acc: 99.7649%
[Worker 44] Round 32 | Loss: 0.0315352 | Train Acc: 99.582%
[Worker 40] Round 32 | Loss: 0.0269282 | Train Acc: 99.7388%
[Worker 46] Round 32 | Loss: 0.0289094 | Train Acc: 99.582%
[Worker 43] Round 32 | Loss: 0.107265 | Train Acc: 97.3877%
[Worker 45] Round 32 | Loss: 0.0296862 | Train Acc: 99.7126%
[Worker 42] Round 32 | Loss: 0.0266537 | Train Acc: 99.6604%
[Worker 47] Round 32 | Loss: 0.0278494 | Train Acc: 99.7444%
[Central Round] 32 [Global Test Accuracy]: 88.29%
[Worker 3] Round 33 | Loss: 0.0219328 | Train Acc: 99.791%
[Worker 7] Round 33 | Loss: 0.0207171 | Train Acc: 99.791%
[Worker 1] Round 33 | Loss: 0.0186205 | Train Acc: 99.8433%
[Worker 5] Round 33 | Loss: 0.0317611 | Train Acc: 99.6081%
[Worker 8] Round 33 | Loss: 0.025769 | Train Acc: 99.6343%
[Worker 11] Round 33 | Loss: 0.0315905 | Train Acc: 99.4514%
[Worker 9] Round 33 | Loss: 0.0205183 | Train Acc: 99.7649%
[Worker 4] Round 33 | Loss: 0.0196082 | Train Acc: 99.8171%
[Worker 10] Round 33 | Loss: 0.0599034 | Train Acc: 98.5371%
[Worker 6] Round 33 | Loss: 0.0201216 | Train Acc: 99.8171%
[Worker 2] Round 33 | Loss: 0.0191013 | Train Acc: 99.9216%
[Worker 19] Round 33 | Loss: 0.0304197 | Train Acc: 99.6343%
[Worker 21] Round 33 | Loss: 0.0275865 | Train Acc: 99.6604%
[Worker 17] Round 33 | Loss: 0.0270844 | Train Acc: 99.7126%
[Worker 23] Round 33 | Loss: 0.0256565 | Train Acc: 99.8433%
[Worker 13] Round 33 | Loss: 0.0338208 | Train Acc: 99.4253%
[Worker 15] Round 33 | Loss: 0.116824 | Train Acc: 96.813%
[Worker 12] Round 33 | Loss: 0.0346049 | Train Acc: 99.5298%
[Worker 35] Round 33 | Loss: 0.0254084 | Train Acc: 99.791%
[Worker 33] Round 33 | Loss: 0.0388092 | Train Acc: 99.5037%
[Worker 20] Round 33 | Loss: 0.0544821 | Train Acc: 99.2947%
[Worker 16] Round 33 | Loss: 0.034505 | Train Acc: 99.3992%
[Worker 18] Round 33 | Loss: 0.0281028 | Train Acc: 99.7126%
[Worker 22] Round 33 | Loss: 0.0309195 | Train Acc: 99.5559%
[Worker 14] Round 33 | Loss: 0.0353385 | Train Acc: 99.4253%
[Worker 25] Round 33 | Loss: 0.0351468 | Train Acc: 99.5298%
[Worker 27] Round 33 | Loss: 0.0390074 | Train Acc: 99.6604%
[Worker 34] Round 33 | Loss: 0.0256003 | Train Acc: 99.6865%
[Worker 32] Round 33 | Loss: 0.0208676 | Train Acc: 99.8955%
[Worker 31] Round 33 | Loss: 0.0262909 | Train Acc: 99.8171%
[Worker 29] Round 33 | Loss: 0.0984139 | Train Acc: 97.6228%
[Worker 30] Round 33 | Loss: 0.0241478 | Train Acc: 99.7649%
[Worker 24] Round 33 | Loss: 0.0436532 | Train Acc: 99.2685%
[Worker 26] Round 33 | Loss: 0.035132 | Train Acc: 99.5559%
[Worker 28] Round 33 | Loss: 0.0381155 | Train Acc: 99.5037%
[Worker 38] Round 33 | Loss: 0.0620522 | Train Acc: 99.0073%
[Worker 39] Round 33 | Loss: 0.0271521 | Train Acc: 99.791%
[Worker 44] Round 33 | Loss: 0.0311072 | Train Acc: 99.5298%
[Worker 36] Round 33 | Loss: 0.0296737 | Train Acc: 99.6343%
[Worker 46] Round 33 | Loss: 0.0280245 | Train Acc: 99.6604%
[Worker 37] Round 33 | Loss: 0.0291607 | Train Acc: 99.6604%
[Worker 40] Round 33 | Loss: 0.0276447 | Train Acc: 99.6604%
[Worker 43] Round 33 | Loss: 0.107051 | Train Acc: 97.3354%
[Worker 45] Round 33 | Loss: 0.0302194 | Train Acc: 99.5298%
[Worker 42] Round 33 | Loss: 0.0276327 | Train Acc: 99.6081%
[Worker 41] Round 33 | Loss: 0.0259245 | Train Acc: 99.791%
[Worker 47] Round 33 | Loss: 0.027615 | Train Acc: 99.5654%
[Central Round] 33 [Global Test Accuracy]: 88.37%
[Worker 1] Round 34 | Loss: 0.0191926 | Train Acc: 99.8433%
[Worker 5] Round 34 | Loss: 0.0319863 | Train Acc: 99.6865%
[Worker 11] Round 34 | Loss: 0.0325799 | Train Acc: 99.5559%
[Worker 9] Round 34 | Loss: 0.019436 | Train Acc: 99.8694%
[Worker 3] Round 34 | Loss: 0.0229702 | Train Acc: 99.6865%
[Worker 7] Round 34 | Loss: 0.0199129 | Train Acc: 99.8433%
[Worker 2] Round 34 | Loss: 0.0193814 | Train Acc: 99.8433%
[Worker 8] Round 34 | Loss: 0.0258822 | Train Acc: 99.6343%
[Worker 10] Round 34 | Loss: 0.0592773 | Train Acc: 98.5371%
[Worker 6] Round 34 | Loss: 0.0210434 | Train Acc: 99.791%
[Worker 4] Round 34 | Loss: 0.0191557 | Train Acc: 99.8433%
[Worker 33] Round 34 | Loss: 0.0378558 | Train Acc: 99.4775%
[Worker 35] Round 34 | Loss: 0.025487 | Train Acc: 99.791%
[Worker 25] Round 34 | Loss: 0.0336368 | Train Acc: 99.7126%
[Worker 27] Round 34 | Loss: 0.0384619 | Train Acc: 99.6081%
[Worker 31] Round 34 | Loss: 0.0257834 | Train Acc: 99.8694%
[Worker 18] Round 34 | Loss: 0.0295013 | Train Acc: 99.6604%
[Worker 23] Round 34 | Loss: 0.0258784 | Train Acc: 99.8171%
[Worker 17] Round 34 | Loss: 0.0287809 | Train Acc: 99.7126%
[Worker 20] Round 34 | Loss: 0.0548138 | Train Acc: 99.3208%
[Worker 16] Round 34 | Loss: 0.0338874 | Train Acc: 99.4514%
[Worker 19] Round 34 | Loss: 0.0300802 | Train Acc: 99.582%
[Worker 22] Round 34 | Loss: 0.0306435 | Train Acc: 99.582%
[Worker 21] Round 34 | Loss: 0.027787 | Train Acc: 99.6865%
[Worker 15] Round 34 | Loss: 0.116086 | Train Acc: 96.813%
[Worker 13] Round 34 | Loss: 0.0336156 | Train Acc: 99.5298%
[Worker 14] Round 34 | Loss: 0.0358359 | Train Acc: 99.3208%
[Worker 12] Round 34 | Loss: 0.0330982 | Train Acc: 99.4514%
[Worker 34] Round 34 | Loss: 0.0259491 | Train Acc: 99.6604%
[Worker 32] Round 34 | Loss: 0.0206432 | Train Acc: 99.9216%
[Worker 29] Round 34 | Loss: 0.0977525 | Train Acc: 97.7534%
[Worker 24] Round 34 | Loss: 0.0435249 | Train Acc: 99.2947%
[Worker 28] Round 34 | Loss: 0.0392675 | Train Acc: 99.4775%
[Worker 26] Round 34 | Loss: 0.0351371 | Train Acc: 99.5559%
[Worker 30] Round 34 | Loss: 0.0248112 | Train Acc: 99.7388%
[Worker 43] Round 34 | Loss: 0.106007 | Train Acc: 97.5967%
[Worker 45] Round 34 | Loss: 0.0289856 | Train Acc: 99.6865%
[Worker 46] Round 34 | Loss: 0.030287 | Train Acc: 99.4514%
[Worker 44] Round 34 | Loss: 0.0307637 | Train Acc: 99.5559%
[Worker 40] Round 34 | Loss: 0.0275278 | Train Acc: 99.582%
[Worker 38] Round 34 | Loss: 0.0614548 | Train Acc: 98.9812%
[Worker 36] Round 34 | Loss: 0.0298834 | Train Acc: 99.6343%
[Worker 39] Round 34 | Loss: 0.0266298 | Train Acc: 99.791%
[Worker 42] Round 34 | Loss: 0.0267095 | Train Acc: 99.6081%
[Worker 37] Round 34 | Loss: 0.0285211 | Train Acc: 99.7649%
[Worker 41] Round 34 | Loss: 0.0267377 | Train Acc: 99.7388%
[Worker 47] Round 34 | Loss: 0.0277489 | Train Acc: 99.7188%
[Central Round] 34 [Global Test Accuracy]: 88.41%
[Worker 9] Round 35 | Loss: 0.0204006 | Train Acc: 99.791%
[Worker 3] Round 35 | Loss: 0.0221565 | Train Acc: 99.791%
[Worker 1] Round 35 | Loss: 0.019071 | Train Acc: 99.7126%
[Worker 5] Round 35 | Loss: 0.0316657 | Train Acc: 99.7126%
[Worker 11] Round 35 | Loss: 0.0314869 | Train Acc: 99.582%
[Worker 7] Round 35 | Loss: 0.0208232 | Train Acc: 99.791%
[Worker 2] Round 35 | Loss: 0.0193379 | Train Acc: 99.8433%
[Worker 8] Round 35 | Loss: 0.0259548 | Train Acc: 99.6081%
[Worker 10] Round 35 | Loss: 0.0592125 | Train Acc: 98.6155%
[Worker 6] Round 35 | Loss: 0.0202651 | Train Acc: 99.8171%
[Worker 4] Round 35 | Loss: 0.0184746 | Train Acc: 99.8694%
[Worker 33] Round 35 | Loss: 0.0375145 | Train Acc: 99.5559%
[Worker 35] Round 35 | Loss: 0.0256086 | Train Acc: 99.7388%
[Worker 25] Round 35 | Loss: 0.0337348 | Train Acc: 99.7649%
[Worker 18] Round 35 | Loss: 0.0291589 | Train Acc: 99.6604%
[Worker 20] Round 35 | Loss: 0.0541067 | Train Acc: 99.1902%
[Worker 16] Round 35 | Loss: 0.0348592 | Train Acc: 99.4775%
[Worker 22] Round 35 | Loss: 0.0312927 | Train Acc: 99.5298%
[Worker 23] Round 35 | Loss: 0.0260048 | Train Acc: 99.7649%
[Worker 19] Round 35 | Loss: 0.0297854 | Train Acc: 99.6604%
[Worker 17] Round 35 | Loss: 0.0285279 | Train Acc: 99.5037%
[Worker 21] Round 35 | Loss: 0.0288479 | Train Acc: 99.6081%
[Worker 14] Round 35 | Loss: 0.0352333 | Train Acc: 99.373%
[Worker 13] Round 35 | Loss: 0.0339763 | Train Acc: 99.5037%
[Worker 15] Round 35 | Loss: 0.115303 | Train Acc: 96.9436%
[Worker 12] Round 35 | Loss: 0.0323268 | Train Acc: 99.5298%
[Worker 27] Round 35 | Loss: 0.0380671 | Train Acc: 99.6081%
[Worker 31] Round 35 | Loss: 0.0257211 | Train Acc: 99.8433%
[Worker 34] Round 35 | Loss: 0.0258583 | Train Acc: 99.6343%
[Worker 32] Round 35 | Loss: 0.0207324 | Train Acc: 99.9216%
[Worker 29] Round 35 | Loss: 0.0968667 | Train Acc: 97.7795%
[Worker 24] Round 35 | Loss: 0.0437033 | Train Acc: 99.3208%
[Worker 30] Round 35 | Loss: 0.0241385 | Train Acc: 99.7388%
[Worker 28] Round 35 | Loss: 0.0386318 | Train Acc: 99.5037%
[Worker 26] Round 35 | Loss: 0.0337995 | Train Acc: 99.6343%
[Worker 44] Round 35 | Loss: 0.0320626 | Train Acc: 99.582%
[Worker 40] Round 35 | Loss: 0.0267426 | Train Acc: 99.7388%
[Worker 36] Round 35 | Loss: 0.029911 | Train Acc: 99.6604%
[Worker 41] Round 35 | Loss: 0.0267606 | Train Acc: 99.7126%
[Worker 43] Round 35 | Loss: 0.105334 | Train Acc: 97.7273%
[Worker 45] Round 35 | Loss: 0.0289882 | Train Acc: 99.791%
[Worker 39] Round 35 | Loss: 0.0269317 | Train Acc: 99.8171%
[Worker 46] Round 35 | Loss: 0.029011 | Train Acc: 99.6604%
[Worker 42] Round 35 | Loss: 0.0264611 | Train Acc: 99.6081%
[Worker 37] Round 35 | Loss: 0.0296417 | Train Acc: 99.7126%
[Worker 38] Round 35 | Loss: 0.0606775 | Train Acc: 99.0334%
[Worker 47] Round 35 | Loss: 0.0276884 | Train Acc: 99.6933%
[Central Round] 35 [Global Test Accuracy]: 88.48%
[Worker 1] Round 36 | Loss: 0.019842 | Train Acc: 99.7126%
[Worker 5] Round 36 | Loss: 0.0317451 | Train Acc: 99.6343%
[Worker 11] Round 36 | Loss: 0.0321575 | Train Acc: 99.5559%
[Worker 9] Round 36 | Loss: 0.0199579 | Train Acc: 99.8694%
[Worker 3] Round 36 | Loss: 0.0225348 | Train Acc: 99.6865%
[Worker 7] Round 36 | Loss: 0.0203961 | Train Acc: 99.8433%
[Worker 10] Round 36 | Loss: 0.0580936 | Train Acc: 98.72%
[Worker 2] Round 36 | Loss: 0.0198207 | Train Acc: 99.8433%
[Worker 8] Round 36 | Loss: 0.0249496 | Train Acc: 99.6081%
[Worker 6] Round 36 | Loss: 0.0204929 | Train Acc: 99.8433%
[Worker 4] Round 36 | Loss: 0.0188538 | Train Acc: 99.8955%
[Worker 33] Round 36 | Loss: 0.0371605 | Train Acc: 99.582%
[Worker 35] Round 36 | Loss: 0.0262496 | Train Acc: 99.7649%
[Worker 18] Round 36 | Loss: 0.0286339 | Train Acc: 99.791%
[Worker 20] Round 36 | Loss: 0.0540107 | Train Acc: 99.2424%
[Worker 16] Round 36 | Loss: 0.0350511 | Train Acc: 99.5298%
[Worker 21] Round 36 | Loss: 0.0278744 | Train Acc: 99.7388%
[Worker 23] Round 36 | Loss: 0.0250143 | Train Acc: 99.8433%
[Worker 22] Round 36 | Loss: 0.031316 | Train Acc: 99.6343%
[Worker 19] Round 36 | Loss: 0.029361 | Train Acc: 99.6081%
[Worker 17] Round 36 | Loss: 0.0274556 | Train Acc: 99.6343%
[Worker 15] Round 36 | Loss: 0.11481 | Train Acc: 96.7607%
[Worker 13] Round 36 | Loss: 0.0344117 | Train Acc: 99.3992%
[Worker 14] Round 36 | Loss: 0.0354392 | Train Acc: 99.2947%
[Worker 12] Round 36 | Loss: 0.0339412 | Train Acc: 99.4253%
[Worker 34] Round 36 | Loss: 0.0263975 | Train Acc: 99.6081%
[Worker 25] Round 36 | Loss: 0.0331485 | Train Acc: 99.6604%
[Worker 32] Round 36 | Loss: 0.0210246 | Train Acc: 99.8694%
[Worker 27] Round 36 | Loss: 0.0383263 | Train Acc: 99.6081%
[Worker 31] Round 36 | Loss: 0.0261332 | Train Acc: 99.8171%
[Worker 24] Round 36 | Loss: 0.0443906 | Train Acc: 99.1902%
[Worker 30] Round 36 | Loss: 0.0239311 | Train Acc: 99.8694%
[Worker 26] Round 36 | Loss: 0.0351435 | Train Acc: 99.5298%
[Worker 28] Round 36 | Loss: 0.0393096 | Train Acc: 99.4514%
[Worker 29] Round 36 | Loss: 0.0984073 | Train Acc: 97.6489%
[Worker 40] Round 36 | Loss: 0.0279879 | Train Acc: 99.6081%
[Worker 41] Round 36 | Loss: 0.0251505 | Train Acc: 99.7388%
[Worker 43] Round 36 | Loss: 0.106405 | Train Acc: 97.6228%
[Worker 39] Round 36 | Loss: 0.0257312 | Train Acc: 99.8955%
[Worker 38] Round 36 | Loss: 0.0601059 | Train Acc: 99.0073%
[Worker 44] Round 36 | Loss: 0.0316852 | Train Acc: 99.5559%
[Worker 45] Round 36 | Loss: 0.0302214 | Train Acc: 99.582%
[Worker 46] Round 36 | Loss: 0.0284032 | Train Acc: 99.6343%
[Worker 42] Round 36 | Loss: 0.0250664 | Train Acc: 99.8433%
[Worker 37] Round 36 | Loss: 0.0296738 | Train Acc: 99.7126%
[Worker 36] Round 36 | Loss: 0.0312626 | Train Acc: 99.5559%
[Worker 47] Round 36 | Loss: 0.027189 | Train Acc: 99.7188%
[Central Round] 36 [Global Test Accuracy]: 88.53%
[Worker 9] Round 37 | Loss: 0.0201742 | Train Acc: 99.8433%
[Worker 3] Round 37 | Loss: 0.0217696 | Train Acc: 99.8171%
[Worker 1] Round 37 | Loss: 0.0189429 | Train Acc: 99.791%
[Worker 5] Round 37 | Loss: 0.0315019 | Train Acc: 99.6343%
[Worker 11] Round 37 | Loss: 0.0329372 | Train Acc: 99.5037%
[Worker 7] Round 37 | Loss: 0.0197531 | Train Acc: 99.8694%
[Worker 2] Round 37 | Loss: 0.0197201 | Train Acc: 99.8433%
[Worker 10] Round 37 | Loss: 0.058641 | Train Acc: 98.5371%
[Worker 4] Round 37 | Loss: 0.019231 | Train Acc: 99.8955%
[Worker 8] Round 37 | Loss: 0.0251009 | Train Acc: 99.5559%
[Worker 6] Round 37 | Loss: 0.0195915 | Train Acc: 99.8433%
[Worker 35] Round 37 | Loss: 0.0250609 | Train Acc: 99.8171%
[Worker 18] Round 37 | Loss: 0.0300595 | Train Acc: 99.7388%
[Worker 16] Round 37 | Loss: 0.0341612 | Train Acc: 99.5559%
[Worker 20] Round 37 | Loss: 0.0535186 | Train Acc: 99.3208%
[Worker 22] Round 37 | Loss: 0.0305479 | Train Acc: 99.6604%
[Worker 21] Round 37 | Loss: 0.0275645 | Train Acc: 99.7126%
[Worker 23] Round 37 | Loss: 0.025825 | Train Acc: 99.7649%
[Worker 19] Round 37 | Loss: 0.0293185 | Train Acc: 99.6343%
[Worker 14] Round 37 | Loss: 0.036311 | Train Acc: 99.3208%
[Worker 12] Round 37 | Loss: 0.0330436 | Train Acc: 99.4775%
[Worker 15] Round 37 | Loss: 0.114931 | Train Acc: 96.7346%
[Worker 17] Round 37 | Loss: 0.0282011 | Train Acc: 99.6604%
[Worker 13] Round 37 | Loss: 0.0341627 | Train Acc: 99.4514%
[Worker 33] Round 37 | Loss: 0.0378456 | Train Acc: 99.5298%
[Worker 32] Round 37 | Loss: 0.0209586 | Train Acc: 99.8694%
[Worker 25] Round 37 | Loss: 0.0343584 | Train Acc: 99.5298%
[Worker 34] Round 37 | Loss: 0.0262891 | Train Acc: 99.6343%
[Worker 27] Round 37 | Loss: 0.0388306 | Train Acc: 99.6604%
[Worker 31] Round 37 | Loss: 0.0256424 | Train Acc: 99.791%
[Worker 28] Round 37 | Loss: 0.0392092 | Train Acc: 99.5559%
[Worker 24] Round 37 | Loss: 0.0432889 | Train Acc: 99.2947%
[Worker 26] Round 37 | Loss: 0.0342537 | Train Acc: 99.5298%
[Worker 29] Round 37 | Loss: 0.0974797 | Train Acc: 97.6228%
[Worker 30] Round 37 | Loss: 0.0240096 | Train Acc: 99.8433%
[Worker 36] Round 37 | Loss: 0.0303011 | Train Acc: 99.6081%
[Worker 37] Round 37 | Loss: 0.0291953 | Train Acc: 99.7126%
[Worker 40] Round 37 | Loss: 0.0286486 | Train Acc: 99.6081%
[Worker 41] Round 37 | Loss: 0.0265841 | Train Acc: 99.6865%
[Worker 43] Round 37 | Loss: 0.107098 | Train Acc: 97.4138%
[Worker 39] Round 37 | Loss: 0.0269652 | Train Acc: 99.6081%
[Worker 38] Round 37 | Loss: 0.0606569 | Train Acc: 98.9289%
[Worker 44] Round 37 | Loss: 0.0313196 | Train Acc: 99.4775%
[Worker 45] Round 37 | Loss: 0.0288638 | Train Acc: 99.7388%
[Worker 46] Round 37 | Loss: 0.0286451 | Train Acc: 99.6865%
[Worker 42] Round 37 | Loss: 0.0283246 | Train Acc: 99.6604%
[Worker 47] Round 37 | Loss: 0.0287048 | Train Acc: 99.6421%
[Central Round] 37 [Global Test Accuracy]: 88.57%
[Worker 3] Round 38 | Loss: 0.0226393 | Train Acc: 99.791%
[Worker 7] Round 38 | Loss: 0.0206425 | Train Acc: 99.8171%
[Worker 1] Round 38 | Loss: 0.0187006 | Train Acc: 99.7388%
[Worker 5] Round 38 | Loss: 0.030516 | Train Acc: 99.6604%
[Worker 11] Round 38 | Loss: 0.0333079 | Train Acc: 99.3469%
[Worker 9] Round 38 | Loss: 0.019524 | Train Acc: 99.8433%
[Worker 8] Round 38 | Loss: 0.0256755 | Train Acc: 99.582%
[Worker 2] Round 38 | Loss: 0.0191866 | Train Acc: 99.8694%
[Worker 4] Round 38 | Loss: 0.0192806 | Train Acc: 99.8694%
[Worker 6] Round 38 | Loss: 0.020577 | Train Acc: 99.8171%
[Worker 10] Round 38 | Loss: 0.0582936 | Train Acc: 98.6155%
[Worker 35] Round 38 | Loss: 0.0249278 | Train Acc: 99.7388%
[Worker 33] Round 38 | Loss: 0.0380109 | Train Acc: 99.6081%
[Worker 25] Round 38 | Loss: 0.0330305 | Train Acc: 99.6604%
[Worker 18] Round 38 | Loss: 0.0288719 | Train Acc: 99.8171%
[Worker 22] Round 38 | Loss: 0.0301979 | Train Acc: 99.7126%
[Worker 16] Round 38 | Loss: 0.0351674 | Train Acc: 99.3992%
[Worker 20] Round 38 | Loss: 0.0525701 | Train Acc: 99.2947%
[Worker 14] Round 38 | Loss: 0.0346446 | Train Acc: 99.3469%
[Worker 12] Round 38 | Loss: 0.0334247 | Train Acc: 99.6081%
[Worker 17] Round 38 | Loss: 0.0289973 | Train Acc: 99.582%
[Worker 13] Round 38 | Loss: 0.0345282 | Train Acc: 99.3992%
[Worker 21] Round 38 | Loss: 0.0280952 | Train Acc: 99.6604%
[Worker 19] Round 38 | Loss: 0.0302392 | Train Acc: 99.5037%
[Worker 23] Round 38 | Loss: 0.0254906 | Train Acc: 99.8694%
[Worker 15] Round 38 | Loss: 0.114767 | Train Acc: 96.7346%
[Worker 27] Round 38 | Loss: 0.0382221 | Train Acc: 99.7126%
[Worker 31] Round 38 | Loss: 0.0252354 | Train Acc: 99.8694%
[Worker 34] Round 38 | Loss: 0.0266565 | Train Acc: 99.6604%
[Worker 32] Round 38 | Loss: 0.0214351 | Train Acc: 99.8433%
[Worker 29] Round 38 | Loss: 0.0964135 | Train Acc: 97.7534%
[Worker 24] Round 38 | Loss: 0.0432554 | Train Acc: 99.2685%
[Worker 26] Round 38 | Loss: 0.0341628 | Train Acc: 99.7126%
[Worker 28] Round 38 | Loss: 0.039082 | Train Acc: 99.4514%
[Worker 30] Round 38 | Loss: 0.0242114 | Train Acc: 99.791%
[Worker 36] Round 38 | Loss: 0.0298506 | Train Acc: 99.6343%
[Worker 40] Round 38 | Loss: 0.0273212 | Train Acc: 99.6865%
[Worker 41] Round 38 | Loss: 0.0264435 | Train Acc: 99.6604%
[Worker 38] Round 38 | Loss: 0.0602638 | Train Acc: 98.9028%
[Worker 44] Round 38 | Loss: 0.0324537 | Train Acc: 99.5298%
[Worker 45] Round 38 | Loss: 0.028896 | Train Acc: 99.6865%
[Worker 39] Round 38 | Loss: 0.0273145 | Train Acc: 99.7126%
[Worker 37] Round 38 | Loss: 0.0297608 | Train Acc: 99.6865%
[Worker 46] Round 38 | Loss: 0.0287733 | Train Acc: 99.6865%
[Worker 43] Round 38 | Loss: 0.104584 | Train Acc: 97.5183%
[Worker 42] Round 38 | Loss: 0.027876 | Train Acc: 99.582%
[Worker 47] Round 38 | Loss: 0.028084 | Train Acc: 99.591%
[Central Round] 38 [Global Test Accuracy]: 88.66%
[Worker 3] Round 39 | Loss: 0.0221876 | Train Acc: 99.7126%
[Worker 7] Round 39 | Loss: 0.0204845 | Train Acc: 99.8171%
[Worker 9] Round 39 | Loss: 0.020263 | Train Acc: 99.8694%
[Worker 1] Round 39 | Loss: 0.0189124 | Train Acc: 99.7388%
[Worker 5] Round 39 | Loss: 0.0310608 | Train Acc: 99.6604%
[Worker 11] Round 39 | Loss: 0.0324286 | Train Acc: 99.4775%
[Worker 8] Round 39 | Loss: 0.0249396 | Train Acc: 99.582%
[Worker 2] Round 39 | Loss: 0.019236 | Train Acc: 99.8171%
[Worker 10] Round 39 | Loss: 0.0583928 | Train Acc: 98.6155%
[Worker 4] Round 39 | Loss: 0.019674 | Train Acc: 99.7649%
[Worker 6] Round 39 | Loss: 0.0203156 | Train Acc: 99.8433%
[Worker 35] Round 39 | Loss: 0.0254107 | Train Acc: 99.7388%
[Worker 33] Round 39 | Loss: 0.036428 | Train Acc: 99.6604%
[Worker 34] Round 39 | Loss: 0.0254979 | Train Acc: 99.6343%
[Worker 20] Round 39 | Loss: 0.0529962 | Train Acc: 99.3469%
[Worker 18] Round 39 | Loss: 0.0297746 | Train Acc: 99.7388%
[Worker 22] Round 39 | Loss: 0.0304518 | Train Acc: 99.7388%
[Worker 16] Round 39 | Loss: 0.0346133 | Train Acc: 99.5298%
[Worker 19] Round 39 | Loss: 0.029756 | Train Acc: 99.6604%
[Worker 23] Round 39 | Loss: 0.0250672 | Train Acc: 99.8694%
[Worker 17] Round 39 | Loss: 0.0277868 | Train Acc: 99.7649%
[Worker 21] Round 39 | Loss: 0.028597 | Train Acc: 99.6343%
[Worker 14] Round 39 | Loss: 0.0360621 | Train Acc: 99.3208%
[Worker 13] Round 39 | Loss: 0.0333419 | Train Acc: 99.5298%
[Worker 15] Round 39 | Loss: 0.113977 | Train Acc: 96.7607%
[Worker 12] Round 39 | Loss: 0.0336058 | Train Acc: 99.3992%
[Worker 32] Round 39 | Loss: 0.0205397 | Train Acc: 99.9216%
[Worker 25] Round 39 | Loss: 0.0331834 | Train Acc: 99.6343%
[Worker 27] Round 39 | Loss: 0.038682 | Train Acc: 99.6343%
[Worker 31] Round 39 | Loss: 0.0261497 | Train Acc: 99.791%
[Worker 24] Round 39 | Loss: 0.0432729 | Train Acc: 99.2685%
[Worker 26] Round 39 | Loss: 0.0335274 | Train Acc: 99.6865%
[Worker 28] Round 39 | Loss: 0.0386937 | Train Acc: 99.5559%
[Worker 30] Round 39 | Loss: 0.0240378 | Train Acc: 99.7126%
[Worker 29] Round 39 | Loss: 0.0962155 | Train Acc: 97.7273%
[Worker 39] Round 39 | Loss: 0.0269564 | Train Acc: 99.7126%
[Worker 36] Round 39 | Loss: 0.0304549 | Train Acc: 99.5559%
[Worker 40] Round 39 | Loss: 0.027341 | Train Acc: 99.6604%
[Worker 38] Round 39 | Loss: 0.0599611 | Train Acc: 99.0857%
[Worker 44] Round 39 | Loss: 0.0307831 | Train Acc: 99.582%
[Worker 45] Round 39 | Loss: 0.0297041 | Train Acc: 99.7126%
[Worker 43] Round 39 | Loss: 0.104631 | Train Acc: 97.6489%
[Worker 41] Round 39 | Loss: 0.0259418 | Train Acc: 99.7649%
[Worker 37] Round 39 | Loss: 0.0292829 | Train Acc: 99.6343%
[Worker 46] Round 39 | Loss: 0.0302973 | Train Acc: 99.5298%
[Worker 42] Round 39 | Loss: 0.0266977 | Train Acc: 99.7126%
[Worker 47] Round 39 | Loss: 0.0291251 | Train Acc: 99.591%
[Central Round] 39 [Global Test Accuracy]: 88.73%
[Worker 3] Round 40 | Loss: 0.021283 | Train Acc: 99.6604%
[Worker 9] Round 40 | Loss: 0.0200455 | Train Acc: 99.8171%
[Worker 1] Round 40 | Loss: 0.0188061 | Train Acc: 99.7649%
[Worker 5] Round 40 | Loss: 0.0308333 | Train Acc: 99.6604%
[Worker 7] Round 40 | Loss: 0.020771 | Train Acc: 99.7126%
[Worker 11] Round 40 | Loss: 0.0321808 | Train Acc: 99.4253%
[Worker 2] Round 40 | Loss: 0.0192181 | Train Acc: 99.8694%
[Worker 8] Round 40 | Loss: 0.0262353 | Train Acc: 99.5559%
[Worker 10] Round 40 | Loss: 0.0574106 | Train Acc: 98.6677%
[Worker 4] Round 40 | Loss: 0.0191029 | Train Acc: 99.8433%
[Worker 6] Round 40 | Loss: 0.0209845 | Train Acc: 99.7649%
[Worker 33] Round 40 | Loss: 0.036862 | Train Acc: 99.4775%
[Worker 35] Round 40 | Loss: 0.025001 | Train Acc: 99.7649%
[Worker 25] Round 40 | Loss: 0.0329998 | Train Acc: 99.8171%
[Worker 21] Round 40 | Loss: 0.0287054 | Train Acc: 99.6081%
[Worker 23] Round 40 | Loss: 0.0265142 | Train Acc: 99.6865%
[Worker 20] Round 40 | Loss: 0.0527217 | Train Acc: 99.3208%
[Worker 17] Round 40 | Loss: 0.0269728 | Train Acc: 99.7649%
[Worker 16] Round 40 | Loss: 0.0353297 | Train Acc: 99.4514%
[Worker 18] Round 40 | Loss: 0.0303891 | Train Acc: 99.6865%
[Worker 19] Round 40 | Loss: 0.030283 | Train Acc: 99.5037%
[Worker 22] Round 40 | Loss: 0.0312457 | Train Acc: 99.6604%
[Worker 13] Round 40 | Loss: 0.0337885 | Train Acc: 99.5559%
[Worker 15] Round 40 | Loss: 0.114758 | Train Acc: 96.7868%
[Worker 14] Round 40 | Loss: 0.0351614 | Train Acc: 99.4253%
[Worker 12] Round 40 | Loss: 0.0343108 | Train Acc: 99.373%
[Worker 27] Round 40 | Loss: 0.0389034 | Train Acc: 99.5559%
[Worker 32] Round 40 | Loss: 0.0206334 | Train Acc: 100%
[Worker 31] Round 40 | Loss: 0.0267321 | Train Acc: 99.7649%
[Worker 34] Round 40 | Loss: 0.0260296 | Train Acc: 99.5559%
[Worker 24] Round 40 | Loss: 0.0429664 | Train Acc: 99.2424%
[Worker 26] Round 40 | Loss: 0.033101 | Train Acc: 99.6865%
[Worker 30] Round 40 | Loss: 0.0235283 | Train Acc: 99.8433%
[Worker 28] Round 40 | Loss: 0.0400953 | Train Acc: 99.5037%
[Worker 29] Round 40 | Loss: 0.0971847 | Train Acc: 97.7011%
[Worker 40] Round 40 | Loss: 0.0271835 | Train Acc: 99.6604%
[Worker 38] Round 40 | Loss: 0.0589634 | Train Acc: 99.1379%
[Worker 44] Round 40 | Loss: 0.0297769 | Train Acc: 99.5559%
[Worker 45] Round 40 | Loss: 0.0294874 | Train Acc: 99.6081%
[Worker 39] Round 40 | Loss: 0.0278942 | Train Acc: 99.6865%
[Worker 46] Round 40 | Loss: 0.0285556 | Train Acc: 99.6865%
[Worker 36] Round 40 | Loss: 0.0301625 | Train Acc: 99.6343%
[Worker 43] Round 40 | Loss: 0.10401 | Train Acc: 97.6489%
[Worker 41] Round 40 | Loss: 0.0260722 | Train Acc: 99.791%
[Worker 37] Round 40 | Loss: 0.0286283 | Train Acc: 99.6865%
[Worker 42] Round 40 | Loss: 0.0280886 | Train Acc: 99.6081%
[Worker 47] Round 40 | Loss: 0.0274639 | Train Acc: 99.6677%
[Central Round] 40 [Global Test Accuracy]: 88.77%
[Worker 3] Round 41 | Loss: 0.021648 | Train Acc: 99.7649%
[Worker 9] Round 41 | Loss: 0.0200972 | Train Acc: 99.791%
[Worker 1] Round 41 | Loss: 0.0187385 | Train Acc: 99.8433%
[Worker 7] Round 41 | Loss: 0.020383 | Train Acc: 99.791%
[Worker 5] Round 41 | Loss: 0.0303993 | Train Acc: 99.6604%
[Worker 11] Round 41 | Loss: 0.032547 | Train Acc: 99.373%
[Worker 2] Round 41 | Loss: 0.0189133 | Train Acc: 99.8694%
[Worker 10] Round 41 | Loss: 0.0568494 | Train Acc: 98.6416%
[Worker 4] Round 41 | Loss: 0.0184972 | Train Acc: 99.9216%
[Worker 6] Round 41 | Loss: 0.0201289 | Train Acc: 99.8433%
[Worker 8] Round 41 | Loss: 0.0256518 | Train Acc: 99.6604%
[Worker 33] Round 41 | Loss: 0.0366013 | Train Acc: 99.5559%
[Worker 35] Round 41 | Loss: 0.0244602 | Train Acc: 99.7388%
[Worker 25] Round 41 | Loss: 0.0348391 | Train Acc: 99.4253%
[Worker 16] Round 41 | Loss: 0.034493 | Train Acc: 99.5037%
[Worker 18] Round 41 | Loss: 0.0298686 | Train Acc: 99.582%
[Worker 22] Round 41 | Loss: 0.0300953 | Train Acc: 99.6343%
[Worker 23] Round 41 | Loss: 0.025556 | Train Acc: 99.8433%
[Worker 20] Round 41 | Loss: 0.0529797 | Train Acc: 99.2685%
[Worker 17] Round 41 | Loss: 0.0282401 | Train Acc: 99.7126%
[Worker 19] Round 41 | Loss: 0.0295726 | Train Acc: 99.6343%
[Worker 21] Round 41 | Loss: 0.0273509 | Train Acc: 99.6604%
[Worker 14] Round 41 | Loss: 0.0352685 | Train Acc: 99.2685%
[Worker 12] Round 41 | Loss: 0.0337155 | Train Acc: 99.5298%
[Worker 13] Round 41 | Loss: 0.0347092 | Train Acc: 99.5298%
[Worker 15] Round 41 | Loss: 0.113769 | Train Acc: 96.9697%
[Worker 31] Round 41 | Loss: 0.0248682 | Train Acc: 99.8694%
[Worker 27] Round 41 | Loss: 0.0382465 | Train Acc: 99.6081%
[Worker 32] Round 41 | Loss: 0.0206968 | Train Acc: 99.9216%
[Worker 34] Round 41 | Loss: 0.0266449 | Train Acc: 99.4775%
[Worker 29] Round 41 | Loss: 0.0954652 | Train Acc: 97.7795%
[Worker 24] Round 41 | Loss: 0.042625 | Train Acc: 99.3208%
[Worker 28] Round 41 | Loss: 0.0379555 | Train Acc: 99.582%
[Worker 30] Round 41 | Loss: 0.0244637 | Train Acc: 99.791%
[Worker 26] Round 41 | Loss: 0.0339326 | Train Acc: 99.6865%
[Worker 44] Round 41 | Loss: 0.03067 | Train Acc: 99.6343%
[Worker 46] Round 41 | Loss: 0.029161 | Train Acc: 99.6343%
[Worker 36] Round 41 | Loss: 0.0304714 | Train Acc: 99.4775%
[Worker 40] Round 41 | Loss: 0.0279552 | Train Acc: 99.6081%
[Worker 38] Round 41 | Loss: 0.0585129 | Train Acc: 99.0334%
[Worker 43] Round 41 | Loss: 0.10284 | Train Acc: 97.7273%
[Worker 41] Round 41 | Loss: 0.0256261 | Train Acc: 99.8171%
[Worker 39] Round 41 | Loss: 0.0274738 | Train Acc: 99.7649%
[Worker 37] Round 41 | Loss: 0.0302159 | Train Acc: 99.582%
[Worker 45] Round 41 | Loss: 0.0300354 | Train Acc: 99.7126%
[Worker 42] Round 41 | Loss: 0.0272035 | Train Acc: 99.7388%
[Worker 47] Round 41 | Loss: 0.0278021 | Train Acc: 99.6933%
[Central Round] 41 [Global Test Accuracy]: 88.82%
[Worker 1] Round 42 | Loss: 0.0184584 | Train Acc: 99.791%
[Worker 5] Round 42 | Loss: 0.0311656 | Train Acc: 99.6604%
[Worker 3] Round 42 | Loss: 0.021338 | Train Acc: 99.7388%
[Worker 11] Round 42 | Loss: 0.0324925 | Train Acc: 99.5298%
[Worker 9] Round 42 | Loss: 0.0198011 | Train Acc: 99.791%
[Worker 7] Round 42 | Loss: 0.0208287 | Train Acc: 99.8171%
[Worker 2] Round 42 | Loss: 0.0199699 | Train Acc: 99.8171%
[Worker 8] Round 42 | Loss: 0.025131 | Train Acc: 99.6081%
[Worker 10] Round 42 | Loss: 0.0575866 | Train Acc: 98.6677%
[Worker 6] Round 42 | Loss: 0.0198915 | Train Acc: 99.8171%
[Worker 4] Round 42 | Loss: 0.01905 | Train Acc: 99.8433%
[Worker 17] Round 42 | Loss: 0.0286851 | Train Acc: 99.7126%
[Worker 23] Round 42 | Loss: 0.0256258 | Train Acc: 99.8171%
[Worker 20] Round 42 | Loss: 0.051742 | Train Acc: 99.3208%
[Worker 21] Round 42 | Loss: 0.0279531 | Train Acc: 99.6081%
[Worker 22] Round 42 | Loss: 0.0311361 | Train Acc: 99.6604%
[Worker 16] Round 42 | Loss: 0.0353904 | Train Acc: 99.5298%
[Worker 19] Round 42 | Loss: 0.030592 | Train Acc: 99.4514%
[Worker 35] Round 42 | Loss: 0.0251817 | Train Acc: 99.7126%
[Worker 33] Round 42 | Loss: 0.0362045 | Train Acc: 99.6081%
[Worker 25] Round 42 | Loss: 0.0334017 | Train Acc: 99.6343%
[Worker 14] Round 42 | Loss: 0.0357622 | Train Acc: 99.3992%
[Worker 13] Round 42 | Loss: 0.0338736 | Train Acc: 99.4514%
[Worker 15] Round 42 | Loss: 0.113482 | Train Acc: 96.8652%
[Worker 18] Round 42 | Loss: 0.0298263 | Train Acc: 99.582%
[Worker 12] Round 42 | Loss: 0.0349373 | Train Acc: 99.3992%
[Worker 31] Round 42 | Loss: 0.0256891 | Train Acc: 99.791%
[Worker 27] Round 42 | Loss: 0.0386518 | Train Acc: 99.5559%
[Worker 34] Round 42 | Loss: 0.0263077 | Train Acc: 99.6343%
[Worker 32] Round 42 | Loss: 0.0204722 | Train Acc: 99.9478%
[Worker 29] Round 42 | Loss: 0.0956004 | Train Acc: 97.7011%
[Worker 24] Round 42 | Loss: 0.0430532 | Train Acc: 99.3208%
[Worker 30] Round 42 | Loss: 0.0238562 | Train Acc: 99.8694%
[Worker 28] Round 42 | Loss: 0.0379686 | Train Acc: 99.582%
[Worker 26] Round 42 | Loss: 0.033248 | Train Acc: 99.6604%
[Worker 44] Round 42 | Loss: 0.0317854 | Train Acc: 99.4253%
[Worker 38] Round 42 | Loss: 0.0595251 | Train Acc: 99.0596%
[Worker 40] Round 42 | Loss: 0.0277445 | Train Acc: 99.5298%
[Worker 39] Round 42 | Loss: 0.0285889 | Train Acc: 99.6865%
[Worker 37] Round 42 | Loss: 0.0291316 | Train Acc: 99.6343%
[Worker 46] Round 42 | Loss: 0.0292787 | Train Acc: 99.6081%
[Worker 45] Round 42 | Loss: 0.0292268 | Train Acc: 99.7388%
[Worker 36] Round 42 | Loss: 0.0311198 | Train Acc: 99.5298%
[Worker 43] Round 42 | Loss: 0.103126 | Train Acc: 97.7795%
[Worker 41] Round 42 | Loss: 0.0266829 | Train Acc: 99.7388%
[Worker 42] Round 42 | Loss: 0.0271661 | Train Acc: 99.7126%
[Worker 47] Round 42 | Loss: 0.0283284 | Train Acc: 99.591%
[Central Round] 42 [Global Test Accuracy]: 88.83%
[Worker 9] Round 43 | Loss: 0.0204711 | Train Acc: 99.8433%
[Worker 5] Round 43 | Loss: 0.0300991 | Train Acc: 99.582%
[Worker 3] Round 43 | Loss: 0.0217693 | Train Acc: 99.7388%
[Worker 7] Round 43 | Loss: 0.0205993 | Train Acc: 99.7649%
[Worker 1] Round 43 | Loss: 0.0187692 | Train Acc: 99.7649%
[Worker 2] Round 43 | Loss: 0.0194127 | Train Acc: 99.791%
[Worker 11] Round 43 | Loss: 0.0320158 | Train Acc: 99.4514%
[Worker 8] Round 43 | Loss: 0.0264935 | Train Acc: 99.5559%
[Worker 10] Round 43 | Loss: 0.0573235 | Train Acc: 98.72%
[Worker 4] Round 43 | Loss: 0.018988 | Train Acc: 99.8433%
[Worker 6] Round 43 | Loss: 0.0194936 | Train Acc: 99.8433%
[Worker 35] Round 43 | Loss: 0.0246205 | Train Acc: 99.8694%
[Worker 33] Round 43 | Loss: 0.0363948 | Train Acc: 99.4775%
[Worker 25] Round 43 | Loss: 0.0337691 | Train Acc: 99.6343%
[Worker 16] Round 43 | Loss: 0.0347801 | Train Acc: 99.5037%
[Worker 18] Round 43 | Loss: 0.0297874 | Train Acc: 99.6343%
[Worker 22] Round 43 | Loss: 0.0315436 | Train Acc: 99.4775%
[Worker 17] Round 43 | Loss: 0.0282893 | Train Acc: 99.6604%
[Worker 23] Round 43 | Loss: 0.0257853 | Train Acc: 99.791%
[Worker 20] Round 43 | Loss: 0.0521797 | Train Acc: 99.2424%
[Worker 21] Round 43 | Loss: 0.0289008 | Train Acc: 99.582%
[Worker 19] Round 43 | Loss: 0.0305052 | Train Acc: 99.5298%
[Worker 14] Round 43 | Loss: 0.036209 | Train Acc: 99.4514%
[Worker 15] Round 43 | Loss: 0.113019 | Train Acc: 96.8652%
[Worker 13] Round 43 | Loss: 0.0343797 | Train Acc: 99.373%
[Worker 12] Round 43 | Loss: 0.0347975 | Train Acc: 99.3208%
[Worker 27] Round 43 | Loss: 0.0379652 | Train Acc: 99.5037%
[Worker 31] Round 43 | Loss: 0.0256578 | Train Acc: 99.791%
[Worker 34] Round 43 | Loss: 0.0262904 | Train Acc: 99.6081%
[Worker 32] Round 43 | Loss: 0.0207508 | Train Acc: 99.8955%
[Worker 29] Round 43 | Loss: 0.0959064 | Train Acc: 97.7273%
[Worker 26] Round 43 | Loss: 0.0343631 | Train Acc: 99.582%
[Worker 24] Round 43 | Loss: 0.042705 | Train Acc: 99.2424%
[Worker 28] Round 43 | Loss: 0.0393386 | Train Acc: 99.4253%
[Worker 30] Round 43 | Loss: 0.0240165 | Train Acc: 99.6865%
[Worker 38] Round 43 | Loss: 0.0585998 | Train Acc: 98.8506%
[Worker 39] Round 43 | Loss: 0.0273747 | Train Acc: 99.6604%
[Worker 40] Round 43 | Loss: 0.0276911 | Train Acc: 99.6343%
[Worker 37] Round 43 | Loss: 0.0298337 | Train Acc: 99.582%
[Worker 46] Round 43 | Loss: 0.0283044 | Train Acc: 99.6343%
[Worker 45] Round 43 | Loss: 0.030479 | Train Acc: 99.582%
[Worker 44] Round 43 | Loss: 0.0319152 | Train Acc: 99.5559%
[Worker 36] Round 43 | Loss: 0.0305153 | Train Acc: 99.6081%
[Worker 41] Round 43 | Loss: 0.0261896 | Train Acc: 99.7388%
[Worker 43] Round 43 | Loss: 0.102918 | Train Acc: 97.6489%
[Worker 42] Round 43 | Loss: 0.0271881 | Train Acc: 99.582%
[Worker 47] Round 43 | Loss: 0.0268321 | Train Acc: 99.7699%
[Central Round] 43 [Global Test Accuracy]: 88.92%
[Worker 2] Round 44 | Loss: 0.0193054 | Train Acc: 99.8694%
[Worker 3] Round 44 | Loss: 0.0217589 | Train Acc: 99.7649%
[Worker 7] Round 44 | Loss: 0.0204236 | Train Acc: 99.8433%
[Worker 11] Round 44 | Loss: 0.0329186 | Train Acc: 99.3992%
[Worker 1] Round 44 | Loss: 0.0183705 | Train Acc: 99.7649%
[Worker 9] Round 44 | Loss: 0.0199108 | Train Acc: 99.8171%
[Worker 4] Round 44 | Loss: 0.0184256 | Train Acc: 99.8433%
[Worker 6] Round 44 | Loss: 0.019843 | Train Acc: 99.8171%
[Worker 5] Round 44 | Loss: 0.0305299 | Train Acc: 99.6604%
[Worker 8] Round 44 | Loss: 0.0252943 | Train Acc: 99.6343%
[Worker 10] Round 44 | Loss: 0.0569264 | Train Acc: 98.5632%
[Worker 33] Round 44 | Loss: 0.0360892 | Train Acc: 99.5037%
[Worker 35] Round 44 | Loss: 0.0251723 | Train Acc: 99.7126%
[Worker 25] Round 44 | Loss: 0.0334176 | Train Acc: 99.7126%
[Worker 20] Round 44 | Loss: 0.0519832 | Train Acc: 99.2947%
[Worker 16] Round 44 | Loss: 0.0352317 | Train Acc: 99.4514%
[Worker 18] Round 44 | Loss: 0.029062 | Train Acc: 99.6081%
[Worker 22] Round 44 | Loss: 0.0299186 | Train Acc: 99.6865%
[Worker 19] Round 44 | Loss: 0.0305486 | Train Acc: 99.6081%
[Worker 17] Round 44 | Loss: 0.027253 | Train Acc: 99.6343%
[Worker 23] Round 44 | Loss: 0.025596 | Train Acc: 99.7388%
[Worker 21] Round 44 | Loss: 0.0285192 | Train Acc: 99.5559%
[Worker 12] Round 44 | Loss: 0.0344195 | Train Acc: 99.4514%
[Worker 15] Round 44 | Loss: 0.112536 | Train Acc: 96.7346%
[Worker 14] Round 44 | Loss: 0.0357903 | Train Acc: 99.373%
[Worker 13] Round 44 | Loss: 0.0353444 | Train Acc: 99.4514%
[Worker 27] Round 44 | Loss: 0.0381751 | Train Acc: 99.5037%
[Worker 34] Round 44 | Loss: 0.0260444 | Train Acc: 99.6081%
[Worker 32] Round 44 | Loss: 0.0205145 | Train Acc: 99.9216%
[Worker 29] Round 44 | Loss: 0.0961449 | Train Acc: 97.5705%
[Worker 24] Round 44 | Loss: 0.0426492 | Train Acc: 99.2685%
[Worker 31] Round 44 | Loss: 0.0260196 | Train Acc: 99.8171%
[Worker 26] Round 44 | Loss: 0.0332725 | Train Acc: 99.582%
[Worker 28] Round 44 | Loss: 0.0379608 | Train Acc: 99.5037%
[Worker 30] Round 44 | Loss: 0.0242033 | Train Acc: 99.8433%
[Worker 39] Round 44 | Loss: 0.0275126 | Train Acc: 99.7126%
[Worker 38] Round 44 | Loss: 0.058275 | Train Acc: 99.1379%
[Worker 36] Round 44 | Loss: 0.0308472 | Train Acc: 99.4775%
[Worker 40] Round 44 | Loss: 0.0272723 | Train Acc: 99.6343%
[Worker 37] Round 44 | Loss: 0.0294889 | Train Acc: 99.5559%
[Worker 46] Round 44 | Loss: 0.0291732 | Train Acc: 99.6343%
[Worker 45] Round 44 | Loss: 0.0296995 | Train Acc: 99.3992%
[Worker 44] Round 44 | Loss: 0.0311934 | Train Acc: 99.5298%
[Worker 41] Round 44 | Loss: 0.0266447 | Train Acc: 99.6604%
[Worker 43] Round 44 | Loss: 0.101416 | Train Acc: 97.7273%
[Worker 42] Round 44 | Loss: 0.0274026 | Train Acc: 99.7388%
[Worker 47] Round 44 | Loss: 0.0278528 | Train Acc: 99.6421%
[Central Round] 44 [Global Test Accuracy]: 89.02%
[Worker 1] Round 45 | Loss: 0.0184722 | Train Acc: 99.791%
[Worker 5] Round 45 | Loss: 0.0306594 | Train Acc: 99.6343%
[Worker 3] Round 45 | Loss: 0.0215941 | Train Acc: 99.7649%
[Worker 7] Round 45 | Loss: 0.0202818 | Train Acc: 99.7649%
[Worker 9] Round 45 | Loss: 0.0197701 | Train Acc: 99.7388%
[Worker 11] Round 45 | Loss: 0.0333061 | Train Acc: 99.4775%
[Worker 6] Round 45 | Loss: 0.0203476 | Train Acc: 99.791%
[Worker 10] Round 45 | Loss: 0.0570102 | Train Acc: 98.6938%
[Worker 8] Round 45 | Loss: 0.0252716 | Train Acc: 99.6081%
[Worker 4] Round 45 | Loss: 0.0188386 | Train Acc: 99.8694%
[Worker 33] Round 45 | Loss: 0.0364113 | Train Acc: 99.582%
[Worker 35] Round 45 | Loss: 0.0247101 | Train Acc: 99.7649%
[Worker 2] Round 45 | Loss: 0.0193828 | Train Acc: 99.8694%
[Worker 25] Round 45 | Loss: 0.0330189 | Train Acc: 99.7126%
[Worker 20] Round 45 | Loss: 0.0514526 | Train Acc: 99.2685%
[Worker 16] Round 45 | Loss: 0.0351519 | Train Acc: 99.5037%
[Worker 22] Round 45 | Loss: 0.0314843 | Train Acc: 99.6343%
[Worker 18] Round 45 | Loss: 0.0300145 | Train Acc: 99.5559%
[Worker 23] Round 45 | Loss: 0.0251846 | Train Acc: 99.8694%
[Worker 17] Round 45 | Loss: 0.0287548 | Train Acc: 99.6343%
[Worker 21] Round 45 | Loss: 0.0280045 | Train Acc: 99.582%
[Worker 19] Round 45 | Loss: 0.0298515 | Train Acc: 99.5298%
[Worker 14] Round 45 | Loss: 0.0364563 | Train Acc: 99.3208%
[Worker 13] Round 45 | Loss: 0.0344748 | Train Acc: 99.4253%
[Worker 12] Round 45 | Loss: 0.0338489 | Train Acc: 99.3992%
[Worker 15] Round 45 | Loss: 0.112059 | Train Acc: 97.0481%
[Worker 27] Round 45 | Loss: 0.0373687 | Train Acc: 99.6604%
[Worker 31] Round 45 | Loss: 0.0260413 | Train Acc: 99.791%
[Worker 34] Round 45 | Loss: 0.0256336 | Train Acc: 99.7388%
[Worker 32] Round 45 | Loss: 0.0204073 | Train Acc: 99.8433%
[Worker 29] Round 45 | Loss: 0.0952008 | Train Acc: 97.8579%
[Worker 26] Round 45 | Loss: 0.0340104 | Train Acc: 99.6865%
[Worker 28] Round 45 | Loss: 0.0380428 | Train Acc: 99.582%
[Worker 24] Round 45 | Loss: 0.0428491 | Train Acc: 99.1379%
[Worker 30] Round 45 | Loss: 0.0233101 | Train Acc: 99.6865%
[Worker 38] Round 45 | Loss: 0.0586923 | Train Acc: 98.9289%
[Worker 44] Round 45 | Loss: 0.0314729 | Train Acc: 99.5298%
[Worker 39] Round 45 | Loss: 0.0275694 | Train Acc: 99.7126%
[Worker 41] Round 45 | Loss: 0.0257423 | Train Acc: 99.6865%
[Worker 36] Round 45 | Loss: 0.0308178 | Train Acc: 99.5037%
[Worker 40] Round 45 | Loss: 0.0281751 | Train Acc: 99.4775%
[Worker 37] Round 45 | Loss: 0.0294442 | Train Acc: 99.5298%
[Worker 46] Round 45 | Loss: 0.0287809 | Train Acc: 99.6604%
[Worker 45] Round 45 | Loss: 0.0305029 | Train Acc: 99.5559%
[Worker 43] Round 45 | Loss: 0.102386 | Train Acc: 97.5183%
[Worker 42] Round 45 | Loss: 0.0285823 | Train Acc: 99.5298%
[Worker 47] Round 45 | Loss: 0.0277665 | Train Acc: 99.5143%
[Central Round] 45 [Global Test Accuracy]: 89.05%
[Worker 9] Round 46 | Loss: 0.0199104 | Train Acc: 99.8694%
[Worker 2] Round 46 | Loss: 0.0191885 | Train Acc: 99.8694%
[Worker 11] Round 46 | Loss: 0.0325155 | Train Acc: 99.3208%
[Worker 1] Round 46 | Loss: 0.0183782 | Train Acc: 99.8171%
[Worker 6] Round 46 | Loss: 0.0209778 | Train Acc: 99.7388%
[Worker 10] Round 46 | Loss: 0.0573939 | Train Acc: 98.6938%
[Worker 5] Round 46 | Loss: 0.0300052 | Train Acc: 99.6865%
[Worker 3] Round 46 | Loss: 0.021011 | Train Acc: 99.791%
[Worker 7] Round 46 | Loss: 0.0211833 | Train Acc: 99.7649%
[Worker 8] Round 46 | Loss: 0.0253987 | Train Acc: 99.6081%
[Worker 4] Round 46 | Loss: 0.019345 | Train Acc: 99.8694%
[Worker 35] Round 46 | Loss: 0.0247949 | Train Acc: 99.791%
[Worker 33] Round 46 | Loss: 0.0353565 | Train Acc: 99.6343%
[Worker 20] Round 46 | Loss: 0.05162 | Train Acc: 99.2424%
[Worker 16] Round 46 | Loss: 0.0356917 | Train Acc: 99.3992%
[Worker 22] Round 46 | Loss: 0.0301844 | Train Acc: 99.7388%
[Worker 21] Round 46 | Loss: 0.0273774 | Train Acc: 99.6343%
[Worker 23] Round 46 | Loss: 0.0260189 | Train Acc: 99.7388%
[Worker 19] Round 46 | Loss: 0.0293703 | Train Acc: 99.582%
[Worker 17] Round 46 | Loss: 0.0272076 | Train Acc: 99.7126%
[Worker 18] Round 46 | Loss: 0.0303543 | Train Acc: 99.6604%
[Worker 14] Round 46 | Loss: 0.0354576 | Train Acc: 99.3208%
[Worker 13] Round 46 | Loss: 0.0339743 | Train Acc: 99.5037%
[Worker 15] Round 46 | Loss: 0.113123 | Train Acc: 96.8913%
[Worker 12] Round 46 | Loss: 0.0346314 | Train Acc: 99.3992%
[Worker 25] Round 46 | Loss: 0.0336167 | Train Acc: 99.6604%
[Worker 27] Round 46 | Loss: 0.0387223 | Train Acc: 99.3992%
[Worker 31] Round 46 | Loss: 0.0261476 | Train Acc: 99.7126%
[Worker 34] Round 46 | Loss: 0.0264507 | Train Acc: 99.5559%
[Worker 32] Round 46 | Loss: 0.0213382 | Train Acc: 99.791%
[Worker 29] Round 46 | Loss: 0.0953188 | Train Acc: 97.9101%
[Worker 28] Round 46 | Loss: 0.0385603 | Train Acc: 99.4253%
[Worker 24] Round 46 | Loss: 0.0429749 | Train Acc: 99.2685%
[Worker 30] Round 46 | Loss: 0.0244836 | Train Acc: 99.7126%
[Worker 26] Round 46 | Loss: 0.033371 | Train Acc: 99.7126%
[Worker 36] Round 46 | Loss: 0.0311102 | Train Acc: 99.373%
[Worker 40] Round 46 | Loss: 0.0271449 | Train Acc: 99.6865%
[Worker 45] Round 46 | Loss: 0.0303285 | Train Acc: 99.5298%
[Worker 38] Round 46 | Loss: 0.0580493 | Train Acc: 99.0073%
[Worker 43] Round 46 | Loss: 0.101867 | Train Acc: 97.7011%
[Worker 44] Round 46 | Loss: 0.0308275 | Train Acc: 99.5037%
[Worker 39] Round 46 | Loss: 0.0269754 | Train Acc: 99.7126%
[Worker 41] Round 46 | Loss: 0.0260292 | Train Acc: 99.6865%
[Worker 37] Round 46 | Loss: 0.0299123 | Train Acc: 99.5559%
[Worker 46] Round 46 | Loss: 0.0290211 | Train Acc: 99.6343%
[Worker 42] Round 46 | Loss: 0.0281579 | Train Acc: 99.5559%
[Worker 47] Round 46 | Loss: 0.0291104 | Train Acc: 99.591%
[Central Round] 46 [Global Test Accuracy]: 89.1%
[Worker 3] Round 47 | Loss: 0.0215099 | Train Acc: 99.7388%
[Worker 9] Round 47 | Loss: 0.0197798 | Train Acc: 99.8171%
[Worker 11] Round 47 | Loss: 0.0333097 | Train Acc: 99.373%
[Worker 1] Round 47 | Loss: 0.0188637 | Train Acc: 99.7388%
[Worker 5] Round 47 | Loss: 0.0299542 | Train Acc: 99.6865%
[Worker 8] Round 47 | Loss: 0.0264612 | Train Acc: 99.5559%
[Worker 7] Round 47 | Loss: 0.0199412 | Train Acc: 99.7649%
[Worker 2] Round 47 | Loss: 0.019607 | Train Acc: 99.791%
[Worker 10] Round 47 | Loss: 0.0564653 | Train Acc: 98.6416%
[Worker 4] Round 47 | Loss: 0.0185897 | Train Acc: 99.8955%
[Worker 6] Round 47 | Loss: 0.0198222 | Train Acc: 99.7649%
[Worker 35] Round 47 | Loss: 0.0243814 | Train Acc: 99.7388%
[Worker 33] Round 47 | Loss: 0.0360127 | Train Acc: 99.5298%
[Worker 25] Round 47 | Loss: 0.0327046 | Train Acc: 99.6343%
[Worker 20] Round 47 | Loss: 0.0517362 | Train Acc: 99.2163%
[Worker 16] Round 47 | Loss: 0.0354351 | Train Acc: 99.4514%
[Worker 22] Round 47 | Loss: 0.0308113 | Train Acc: 99.7126%
[Worker 18] Round 47 | Loss: 0.0298224 | Train Acc: 99.6604%
[Worker 23] Round 47 | Loss: 0.0258633 | Train Acc: 99.791%
[Worker 19] Round 47 | Loss: 0.0302489 | Train Acc: 99.5298%
[Worker 17] Round 47 | Loss: 0.0277268 | Train Acc: 99.7649%
[Worker 21] Round 47 | Loss: 0.0277499 | Train Acc: 99.6343%
[Worker 14] Round 47 | Loss: 0.0357992 | Train Acc: 99.2685%
[Worker 12] Round 47 | Loss: 0.0343434 | Train Acc: 99.4253%
[Worker 13] Round 47 | Loss: 0.0335916 | Train Acc: 99.373%
[Worker 15] Round 47 | Loss: 0.112557 | Train Acc: 96.7607%
[Worker 27] Round 47 | Loss: 0.0378149 | Train Acc: 99.6604%
[Worker 31] Round 47 | Loss: 0.0265438 | Train Acc: 99.7649%
[Worker 29] Round 47 | Loss: 0.0948396 | Train Acc: 97.7795%
[Worker 32] Round 47 | Loss: 0.0205153 | Train Acc: 99.8955%
[Worker 34] Round 47 | Loss: 0.0262309 | Train Acc: 99.6343%
[Worker 24] Round 47 | Loss: 0.0420613 | Train Acc: 99.2163%
[Worker 26] Round 47 | Loss: 0.0336298 | Train Acc: 99.582%
[Worker 28] Round 47 | Loss: 0.0378708 | Train Acc: 99.4775%
[Worker 30] Round 47 | Loss: 0.0242282 | Train Acc: 99.7649%
[Worker 36] Round 47 | Loss: 0.0297774 | Train Acc: 99.5298%
[Worker 41] Round 47 | Loss: 0.0259628 | Train Acc: 99.7649%
[Worker 40] Round 47 | Loss: 0.0273557 | Train Acc: 99.6343%
[Worker 46] Round 47 | Loss: 0.0284643 | Train Acc: 99.6343%
[Worker 45] Round 47 | Loss: 0.0291376 | Train Acc: 99.6604%
[Worker 38] Round 47 | Loss: 0.0582079 | Train Acc: 99.1379%
[Worker 43] Round 47 | Loss: 0.100001 | Train Acc: 97.6228%
[Worker 44] Round 47 | Loss: 0.031305 | Train Acc: 99.5037%
[Worker 39] Round 47 | Loss: 0.0274891 | Train Acc: 99.6604%
[Worker 37] Round 47 | Loss: 0.0292575 | Train Acc: 99.582%
[Worker 42] Round 47 | Loss: 0.0280288 | Train Acc: 99.6081%
[Worker 47] Round 47 | Loss: 0.0276362 | Train Acc: 99.5654%
[Central Round] 47 [Global Test Accuracy]: 89.13%
[Worker 3] Round 48 | Loss: 0.0226999 | Train Acc: 99.7126%
[Worker 9] Round 48 | Loss: 0.0201542 | Train Acc: 99.7649%
[Worker 2] Round 48 | Loss: 0.0200215 | Train Acc: 99.791%
[Worker 1] Round 48 | Loss: 0.0181392 | Train Acc: 99.791%
[Worker 7] Round 48 | Loss: 0.0205555 | Train Acc: 99.7126%
[Worker 11] Round 48 | Loss: 0.0324793 | Train Acc: 99.4253%
[Worker 4] Round 48 | Loss: 0.0187435 | Train Acc: 99.7649%
[Worker 5] Round 48 | Loss: 0.0302621 | Train Acc: 99.6343%
[Worker 6] Round 48 | Loss: 0.0195872 | Train Acc: 99.7649%
[Worker 8] Round 48 | Loss: 0.0259685 | Train Acc: 99.5037%
[Worker 10] Round 48 | Loss: 0.0565196 | Train Acc: 98.5371%
[Worker 23] Round 48 | Loss: 0.0252396 | Train Acc: 99.8433%
[Worker 20] Round 48 | Loss: 0.0512451 | Train Acc: 99.2685%
[Worker 16] Round 48 | Loss: 0.0347665 | Train Acc: 99.6081%
[Worker 17] Round 48 | Loss: 0.0273811 | Train Acc: 99.6081%
[Worker 19] Round 48 | Loss: 0.0303393 | Train Acc: 99.4775%
[Worker 21] Round 48 | Loss: 0.0281675 | Train Acc: 99.6343%
[Worker 35] Round 48 | Loss: 0.0244289 | Train Acc: 99.8171%
[Worker 13] Round 48 | Loss: 0.0361209 | Train Acc: 99.3992%
[Worker 33] Round 48 | Loss: 0.0355691 | Train Acc: 99.582%
[Worker 15] Round 48 | Loss: 0.111642 | Train Acc: 96.7868%
[Worker 25] Round 48 | Loss: 0.0340946 | Train Acc: 99.6343%
[Worker 22] Round 48 | Loss: 0.0304656 | Train Acc: 99.582%
[Worker 27] Round 48 | Loss: 0.0380587 | Train Acc: 99.6604%
[Worker 31] Round 48 | Loss: 0.026258 | Train Acc: 99.7649%
[Worker 34] Round 48 | Loss: 0.0260509 | Train Acc: 99.7126%
[Worker 32] Round 48 | Loss: 0.0209739 | Train Acc: 99.8433%
[Worker 29] Round 48 | Loss: 0.0943773 | Train Acc: 97.8056%
[Worker 24] Round 48 | Loss: 0.0420476 | Train Acc: 99.1379%
[Worker 28] Round 48 | Loss: 0.0386121 | Train Acc: 99.5559%
[Worker 30] Round 48 | Loss: 0.0236953 | Train Acc: 99.7126%
[Worker 18] Round 48 | Loss: 0.0294771 | Train Acc: 99.6865%
[Worker 14] Round 48 | Loss: 0.0346451 | Train Acc: 99.4253%
[Worker 12] Round 48 | Loss: 0.0346252 | Train Acc: 99.4775%
[Worker 26] Round 48 | Loss: 0.0338578 | Train Acc: 99.4775%
[Worker 45] Round 48 | Loss: 0.0297211 | Train Acc: 99.6081%
[Worker 43] Round 48 | Loss: 0.100677 | Train Acc: 97.7011%
[Worker 39] Round 48 | Loss: 0.0273619 | Train Acc: 99.6604%
[Worker 41] Round 48 | Loss: 0.0274463 | Train Acc: 99.4514%
[Worker 37] Round 48 | Loss: 0.0292645 | Train Acc: 99.6865%
[Worker 38] Round 48 | Loss: 0.0576289 | Train Acc: 99.0857%
[Worker 44] Round 48 | Loss: 0.0316265 | Train Acc: 99.582%
[Worker 46] Round 48 | Loss: 0.028967 | Train Acc: 99.6604%
[Worker 47] Round 48 | Loss: 0.028258 | Train Acc: 99.6933%
[Worker 36] Round 48 | Loss: 0.0306026 | Train Acc: 99.6081%
[Worker 40] Round 48 | Loss: 0.0278717 | Train Acc: 99.6343%
[Worker 42] Round 48 | Loss: 0.0270284 | Train Acc: 99.6604%
[Central Round] 48 [Global Test Accuracy]: 89.14%
[Worker 1] Round 49 | Loss: 0.0191089 | Train Acc: 99.7126%
[Worker 3] Round 49 | Loss: 0.0218093 | Train Acc: 99.791%
[Worker 7] Round 49 | Loss: 0.0201103 | Train Acc: 99.7388%
[Worker 11] Round 49 | Loss: 0.0339248 | Train Acc: 99.3208%
[Worker 9] Round 49 | Loss: 0.0204082 | Train Acc: 99.7649%
[Worker 2] Round 49 | Loss: 0.0191689 | Train Acc: 99.8171%
[Worker 5] Round 49 | Loss: 0.0302724 | Train Acc: 99.5298%
[Worker 4] Round 49 | Loss: 0.0192067 | Train Acc: 99.8171%
[Worker 6] Round 49 | Loss: 0.0195517 | Train Acc: 99.8171%
[Worker 8] Round 49 | Loss: 0.0257693 | Train Acc: 99.5559%
[Worker 10] Round 49 | Loss: 0.0567269 | Train Acc: 98.6938%
[Worker 18] Round 49 | Loss: 0.0287435 | Train Acc: 99.6865%
[Worker 22] Round 49 | Loss: 0.0321849 | Train Acc: 99.4775%
[Worker 23] Round 49 | Loss: 0.0256847 | Train Acc: 99.8171%
[Worker 21] Round 49 | Loss: 0.0281034 | Train Acc: 99.6343%
[Worker 17] Round 49 | Loss: 0.0296697 | Train Acc: 99.5298%
[Worker 19] Round 49 | Loss: 0.0290753 | Train Acc: 99.5559%
[Worker 15] Round 49 | Loss: 0.11156 | Train Acc: 96.9697%
[Worker 13] Round 49 | Loss: 0.0352115 | Train Acc: 99.2163%
[Worker 14] Round 49 | Loss: 0.0363007 | Train Acc: 99.3208%
[Worker 12] Round 49 | Loss: 0.034197 | Train Acc: 99.4775%
[Worker 16] Round 49 | Loss: 0.0360554 | Train Acc: 99.2424%
[Worker 20] Round 49 | Loss: 0.0508874 | Train Acc: 99.2424%
[Worker 35] Round 49 | Loss: 0.0245252 | Train Acc: 99.791%
[Worker 33] Round 49 | Loss: 0.0356501 | Train Acc: 99.582%
[Worker 34] Round 49 | Loss: 0.0255234 | Train Acc: 99.6865%
[Worker 32] Round 49 | Loss: 0.0211213 | Train Acc: 99.8171%
[Worker 25] Round 49 | Loss: 0.0320611 | Train Acc: 99.6865%
[Worker 27] Round 49 | Loss: 0.0381503 | Train Acc: 99.5559%
[Worker 31] Round 49 | Loss: 0.0253375 | Train Acc: 99.791%
[Worker 24] Round 49 | Loss: 0.0420243 | Train Acc: 99.2424%
[Worker 28] Round 49 | Loss: 0.0387297 | Train Acc: 99.582%
[Worker 26] Round 49 | Loss: 0.0339317 | Train Acc: 99.582%
[Worker 30] Round 49 | Loss: 0.0237676 | Train Acc: 99.7388%
[Worker 29] Round 49 | Loss: 0.0946235 | Train Acc: 97.8056%
[Worker 40] Round 49 | Loss: 0.0279627 | Train Acc: 99.5037%
[Worker 42] Round 49 | Loss: 0.0278094 | Train Acc: 99.6343%
[Worker 36] Round 49 | Loss: 0.0301811 | Train Acc: 99.5037%
[Worker 38] Round 49 | Loss: 0.0571356 | Train Acc: 98.9812%
[Worker 46] Round 49 | Loss: 0.0282337 | Train Acc: 99.6604%
[Worker 44] Round 49 | Loss: 0.0318399 | Train Acc: 99.5559%
[Worker 39] Round 49 | Loss: 0.0285873 | Train Acc: 99.7126%
[Worker 43] Round 49 | Loss: 0.100423 | Train Acc: 97.7795%
[Worker 37] Round 49 | Loss: 0.0294894 | Train Acc: 99.5559%
[Worker 45] Round 49 | Loss: 0.0285425 | Train Acc: 99.6604%
[Worker 41] Round 49 | Loss: 0.0270669 | Train Acc: 99.6343%
[Worker 47] Round 49 | Loss: 0.0281839 | Train Acc: 99.591%
[Central Round] 49 [Global Test Accuracy]: 89.15%
[Worker 1] Round 50 | Loss: 0.0188701 | Train Acc: 99.7388%
[Worker 3] Round 50 | Loss: 0.0215916 | Train Acc: 99.7649%
[Worker 7] Round 50 | Loss: 0.0203018 | Train Acc: 99.7649%
[Worker 5] Round 50 | Loss: 0.0300071 | Train Acc: 99.6343%
[Worker 11] Round 50 | Loss: 0.0333753 | Train Acc: 99.373%
[Worker 9] Round 50 | Loss: 0.0200183 | Train Acc: 99.791%
[Worker 2] Round 50 | Loss: 0.0189318 | Train Acc: 99.8694%
[Worker 4] Round 50 | Loss: 0.0186633 | Train Acc: 99.8433%
[Worker 6] Round 50 | Loss: 0.0198765 | Train Acc: 99.7649%
[Worker 8] Round 50 | Loss: 0.0251727 | Train Acc: 99.582%
[Worker 10] Round 50 | Loss: 0.0562062 | Train Acc: 98.6416%
[Worker 33] Round 50 | Loss: 0.0357179 | Train Acc: 99.5559%
[Worker 35] Round 50 | Loss: 0.0251198 | Train Acc: 99.7126%
[Worker 25] Round 50 | Loss: 0.0330473 | Train Acc: 99.6865%
[Worker 18] Round 50 | Loss: 0.0294591 | Train Acc: 99.6604%
[Worker 22] Round 50 | Loss: 0.0313103 | Train Acc: 99.5559%
[Worker 16] Round 50 | Loss: 0.0358641 | Train Acc: 99.4253%
[Worker 20] Round 50 | Loss: 0.0504978 | Train Acc: 99.2947%
[Worker 19] Round 50 | Loss: 0.0284539 | Train Acc: 99.6081%
[Worker 21] Round 50 | Loss: 0.0289456 | Train Acc: 99.5559%
[Worker 17] Round 50 | Loss: 0.0282135 | Train Acc: 99.6604%
[Worker 23] Round 50 | Loss: 0.0253635 | Train Acc: 99.791%
[Worker 14] Round 50 | Loss: 0.0350285 | Train Acc: 99.4775%
[Worker 15] Round 50 | Loss: 0.110467 | Train Acc: 96.9436%
[Worker 13] Round 50 | Loss: 0.0341038 | Train Acc: 99.3208%
[Worker 12] Round 50 | Loss: 0.0355699 | Train Acc: 99.373%
[Worker 27] Round 50 | Loss: 0.0375541 | Train Acc: 99.6343%
[Worker 31] Round 50 | Loss: 0.0254391 | Train Acc: 99.8694%
[Worker 34] Round 50 | Loss: 0.0253139 | Train Acc: 99.6604%
[Worker 32] Round 50 | Loss: 0.0201934 | Train Acc: 99.9216%
[Worker 29] Round 50 | Loss: 0.0937883 | Train Acc: 97.8056%
[Worker 24] Round 50 | Loss: 0.0419306 | Train Acc: 99.2424%
[Worker 26] Round 50 | Loss: 0.0329202 | Train Acc: 99.5037%
[Worker 28] Round 50 | Loss: 0.038112 | Train Acc: 99.5037%
[Worker 30] Round 50 | Loss: 0.0238182 | Train Acc: 99.7126%
[Worker 46] Round 50 | Loss: 0.0291837 | Train Acc: 99.5298%
[Worker 38] Round 50 | Loss: 0.0575354 | Train Acc: 98.9551%
[Worker 43] Round 50 | Loss: 0.0995155 | Train Acc: 97.675%
[Worker 37] Round 50 | Loss: 0.0293726 | Train Acc: 99.6604%
[Worker 36] Round 50 | Loss: 0.0311924 | Train Acc: 99.4253%
[Worker 40] Round 50 | Loss: 0.0271823 | Train Acc: 99.6343%
[Worker 41] Round 50 | Loss: 0.0265499 | Train Acc: 99.7388%
[Worker 39] Round 50 | Loss: 0.0278045 | Train Acc: 99.6865%
[Worker 44] Round 50 | Loss: 0.0313675 | Train Acc: 99.5559%
[Worker 45] Round 50 | Loss: 0.0293462 | Train Acc: 99.6343%
[Worker 42] Round 50 | Loss: 0.0288254 | Train Acc: 99.6081%
[Worker 47] Round 50 | Loss: 0.0283227 | Train Acc: 99.5399%
[Central Round] 50 [Global Test Accuracy]: 89.16%

[Central] Done. Federated data saved to /home-mscluster/ldemelo/HPC_Assignment/problem1/federated_clustering_mpi/metrics/sweep_4/federated/fixed_total_n4_p12_rep1_j201536

[mult_node] run_id=fixed_total_n4_p12_rep2_j201536 rep=2/3
Rank 0 of 48 processes
Rank 2 of 48 processes
Rank 4 of 48 processes
Rank 8 of 48 processes
Rank 10 of 48 processes
Rank 6 of 48 processes
Rank 11 of 48 processes
Rank 3 of 48 processes
Rank 7 of 48 processes
Rank 9 of 48 processes
Rank 1 of 48 processes
Rank 5 of 48 processes
Rank 28 of 48 processes
Rank 41 of 48 processes
Rank 14 of 48 processes
Rank 30 of 48 processes
Rank 42 of 48 processes
Rank 32 of 48 processes
Rank 34 of 48 processes
Rank 29 of 48 processes
Rank 45 of 48 processes
Rank 31 of 48 processes
Rank 16 of 48 processes
Rank 33 of 48 processes
Rank 46 of 48 processes
Rank 18 of 48 processes
Rank 35 of 48 processes
Rank 36 of 48 processes
Rank 22 of 48 processes
Rank 24 of 48 processes
Rank 44 of 48 processes
Rank 12 of 48 processes
Rank 25 of 48 processes
Rank 39 of 48 processes
Rank 40 of 48 processes
Rank 13 of 48 processes
Rank 26 of 48 processes
Rank 15 of 48 processes
Rank 27 of 48 processes
Rank 43 of 48 processes
Rank 17 of 48 processes
Rank 47 of 48 processes
Rank 19 of 48 processes
Rank 37 of 48 processes
Rank 20 of 48 processes
Rank 38 of 48 processes
Rank 21 of 48 processes
Rank 23 of 48 processes
Softmax regression: 10 classes; 784 features
[Mode] Non-IID Label Shard Distribution
[Distributed Worker 8] Shard size: 1276
Softmax regression: 10 classes; 784 features
[Mode] Non-IID Label Shard Distribution
[Mode] Non-IID Label Shard Distribution
[Mode] Non-IID Label Shard Distribution
[Mode] Non-IID Label Shard Distribution
[Distributed Worker 4] Shard size: 1276
Softmax regression: 10 classes; 784 features
[Distributed Worker 2] Shard size: 1276
Softmax regression: 10 classes; 784 features
[Mode] Non-IID Label Shard Distribution
[Mode] Non-IID Label Shard Distribution
[Mode] Non-IID Label Shard Distribution
[Mode] Non-IID Label Shard Distribution
[Mode] Non-IID Label Shard Distribution
[Mode] Non-IID Label Shard Distribution
[Mode] Non-IID Label Shard Distribution
[Mode] Non-IID Label Shard Distribution
[Mode] Non-IID Label Shard Distribution
[Distributed Worker 3] Shard size: 1276
[Distributed Worker 11] Shard size: 1276
[Mode] Non-IID Label Shard Distribution
[Mode] Non-IID Label Shard Distribution
Softmax regression: 10 classes; 784 features
Softmax regression: 10 classes; 784 features
[Mode] Non-IID Label Shard Distribution
[Mode] Non-IID Label Shard Distribution
[Mode] Non-IID Label Shard Distribution
[Mode] Non-IID Label Shard Distribution
[Distributed Worker 9] Shard size: 1276
Softmax regression: 10 classes; 784 features
[Distributed Worker 5] Shard size: 1276
Softmax regression: 10 classes; 784 features
[Mode] Non-IID Label Shard Distribution
[Distributed Worker 6] Shard size: 1276
[Distributed Worker 10] Shard size: 1276
Softmax regression: 10 classes; 784 features
Softmax regression: 10 classes; 784 features
[Mode] Non-IID Label Shard Distribution
[Distributed Worker 1] Shard size: 1276
Softmax regression: 10 classes; 784 features
[Distributed Worker 7] Shard size: 1276
[Mode] Non-IID Label Shard Distribution
Softmax regression: 10 classes; 784 features
[Mode] Non-IID Label Shard Distribution
[Mode] Non-IID Label Shard Distribution
[Mode] Non-IID Label Shard Distribution
[Mode] Non-IID Label Shard Distribution
[Distributed Worker 26] Shard size: 1276
[Distributed Worker 34] Shard size: 1276
Softmax regression: 10 classes; 784 features
[Distributed Worker 24] Shard size: 1276
Softmax regression: 10 classes; 784 features
Softmax regression: 10 classes; 784 features
[Distributed Worker 32] Shard size: 1276
[Distributed Worker 22] Shard size: 1276
Softmax regression: 10 classes; 784 features
Softmax regression: 10 classes; 784 features
[Distributed Worker 33] Shard size: 1276
[Distributed Worker 25] Shard size: 1276
Softmax regression: 10 classes; 784 features
Softmax regression: 10 classes; 784 features
[Distributed Worker 20] Shard size: 1276
[Distributed Worker 18] Shard size: 1276
Softmax regression: 10 classes; 784 features
Softmax regression: 10 classes; 784 features
[Distributed Worker 16] Shard size: 1276
Softmax regression: 10 classes; 784 features
[Distributed Worker 30] Shard size: 1276
Softmax regression: 10 classes; 784 features
[Distributed Worker 31] Shard size: 1276
Softmax regression: 10 classes; 784 features
[Distributed Worker 28] Shard size: 1276
[Distributed Worker 35] Shard size: 1276
Softmax regression: 10 classes; 784 features
Softmax regression: 10 classes; 784 features
[Distributed Worker 12] Shard size: 1276
[Distributed Worker 14] Shard size: 1276
Softmax regression: 10 classes; 784 features
Softmax regression: 10 classes; 784 features
[Mode] Non-IID Label Shard Distribution
[Mode] Non-IID Label Shard Distribution
[Distributed Worker 27] Shard size: 1276
Softmax regression: 10 classes; 784 features
[Distributed Worker 29] Shard size: 1276
Softmax regression: 10 classes; 784 features
[Worker 2] Round 1 | Loss: 0.0217219 | Train Acc: 99.5925%
[Mode] Non-IID Label Shard Distribution
[Mode] Non-IID Label Shard Distribution
[Mode] Non-IID Label Shard Distribution
[Worker 6] Round 1 | Loss: 0.0267284 | Train Acc: 99.4984%
[Worker 8] Round 1 | Loss: 0.0269383 | Train Acc: 99.4984%
[Worker 10] Round 1 | Loss: 0.0837921 | Train Acc: 97.743%
[Worker 4] Round 1 | Loss: 0.0226205 | Train Acc: 99.5768%
[Mode] Non-IID Label Shard Distribution
[Worker 3] Round 1 | Loss: 0.0231568 | Train Acc: 99.5768%
[Distributed Worker 17] Shard size: 1276
[Distributed Worker 19] Shard size: 1276
[Worker 11] Round 1 | Loss: 0.0287117 | Train Acc: 99.4984%
Softmax regression: 10 classes; 784 features
Softmax regression: 10 classes; 784 features
[Distributed Worker 21] Shard size: 1276
Softmax regression: 10 classes; 784 features
[Worker 9] Round 1 | Loss: 0.0264742 | Train Acc: 99.5455%
[Worker 5] Round 1 | Loss: 0.0472805 | Train Acc: 99.2006%
[Worker 1] Round 1 | Loss: 0.0217512 | Train Acc: 99.5611%
[Worker 7] Round 1 | Loss: 0.0262434 | Train Acc: 99.4984%
[Mode] Non-IID Label Shard Distribution
[Distributed Worker 15] Shard size: 1276
[Mode] Non-IID Label Shard Distribution
Softmax regression: 10 classes; 784 features
[Worker 22] Round 1 | Loss: 0.0253605 | Train Acc: 99.6081%
[Worker 18] Round 1 | Loss: 0.0259524 | Train Acc: 99.5455%
[Worker 34] Round 1 | Loss: 0.0265489 | Train Acc: 99.5455%
[Worker 33] Round 1 | Loss: 0.0575638 | Train Acc: 98.8871%
[Worker 14] Round 1 | Loss: 0.0292543 | Train Acc: 99.4984%
[Distributed Worker 23] Shard size: 1276
[Worker 26] Round 1 | Loss: 0.0331587 | Train Acc: 99.4984%
Softmax regression: 10 classes; 784 features
[Distributed Worker 13] Shard size: 1276
Softmax regression: 10 classes; 784 features
[Worker 25] Round 1 | Loss: 0.0338076 | Train Acc: 99.5141%
[Worker 30] Round 1 | Loss: 0.0255036 | Train Acc: 99.4984%
[Worker 35] Round 1 | Loss: 0.0283114 | Train Acc: 99.5141%
[Worker 31] Round 1 | Loss: 0.0266339 | Train Acc: 99.5455%
[Worker 24] Round 1 | Loss: 0.0609754 | Train Acc: 98.5266%
[Worker 28] Round 1 | Loss: 0.0355441 | Train Acc: 99.4984%
[Worker 27] Round 1 | Loss: 0.0363517 | Train Acc: 99.4984%
[Worker 29] Round 1 | Loss: 0.117925 | Train Acc: 96.8025%
[Worker 16] Round 1 | Loss: 0.0261819 | Train Acc: 99.5141%
[Worker 17] Round 1 | Loss: 0.0252415 | Train Acc: 99.5141%
[Worker 19] Round 1 | Loss: 0.0254486 | Train Acc: 99.5925%
[Worker 21] Round 1 | Loss: 0.0246983 | Train Acc: 99.7649%
[Worker 15] Round 1 | Loss: 0.134329 | Train Acc: 96.4263%
[Worker 20] Round 1 | Loss: 0.0708467 | Train Acc: 98.7461%
[Worker 12] Round 1 | Loss: 0.0296497 | Train Acc: 99.5298%
[Worker 23] Round 1 | Loss: 0.0244197 | Train Acc: 99.6552%
[Worker 13] Round 1 | Loss: 0.0304594 | Train Acc: 99.4984%
[Mode] Non-IID Label Shard Distribution
[Mode] Non-IID Label Shard Distribution
[Mode] Non-IID Label Shard Distribution
[Mode] Non-IID Label Shard Distribution
[Mode] Non-IID Label Shard Distribution
[Mode] Non-IID Label Shard Distribution
[Mode] Non-IID Label Shard Distribution
[Mode] Non-IID Label Shard Distribution
[Mode] Non-IID Label Shard Distribution
[Mode] Non-IID Label Shard Distribution
[Mode] Non-IID Label Shard Distribution
[Distributed Worker 42] Shard size: 1276
[Distributed Worker 36] Shard size: 1276
[Distributed Worker 40] Shard size: 1276
[Distributed Worker 38] Shard size: 1276
Softmax regression: 10 classes; 784 features
Softmax regression: 10 classes; 784 features
Softmax regression: 10 classes; 784 features
Softmax regression: 10 classes; 784 features
[Mode] Non-IID Label Shard Distribution
[Distributed Worker 44] Shard size: 1276
[Distributed Worker 41] Shard size: 1276
[Distributed Worker 43] Shard size: 1276
Softmax regression: 10 classes; 784 features
Softmax regression: 10 classes; 784 features
Softmax regression: 10 classes; 784 features
[Distributed Worker 46] Shard size: 1276
[Distributed Worker 39] Shard size: 1276
Softmax regression: 10 classes; 784 features
Softmax regression: 10 classes; 784 features
[Distributed Worker 45] Shard size: 1276
Softmax regression: 10 classes; 784 features
[Distributed Worker 37] Shard size: 1276
Softmax regression: 10 classes; 784 features
[Distributed Worker 47] Shard size: 1304
Softmax regression: 10 classes; 784 features
[Worker 32] Round 1 | Loss: 0.0246869 | Train Acc: 99.5141%
[Worker 42] Round 1 | Loss: 0.0226175 | Train Acc: 99.5298%
[Worker 38] Round 1 | Loss: 0.0853103 | Train Acc: 97.9624%
[Worker 41] Round 1 | Loss: 0.023136 | Train Acc: 99.5141%
[Worker 40] Round 1 | Loss: 0.0231046 | Train Acc: 99.5141%
[Worker 43] Round 1 | Loss: 0.127896 | Train Acc: 96.4577%
[Worker 39] Round 1 | Loss: 0.0228862 | Train Acc: 99.5141%
[Worker 46] Round 1 | Loss: 0.0243467 | Train Acc: 99.7179%
[Worker 45] Round 1 | Loss: 0.0243332 | Train Acc: 99.7492%
[Worker 37] Round 1 | Loss: 0.0286944 | Train Acc: 99.4984%
[Worker 36] Round 1 | Loss: 0.0288508 | Train Acc: 99.5141%
[Worker 44] Round 1 | Loss: 0.0239054 | Train Acc: 99.7335%
[Worker 47] Round 1 | Loss: 0.0224496 | Train Acc: 99.8006%
[Central Round] 1 [Global Test Accuracy]: 49.33%
[Worker 2] Round 2 | Loss: 0.0195894 | Train Acc: 99.7962%
[Worker 8] Round 2 | Loss: 0.022921 | Train Acc: 99.9216%
[Worker 6] Round 2 | Loss: 0.0222379 | Train Acc: 99.8903%
[Worker 4] Round 2 | Loss: 0.0210934 | Train Acc: 99.7649%
[Worker 10] Round 2 | Loss: 0.0764287 | Train Acc: 98.3072%
[Worker 3] Round 2 | Loss: 0.0216534 | Train Acc: 99.7962%
[Worker 1] Round 2 | Loss: 0.0194271 | Train Acc: 99.8589%
[Worker 9] Round 2 | Loss: 0.0227033 | Train Acc: 99.906%
[Worker 5] Round 2 | Loss: 0.0418437 | Train Acc: 99.4984%
[Worker 7] Round 2 | Loss: 0.0228175 | Train Acc: 99.8433%
[Worker 11] Round 2 | Loss: 0.0254704 | Train Acc: 99.5925%
[Worker 33] Round 2 | Loss: 0.0524229 | Train Acc: 99.2006%
[Worker 20] Round 2 | Loss: 0.0671522 | Train Acc: 98.9498%
[Worker 35] Round 2 | Loss: 0.0255806 | Train Acc: 99.8119%
[Worker 25] Round 2 | Loss: 0.0313012 | Train Acc: 99.6081%
[Worker 16] Round 2 | Loss: 0.0241431 | Train Acc: 99.8589%
[Worker 14] Round 2 | Loss: 0.0268176 | Train Acc: 99.5611%
[Worker 27] Round 2 | Loss: 0.033614 | Train Acc: 99.5768%
[Worker 34] Round 2 | Loss: 0.0238657 | Train Acc: 99.7806%
[Worker 22] Round 2 | Loss: 0.0246209 | Train Acc: 99.7649%
[Worker 12] Round 2 | Loss: 0.0272126 | Train Acc: 99.5768%
[Worker 29] Round 2 | Loss: 0.112305 | Train Acc: 97.1787%
[Worker 32] Round 2 | Loss: 0.0231664 | Train Acc: 99.6552%
[Worker 26] Round 2 | Loss: 0.0300835 | Train Acc: 99.6708%
[Worker 31] Round 2 | Loss: 0.0250567 | Train Acc: 99.6708%
[Worker 24] Round 2 | Loss: 0.0574573 | Train Acc: 98.605%
[Worker 17] Round 2 | Loss: 0.0222351 | Train Acc: 99.8119%
[Worker 15] Round 2 | Loss: 0.127523 | Train Acc: 96.5204%
[Worker 13] Round 2 | Loss: 0.028368 | Train Acc: 99.5611%
[Worker 19] Round 2 | Loss: 0.0227207 | Train Acc: 99.8589%
[Worker 23] Round 2 | Loss: 0.0236211 | Train Acc: 99.8119%
[Worker 21] Round 2 | Loss: 0.023921 | Train Acc: 99.7649%
[Worker 18] Round 2 | Loss: 0.023804 | Train Acc: 99.7179%
[Worker 30] Round 2 | Loss: 0.0243238 | Train Acc: 99.5925%
[Worker 28] Round 2 | Loss: 0.0321653 | Train Acc: 99.7022%
[Worker 36] Round 2 | Loss: 0.0265366 | Train Acc: 99.7492%
[Worker 39] Round 2 | Loss: 0.0211915 | Train Acc: 99.6708%
[Worker 37] Round 2 | Loss: 0.0265299 | Train Acc: 99.7806%
[Worker 46] Round 2 | Loss: 0.0240953 | Train Acc: 99.7179%
[Worker 38] Round 2 | Loss: 0.0799197 | Train Acc: 98.4326%
[Worker 45] Round 2 | Loss: 0.024446 | Train Acc: 99.6865%
[Worker 44] Round 2 | Loss: 0.0238434 | Train Acc: 99.6865%
[Worker 40] Round 2 | Loss: 0.0209849 | Train Acc: 99.7022%
[Worker 42] Round 2 | Loss: 0.0205808 | Train Acc: 99.7806%
[Worker 43] Round 2 | Loss: 0.12252 | Train Acc: 96.8966%
[Worker 41] Round 2 | Loss: 0.0217157 | Train Acc: 99.6552%
[Worker 47] Round 2 | Loss: 0.0223052 | Train Acc: 99.7393%
[Central Round] 2 [Global Test Accuracy]: 66.85%
[Worker 3] Round 3 | Loss: 0.0192419 | Train Acc: 99.953%
[Worker 6] Round 3 | Loss: 0.0204559 | Train Acc: 99.9216%
[Worker 1] Round 3 | Loss: 0.0183069 | Train Acc: 99.906%
[Worker 2] Round 3 | Loss: 0.018702 | Train Acc: 99.8433%
[Worker 8] Round 3 | Loss: 0.0210818 | Train Acc: 99.953%
[Worker 5] Round 3 | Loss: 0.0385626 | Train Acc: 99.6081%
[Worker 7] Round 3 | Loss: 0.0203804 | Train Acc: 99.9373%
[Worker 10] Round 3 | Loss: 0.0710714 | Train Acc: 98.4169%
[Worker 11] Round 3 | Loss: 0.0235499 | Train Acc: 99.7335%
[Worker 4] Round 3 | Loss: 0.0194173 | Train Acc: 99.8119%
[Worker 9] Round 3 | Loss: 0.0205637 | Train Acc: 99.953%
[Worker 33] Round 3 | Loss: 0.0490776 | Train Acc: 99.4201%
[Worker 14] Round 3 | Loss: 0.025363 | Train Acc: 99.7179%
[Worker 35] Round 3 | Loss: 0.0237878 | Train Acc: 99.906%
[Worker 34] Round 3 | Loss: 0.0217771 | Train Acc: 99.9216%
[Worker 13] Round 3 | Loss: 0.0255705 | Train Acc: 99.7649%
[Worker 32] Round 3 | Loss: 0.0214958 | Train Acc: 99.7492%
[Worker 29] Round 3 | Loss: 0.108151 | Train Acc: 97.5392%
[Worker 25] Round 3 | Loss: 0.0287865 | Train Acc: 99.7806%
[Worker 31] Round 3 | Loss: 0.0240975 | Train Acc: 99.7492%
[Worker 15] Round 3 | Loss: 0.124459 | Train Acc: 96.6771%
[Worker 12] Round 3 | Loss: 0.0249399 | Train Acc: 99.7806%
[Worker 27] Round 3 | Loss: 0.031981 | Train Acc: 99.7335%
[Worker 16] Round 3 | Loss: 0.0225545 | Train Acc: 99.8746%
[Worker 20] Round 3 | Loss: 0.0634677 | Train Acc: 99.0596%
[Worker 22] Round 3 | Loss: 0.0232742 | Train Acc: 99.906%
[Worker 17] Round 3 | Loss: 0.020723 | Train Acc: 99.906%
[Worker 26] Round 3 | Loss: 0.0278117 | Train Acc: 99.7649%
[Worker 30] Round 3 | Loss: 0.0227344 | Train Acc: 99.6395%
[Worker 24] Round 3 | Loss: 0.0532448 | Train Acc: 98.8244%
[Worker 28] Round 3 | Loss: 0.0302973 | Train Acc: 99.8276%
[Worker 19] Round 3 | Loss: 0.0213219 | Train Acc: 99.906%
[Worker 21] Round 3 | Loss: 0.0235646 | Train Acc: 99.7962%
[Worker 23] Round 3 | Loss: 0.0227546 | Train Acc: 99.8276%
[Worker 18] Round 3 | Loss: 0.0217135 | Train Acc: 99.906%
[Worker 39] Round 3 | Loss: 0.0197756 | Train Acc: 99.8119%
[Worker 37] Round 3 | Loss: 0.0244051 | Train Acc: 99.9373%
[Worker 36] Round 3 | Loss: 0.023879 | Train Acc: 99.953%
[Worker 38] Round 3 | Loss: 0.0763114 | Train Acc: 98.4953%
[Worker 46] Round 3 | Loss: 0.0240549 | Train Acc: 99.6865%
[Worker 44] Round 3 | Loss: 0.023951 | Train Acc: 99.6708%
[Worker 40] Round 3 | Loss: 0.0205559 | Train Acc: 99.7492%
[Worker 45] Round 3 | Loss: 0.0241299 | Train Acc: 99.7492%
[Worker 42] Round 3 | Loss: 0.0197458 | Train Acc: 99.7962%
[Worker 43] Round 3 | Loss: 0.118975 | Train Acc: 97.116%
[Worker 41] Round 3 | Loss: 0.0205298 | Train Acc: 99.8276%
[Worker 47] Round 3 | Loss: 0.0221628 | Train Acc: 99.8006%
[Central Round] 3 [Global Test Accuracy]: 73.95%
[Worker 1] Round 4 | Loss: 0.0175961 | Train Acc: 99.8746%
[Worker 2] Round 4 | Loss: 0.0178937 | Train Acc: 99.953%
[Worker 5] Round 4 | Loss: 0.0354189 | Train Acc: 99.6081%
[Worker 3] Round 4 | Loss: 0.0184909 | Train Acc: 99.9216%
[Worker 11] Round 4 | Loss: 0.0223008 | Train Acc: 99.8589%
[Worker 4] Round 4 | Loss: 0.0176704 | Train Acc: 99.9373%
[Worker 6] Round 4 | Loss: 0.018565 | Train Acc: 99.9687%
[Worker 7] Round 4 | Loss: 0.0188831 | Train Acc: 99.953%
[Worker 10] Round 4 | Loss: 0.0672388 | Train Acc: 98.5893%
[Worker 8] Round 4 | Loss: 0.0194982 | Train Acc: 99.9687%
[Worker 33] Round 4 | Loss: 0.0457365 | Train Acc: 99.4828%
[Worker 9] Round 4 | Loss: 0.0186771 | Train Acc: 99.953%
[Worker 35] Round 4 | Loss: 0.0218765 | Train Acc: 99.9373%
[Worker 34] Round 4 | Loss: 0.0206356 | Train Acc: 99.953%
[Worker 29] Round 4 | Loss: 0.105259 | Train Acc: 97.6489%
[Worker 25] Round 4 | Loss: 0.0285935 | Train Acc: 99.7806%
[Worker 31] Round 4 | Loss: 0.0223915 | Train Acc: 99.8746%
[Worker 13] Round 4 | Loss: 0.0241243 | Train Acc: 99.8589%
[Worker 21] Round 4 | Loss: 0.0223284 | Train Acc: 99.8746%
[Worker 15] Round 4 | Loss: 0.120269 | Train Acc: 96.9749%
[Worker 32] Round 4 | Loss: 0.0201469 | Train Acc: 99.8903%
[Worker 27] Round 4 | Loss: 0.0305696 | Train Acc: 99.7335%
[Worker 19] Round 4 | Loss: 0.020814 | Train Acc: 99.906%
[Worker 14] Round 4 | Loss: 0.0240403 | Train Acc: 99.8903%
[Worker 23] Round 4 | Loss: 0.0218079 | Train Acc: 99.906%
[Worker 20] Round 4 | Loss: 0.0603882 | Train Acc: 99.1223%
[Worker 17] Round 4 | Loss: 0.0200016 | Train Acc: 99.953%
[Worker 22] Round 4 | Loss: 0.0227201 | Train Acc: 99.8589%
[Worker 12] Round 4 | Loss: 0.0237863 | Train Acc: 99.8746%
[Worker 18] Round 4 | Loss: 0.0209466 | Train Acc: 99.8903%
[Worker 26] Round 4 | Loss: 0.0272574 | Train Acc: 99.7649%
[Worker 30] Round 4 | Loss: 0.0214235 | Train Acc: 99.8903%
[Worker 24] Round 4 | Loss: 0.050406 | Train Acc: 98.9028%
[Worker 28] Round 4 | Loss: 0.0305002 | Train Acc: 99.7022%
[Worker 16] Round 4 | Loss: 0.0219122 | Train Acc: 99.8589%
[Worker 37] Round 4 | Loss: 0.0225463 | Train Acc: 99.953%
[Worker 39] Round 4 | Loss: 0.019709 | Train Acc: 99.8276%
[Worker 45] Round 4 | Loss: 0.0229772 | Train Acc: 99.7492%
[Worker 43] Round 4 | Loss: 0.116354 | Train Acc: 97.0376%
[Worker 41] Round 4 | Loss: 0.0200476 | Train Acc: 99.8119%
[Worker 47] Round 4 | Loss: 0.0214164 | Train Acc: 99.6933%
[Worker 36] Round 4 | Loss: 0.022983 | Train Acc: 99.9687%
[Worker 46] Round 4 | Loss: 0.023196 | Train Acc: 99.7179%
[Worker 38] Round 4 | Loss: 0.0721076 | Train Acc: 98.7304%
[Worker 44] Round 4 | Loss: 0.0234329 | Train Acc: 99.6081%
[Worker 40] Round 4 | Loss: 0.0193847 | Train Acc: 99.8276%
[Worker 42] Round 4 | Loss: 0.0193353 | Train Acc: 99.8276%
[Central Round] 4 [Global Test Accuracy]: 77.56%
[Worker 5] Round 5 | Loss: 0.0471749 | Train Acc: 99.6081%
[Worker 3] Round 5 | Loss: 0.0272272 | Train Acc: 99.8955%
[Worker 9] Round 5 | Loss: 0.0261728 | Train Acc: 99.9478%
[Worker 6] Round 5 | Loss: 0.0263415 | Train Acc: 99.9739%
[Worker 7] Round 5 | Loss: 0.026922 | Train Acc: 99.9739%
[Worker 10] Round 5 | Loss: 0.082477 | Train Acc: 98.302%
[Worker 2] Round 5 | Loss: 0.0254065 | Train Acc: 99.791%
[Worker 8] Round 5 | Loss: 0.0288884 | Train Acc: 99.9216%
[Worker 11] Round 5 | Loss: 0.0342947 | Train Acc: 99.6865%
[Worker 4] Round 5 | Loss: 0.0263438 | Train Acc: 99.791%
[Worker 1] Round 5 | Loss: 0.0239164 | Train Acc: 99.9216%
[Worker 16] Round 5 | Loss: 0.0330511 | Train Acc: 99.8433%
[Worker 33] Round 5 | Loss: 0.0607429 | Train Acc: 99.5037%
[Worker 14] Round 5 | Loss: 0.036822 | Train Acc: 99.7388%
[Worker 35] Round 5 | Loss: 0.0321185 | Train Acc: 99.9216%
[Worker 20] Round 5 | Loss: 0.0788099 | Train Acc: 99.1379%
[Worker 22] Round 5 | Loss: 0.034394 | Train Acc: 99.7126%
[Worker 12] Round 5 | Loss: 0.0344511 | Train Acc: 99.7126%
[Worker 25] Round 5 | Loss: 0.0415397 | Train Acc: 99.7649%
[Worker 34] Round 5 | Loss: 0.0297009 | Train Acc: 99.8955%
[Worker 27] Round 5 | Loss: 0.0469689 | Train Acc: 99.582%
[Worker 29] Round 5 | Loss: 0.126084 | Train Acc: 97.3615%
[Worker 31] Round 5 | Loss: 0.0332053 | Train Acc: 99.7649%
[Worker 32] Round 5 | Loss: 0.0309552 | Train Acc: 99.791%
[Worker 26] Round 5 | Loss: 0.0404877 | Train Acc: 99.7126%
[Worker 24] Round 5 | Loss: 0.0654367 | Train Acc: 98.72%
[Worker 15] Round 5 | Loss: 0.144842 | Train Acc: 96.5256%
[Worker 13] Round 5 | Loss: 0.0371417 | Train Acc: 99.6343%
[Worker 19] Round 5 | Loss: 0.0304376 | Train Acc: 99.9216%
[Worker 17] Round 5 | Loss: 0.0288853 | Train Acc: 99.8433%
[Worker 23] Round 5 | Loss: 0.032545 | Train Acc: 99.8171%
[Worker 18] Round 5 | Loss: 0.0319779 | Train Acc: 99.791%
[Worker 21] Round 5 | Loss: 0.032675 | Train Acc: 99.8433%
[Worker 28] Round 5 | Loss: 0.0446164 | Train Acc: 99.6081%
[Worker 30] Round 5 | Loss: 0.030782 | Train Acc: 99.791%
[Worker 36] Round 5 | Loss: 0.0332913 | Train Acc: 99.8955%
[Worker 44] Round 5 | Loss: 0.0353058 | Train Acc: 99.4514%
[Worker 38] Round 5 | Loss: 0.090444 | Train Acc: 98.6416%
[Worker 42] Round 5 | Loss: 0.0294513 | Train Acc: 99.6081%
[Worker 40] Round 5 | Loss: 0.0295831 | Train Acc: 99.7388%
[Worker 46] Round 5 | Loss: 0.0338672 | Train Acc: 99.7388%
[Worker 39] Round 5 | Loss: 0.0308631 | Train Acc: 99.582%
[Worker 37] Round 5 | Loss: 0.0341771 | Train Acc: 99.9216%
[Worker 45] Round 5 | Loss: 0.0350217 | Train Acc: 99.582%
[Worker 43] Round 5 | Loss: 0.144144 | Train Acc: 96.6823%
[Worker 41] Round 5 | Loss: 0.0283377 | Train Acc: 99.791%
[Worker 47] Round 5 | Loss: 0.0335102 | Train Acc: 99.5399%
[Central Round] 5 [Global Test Accuracy]: 79.85%
[Worker 1] Round 6 | Loss: 0.024214 | Train Acc: 99.8955%
[Worker 5] Round 6 | Loss: 0.0455211 | Train Acc: 99.6343%
[Worker 11] Round 6 | Loss: 0.0318986 | Train Acc: 99.8955%
[Worker 3] Round 6 | Loss: 0.027041 | Train Acc: 99.8694%
[Worker 9] Round 6 | Loss: 0.0250758 | Train Acc: 99.9478%
[Worker 7] Round 6 | Loss: 0.0255717 | Train Acc: 100%
[Worker 2] Round 6 | Loss: 0.0238543 | Train Acc: 99.9478%
[Worker 8] Round 6 | Loss: 0.027317 | Train Acc: 99.9739%
[Worker 6] Round 6 | Loss: 0.0252612 | Train Acc: 99.9216%
[Worker 10] Round 6 | Loss: 0.0785958 | Train Acc: 98.4326%
[Worker 4] Round 6 | Loss: 0.0248951 | Train Acc: 99.8955%
[Worker 33] Round 6 | Loss: 0.0584063 | Train Acc: 99.4514%
[Worker 35] Round 6 | Loss: 0.0302748 | Train Acc: 100%
[Worker 16] Round 6 | Loss: 0.0320122 | Train Acc: 99.9216%
[Worker 25] Round 6 | Loss: 0.0413097 | Train Acc: 99.582%
[Worker 29] Round 6 | Loss: 0.123176 | Train Acc: 97.466%
[Worker 31] Round 6 | Loss: 0.0320805 | Train Acc: 99.9739%
[Worker 14] Round 6 | Loss: 0.0352181 | Train Acc: 99.7649%
[Worker 20] Round 6 | Loss: 0.076499 | Train Acc: 99.0857%
[Worker 22] Round 6 | Loss: 0.0334215 | Train Acc: 99.8955%
[Worker 12] Round 6 | Loss: 0.0350633 | Train Acc: 99.7126%
[Worker 17] Round 6 | Loss: 0.028244 | Train Acc: 99.9216%
[Worker 13] Round 6 | Loss: 0.0366243 | Train Acc: 99.6343%
[Worker 21] Round 6 | Loss: 0.0317742 | Train Acc: 99.8171%
[Worker 19] Round 6 | Loss: 0.0298344 | Train Acc: 99.8694%
[Worker 15] Round 6 | Loss: 0.141426 | Train Acc: 96.4211%
[Worker 23] Round 6 | Loss: 0.0317396 | Train Acc: 99.8955%
[Worker 27] Round 6 | Loss: 0.045554 | Train Acc: 99.6343%
[Worker 18] Round 6 | Loss: 0.0311443 | Train Acc: 99.8433%
[Worker 34] Round 6 | Loss: 0.0296707 | Train Acc: 99.8694%
[Worker 32] Round 6 | Loss: 0.0272677 | Train Acc: 99.9478%
[Worker 26] Round 6 | Loss: 0.0398105 | Train Acc: 99.6081%
[Worker 24] Round 6 | Loss: 0.0630938 | Train Acc: 98.7722%
[Worker 30] Round 6 | Loss: 0.029616 | Train Acc: 99.8694%
[Worker 28] Round 6 | Loss: 0.0437324 | Train Acc: 99.6865%
[Worker 37] Round 6 | Loss: 0.0337654 | Train Acc: 99.8433%
[Worker 39] Round 6 | Loss: 0.0289225 | Train Acc: 99.7649%
[Worker 36] Round 6 | Loss: 0.032349 | Train Acc: 99.8694%
[Worker 38] Round 6 | Loss: 0.0882442 | Train Acc: 98.5893%
[Worker 46] Round 6 | Loss: 0.0337788 | Train Acc: 99.6343%
[Worker 40] Round 6 | Loss: 0.0298625 | Train Acc: 99.7126%
[Worker 45] Round 6 | Loss: 0.0341897 | Train Acc: 99.5298%
[Worker 42] Round 6 | Loss: 0.0271661 | Train Acc: 99.8694%
[Worker 43] Round 6 | Loss: 0.141582 | Train Acc: 96.8913%
[Worker 44] Round 6 | Loss: 0.0338726 | Train Acc: 99.6865%
[Worker 41] Round 6 | Loss: 0.0282861 | Train Acc: 99.791%
[Worker 47] Round 6 | Loss: 0.0315384 | Train Acc: 99.6677%
[Central Round] 6 [Global Test Accuracy]: 81.42%
[Worker 1] Round 7 | Loss: 0.0229013 | Train Acc: 99.9739%
[Worker 3] Round 7 | Loss: 0.0265993 | Train Acc: 99.8955%
[Worker 5] Round 7 | Loss: 0.0439403 | Train Acc: 99.6343%
[Worker 9] Round 7 | Loss: 0.0241609 | Train Acc: 100%
[Worker 7] Round 7 | Loss: 0.024273 | Train Acc: 100%
[Worker 11] Round 7 | Loss: 0.0321468 | Train Acc: 99.791%
[Worker 2] Round 7 | Loss: 0.0235973 | Train Acc: 99.8955%
[Worker 8] Round 7 | Loss: 0.0262143 | Train Acc: 99.9478%
[Worker 6] Round 7 | Loss: 0.0239131 | Train Acc: 100%
[Worker 10] Round 7 | Loss: 0.0768552 | Train Acc: 98.5632%
[Worker 4] Round 7 | Loss: 0.024069 | Train Acc: 99.9216%
[Worker 17] Round 7 | Loss: 0.028885 | Train Acc: 99.9216%
[Worker 33] Round 7 | Loss: 0.0548411 | Train Acc: 99.5037%
[Worker 25] Round 7 | Loss: 0.0401297 | Train Acc: 99.6081%
[Worker 35] Round 7 | Loss: 0.030097 | Train Acc: 99.9739%
[Worker 27] Round 7 | Loss: 0.0450327 | Train Acc: 99.6343%
[Worker 29] Round 7 | Loss: 0.120643 | Train Acc: 97.6489%
[Worker 31] Round 7 | Loss: 0.0305546 | Train Acc: 99.9216%
[Worker 19] Round 7 | Loss: 0.0303757 | Train Acc: 99.7649%
[Worker 23] Round 7 | Loss: 0.0312351 | Train Acc: 99.8694%
[Worker 21] Round 7 | Loss: 0.0319979 | Train Acc: 99.9216%
[Worker 26] Round 7 | Loss: 0.0382042 | Train Acc: 99.7126%
[Worker 34] Round 7 | Loss: 0.0283879 | Train Acc: 99.8955%
[Worker 32] Round 7 | Loss: 0.0278748 | Train Acc: 99.8433%
[Worker 28] Round 7 | Loss: 0.0425793 | Train Acc: 99.791%
[Worker 24] Round 7 | Loss: 0.0610967 | Train Acc: 98.9289%
[Worker 30] Round 7 | Loss: 0.0285941 | Train Acc: 99.9478%
[Worker 22] Round 7 | Loss: 0.0328041 | Train Acc: 99.8171%
[Worker 13] Round 7 | Loss: 0.0357138 | Train Acc: 99.6865%
[Worker 14] Round 7 | Loss: 0.0346637 | Train Acc: 99.8433%
[Worker 20] Round 7 | Loss: 0.0738627 | Train Acc: 99.2163%
[Worker 15] Round 7 | Loss: 0.139771 | Train Acc: 96.5779%
[Worker 16] Round 7 | Loss: 0.0320023 | Train Acc: 99.8955%
[Worker 18] Round 7 | Loss: 0.0308613 | Train Acc: 99.8694%
[Worker 12] Round 7 | Loss: 0.0338695 | Train Acc: 99.8433%
[Worker 36] Round 7 | Loss: 0.0314858 | Train Acc: 99.9216%
[Worker 37] Round 7 | Loss: 0.0320712 | Train Acc: 99.8955%
[Worker 39] Round 7 | Loss: 0.0280087 | Train Acc: 99.7649%
[Worker 38] Round 7 | Loss: 0.085786 | Train Acc: 98.6677%
[Worker 44] Round 7 | Loss: 0.0343844 | Train Acc: 99.5559%
[Worker 45] Round 7 | Loss: 0.03373 | Train Acc: 99.5559%
[Worker 46] Round 7 | Loss: 0.033467 | Train Acc: 99.6865%
[Worker 43] Round 7 | Loss: 0.137728 | Train Acc: 96.8391%
[Worker 40] Round 7 | Loss: 0.0286341 | Train Acc: 99.8433%
[Worker 42] Round 7 | Loss: 0.027848 | Train Acc: 99.7126%
[Worker 41] Round 7 | Loss: 0.0295757 | Train Acc: 99.6343%
[Worker 47] Round 7 | Loss: 0.0311675 | Train Acc: 99.6421%
[Central Round] 7 [Global Test Accuracy]: 82.47%
[Worker 5] Round 8 | Loss: 0.0420472 | Train Acc: 99.7126%
[Worker 9] Round 8 | Loss: 0.0231474 | Train Acc: 99.9739%
[Worker 3] Round 8 | Loss: 0.0248921 | Train Acc: 99.9478%
[Worker 7] Round 8 | Loss: 0.0238175 | Train Acc: 99.9216%
[Worker 1] Round 8 | Loss: 0.02287 | Train Acc: 99.8694%
[Worker 11] Round 8 | Loss: 0.0318173 | Train Acc: 99.791%
[Worker 2] Round 8 | Loss: 0.0224978 | Train Acc: 99.9216%
[Worker 8] Round 8 | Loss: 0.0261888 | Train Acc: 99.8694%
[Worker 10] Round 8 | Loss: 0.0747431 | Train Acc: 98.5632%
[Worker 4] Round 8 | Loss: 0.023205 | Train Acc: 99.9216%
[Worker 6] Round 8 | Loss: 0.0233787 | Train Acc: 99.9739%
[Worker 33] Round 8 | Loss: 0.0529596 | Train Acc: 99.5037%
[Worker 20] Round 8 | Loss: 0.0711929 | Train Acc: 99.2163%
[Worker 16] Round 8 | Loss: 0.03153 | Train Acc: 99.8171%
[Worker 22] Round 8 | Loss: 0.0313441 | Train Acc: 99.8171%
[Worker 14] Round 8 | Loss: 0.0343005 | Train Acc: 99.7649%
[Worker 17] Round 8 | Loss: 0.0283854 | Train Acc: 99.9216%
[Worker 21] Round 8 | Loss: 0.0309809 | Train Acc: 99.8171%
[Worker 13] Round 8 | Loss: 0.0353655 | Train Acc: 99.6343%
[Worker 12] Round 8 | Loss: 0.0346742 | Train Acc: 99.6343%
[Worker 15] Round 8 | Loss: 0.135974 | Train Acc: 96.4211%
[Worker 19] Round 8 | Loss: 0.031122 | Train Acc: 99.791%
[Worker 23] Round 8 | Loss: 0.0302533 | Train Acc: 99.9216%
[Worker 18] Round 8 | Loss: 0.0301359 | Train Acc: 99.8171%
[Worker 35] Round 8 | Loss: 0.029227 | Train Acc: 99.8955%
[Worker 25] Round 8 | Loss: 0.0401669 | Train Acc: 99.7126%
[Worker 29] Round 8 | Loss: 0.118531 | Train Acc: 97.7795%
[Worker 31] Round 8 | Loss: 0.030728 | Train Acc: 99.8694%
[Worker 27] Round 8 | Loss: 0.0450113 | Train Acc: 99.6343%
[Worker 34] Round 8 | Loss: 0.0270844 | Train Acc: 99.9216%
[Worker 32] Round 8 | Loss: 0.0268634 | Train Acc: 99.9216%
[Worker 28] Round 8 | Loss: 0.0433442 | Train Acc: 99.7388%
[Worker 26] Round 8 | Loss: 0.0380764 | Train Acc: 99.7649%
[Worker 30] Round 8 | Loss: 0.0284071 | Train Acc: 99.9216%
[Worker 24] Round 8 | Loss: 0.0590824 | Train Acc: 98.9028%
[Worker 36] Round 8 | Loss: 0.0313044 | Train Acc: 99.9216%
[Worker 44] Round 8 | Loss: 0.0334349 | Train Acc: 99.5298%
[Worker 40] Round 8 | Loss: 0.0277889 | Train Acc: 99.7649%
[Worker 46] Round 8 | Loss: 0.0334033 | Train Acc: 99.6081%
[Worker 38] Round 8 | Loss: 0.0836502 | Train Acc: 98.6938%
[Worker 37] Round 8 | Loss: 0.0309767 | Train Acc: 99.9739%
[Worker 42] Round 8 | Loss: 0.0280025 | Train Acc: 99.8171%
[Worker 39] Round 8 | Loss: 0.0292609 | Train Acc: 99.6865%
[Worker 45] Round 8 | Loss: 0.0334259 | Train Acc: 99.5559%
[Worker 43] Round 8 | Loss: 0.134372 | Train Acc: 96.9697%
[Worker 41] Round 8 | Loss: 0.0273813 | Train Acc: 99.8694%
[Worker 47] Round 8 | Loss: 0.0310952 | Train Acc: 99.6933%
[Central Round] 8 [Global Test Accuracy]: 83.24%
[Worker 1] Round 9 | Loss: 0.0228242 | Train Acc: 99.8171%
[Worker 9] Round 9 | Loss: 0.0225322 | Train Acc: 99.9478%
[Worker 3] Round 9 | Loss: 0.0252879 | Train Acc: 99.8433%
[Worker 7] Round 9 | Loss: 0.0225907 | Train Acc: 100%
[Worker 5] Round 9 | Loss: 0.0413453 | Train Acc: 99.6343%
[Worker 11] Round 9 | Loss: 0.0307739 | Train Acc: 99.8694%
[Worker 2] Round 9 | Loss: 0.0237373 | Train Acc: 99.8433%
[Worker 8] Round 9 | Loss: 0.0253343 | Train Acc: 99.9216%
[Worker 4] Round 9 | Loss: 0.0241799 | Train Acc: 99.791%
[Worker 6] Round 9 | Loss: 0.0234267 | Train Acc: 99.9478%
[Worker 10] Round 9 | Loss: 0.0729957 | Train Acc: 98.4848%
[Worker 33] Round 9 | Loss: 0.0508588 | Train Acc: 99.6081%
[Worker 20] Round 9 | Loss: 0.0720389 | Train Acc: 98.9028%
[Worker 16] Round 9 | Loss: 0.0318018 | Train Acc: 99.8171%
[Worker 22] Round 9 | Loss: 0.0310849 | Train Acc: 99.8171%
[Worker 35] Round 9 | Loss: 0.0297892 | Train Acc: 99.8694%
[Worker 14] Round 9 | Loss: 0.0339624 | Train Acc: 99.8433%
[Worker 17] Round 9 | Loss: 0.0268006 | Train Acc: 99.9216%
[Worker 19] Round 9 | Loss: 0.0291186 | Train Acc: 99.8433%
[Worker 25] Round 9 | Loss: 0.039804 | Train Acc: 99.5559%
[Worker 23] Round 9 | Loss: 0.0304994 | Train Acc: 99.8433%
[Worker 31] Round 9 | Loss: 0.0288131 | Train Acc: 99.8694%
[Worker 12] Round 9 | Loss: 0.033914 | Train Acc: 99.6081%
[Worker 21] Round 9 | Loss: 0.0296575 | Train Acc: 99.9478%
[Worker 29] Round 9 | Loss: 0.115605 | Train Acc: 97.9101%
[Worker 13] Round 9 | Loss: 0.0343537 | Train Acc: 99.7649%
[Worker 27] Round 9 | Loss: 0.0442545 | Train Acc: 99.5037%
[Worker 18] Round 9 | Loss: 0.0298207 | Train Acc: 99.8694%
[Worker 15] Round 9 | Loss: 0.133965 | Train Acc: 96.7607%
[Worker 34] Round 9 | Loss: 0.0270966 | Train Acc: 99.8955%
[Worker 32] Round 9 | Loss: 0.0260764 | Train Acc: 99.9216%
[Worker 26] Round 9 | Loss: 0.0382631 | Train Acc: 99.5559%
[Worker 24] Round 9 | Loss: 0.0567454 | Train Acc: 98.9551%
[Worker 30] Round 9 | Loss: 0.028079 | Train Acc: 99.8955%
[Worker 28] Round 9 | Loss: 0.0420916 | Train Acc: 99.582%
[Worker 36] Round 9 | Loss: 0.0313139 | Train Acc: 99.791%
[Worker 39] Round 9 | Loss: 0.0285025 | Train Acc: 99.7649%
[Worker 37] Round 9 | Loss: 0.0308554 | Train Acc: 99.8955%
[Worker 44] Round 9 | Loss: 0.0326561 | Train Acc: 99.6604%
[Worker 45] Round 9 | Loss: 0.0330724 | Train Acc: 99.582%
[Worker 46] Round 9 | Loss: 0.0328526 | Train Acc: 99.6343%
[Worker 38] Round 9 | Loss: 0.0818721 | Train Acc: 98.6677%
[Worker 40] Round 9 | Loss: 0.027502 | Train Acc: 99.8433%
[Worker 42] Round 9 | Loss: 0.0274176 | Train Acc: 99.791%
[Worker 43] Round 9 | Loss: 0.133408 | Train Acc: 96.8913%
[Worker 41] Round 9 | Loss: 0.0278898 | Train Acc: 99.7126%
[Worker 47] Round 9 | Loss: 0.03049 | Train Acc: 99.6933%
[Central Round] 9 [Global Test Accuracy]: 83.9%
[Worker 11] Round 10 | Loss: 0.0308929 | Train Acc: 99.791%
[Worker 7] Round 10 | Loss: 0.0231409 | Train Acc: 99.9216%
[Worker 1] Round 10 | Loss: 0.0218947 | Train Acc: 99.9478%
[Worker 9] Round 10 | Loss: 0.0222124 | Train Acc: 99.9739%
[Worker 3] Round 10 | Loss: 0.0241863 | Train Acc: 99.9216%
[Worker 5] Round 10 | Loss: 0.0394834 | Train Acc: 99.7126%
[Worker 2] Round 10 | Loss: 0.0227749 | Train Acc: 99.8433%
[Worker 8] Round 10 | Loss: 0.0259898 | Train Acc: 99.7649%
[Worker 6] Round 10 | Loss: 0.023254 | Train Acc: 99.9216%
[Worker 4] Round 10 | Loss: 0.0230895 | Train Acc: 99.9216%
[Worker 10] Round 10 | Loss: 0.0714159 | Train Acc: 98.4848%
[Worker 33] Round 10 | Loss: 0.0499283 | Train Acc: 99.5559%
[Worker 20] Round 10 | Loss: 0.0694327 | Train Acc: 99.0334%
[Worker 16] Round 10 | Loss: 0.0311803 | Train Acc: 99.7649%
[Worker 22] Round 10 | Loss: 0.0310821 | Train Acc: 99.791%
[Worker 25] Round 10 | Loss: 0.039247 | Train Acc: 99.6865%
[Worker 35] Round 10 | Loss: 0.0284645 | Train Acc: 99.9216%
[Worker 29] Round 10 | Loss: 0.113709 | Train Acc: 97.8579%
[Worker 27] Round 10 | Loss: 0.0427665 | Train Acc: 99.582%
[Worker 31] Round 10 | Loss: 0.0299323 | Train Acc: 99.8433%
[Worker 14] Round 10 | Loss: 0.0341131 | Train Acc: 99.791%
[Worker 12] Round 10 | Loss: 0.0335751 | Train Acc: 99.791%
[Worker 18] Round 10 | Loss: 0.0293953 | Train Acc: 99.8694%
[Worker 17] Round 10 | Loss: 0.0274496 | Train Acc: 99.9478%
[Worker 19] Round 10 | Loss: 0.0303057 | Train Acc: 99.7649%
[Worker 13] Round 10 | Loss: 0.0345729 | Train Acc: 99.7388%
[Worker 15] Round 10 | Loss: 0.135023 | Train Acc: 96.7085%
[Worker 23] Round 10 | Loss: 0.0292394 | Train Acc: 99.8955%
[Worker 21] Round 10 | Loss: 0.0303949 | Train Acc: 99.7649%
[Worker 34] Round 10 | Loss: 0.0271061 | Train Acc: 99.9478%
[Worker 32] Round 10 | Loss: 0.0262693 | Train Acc: 99.8171%
[Worker 26] Round 10 | Loss: 0.0378808 | Train Acc: 99.7126%
[Worker 24] Round 10 | Loss: 0.056285 | Train Acc: 99.0334%
[Worker 30] Round 10 | Loss: 0.0269111 | Train Acc: 99.9478%
[Worker 28] Round 10 | Loss: 0.0425275 | Train Acc: 99.6604%
[Worker 37] Round 10 | Loss: 0.0307203 | Train Acc: 99.9216%
[Worker 36] Round 10 | Loss: 0.0305513 | Train Acc: 99.8433%
[Worker 39] Round 10 | Loss: 0.0278358 | Train Acc: 99.8694%
[Worker 38] Round 10 | Loss: 0.0805471 | Train Acc: 98.511%
[Worker 44] Round 10 | Loss: 0.0323738 | Train Acc: 99.582%
[Worker 46] Round 10 | Loss: 0.0324985 | Train Acc: 99.5559%
[Worker 40] Round 10 | Loss: 0.026975 | Train Acc: 99.7388%
[Worker 42] Round 10 | Loss: 0.0274943 | Train Acc: 99.8171%
[Worker 45] Round 10 | Loss: 0.0323354 | Train Acc: 99.7126%
[Worker 43] Round 10 | Loss: 0.130232 | Train Acc: 97.0219%
[Worker 41] Round 10 | Loss: 0.0276158 | Train Acc: 99.791%
[Worker 47] Round 10 | Loss: 0.0302167 | Train Acc: 99.6933%
[Central Round] 10 [Global Test Accuracy]: 84.42%
[Worker 1] Round 11 | Loss: 0.0208529 | Train Acc: 99.9739%
[Worker 11] Round 11 | Loss: 0.0313084 | Train Acc: 99.6865%
[Worker 5] Round 11 | Loss: 0.0393429 | Train Acc: 99.6604%
[Worker 7] Round 11 | Loss: 0.0225483 | Train Acc: 99.9478%
[Worker 9] Round 11 | Loss: 0.0215935 | Train Acc: 100%
[Worker 3] Round 11 | Loss: 0.0248661 | Train Acc: 99.8171%
[Worker 2] Round 11 | Loss: 0.021216 | Train Acc: 99.9739%
[Worker 8] Round 11 | Loss: 0.0259532 | Train Acc: 99.7649%
[Worker 6] Round 11 | Loss: 0.0223826 | Train Acc: 99.9478%
[Worker 10] Round 11 | Loss: 0.07014 | Train Acc: 98.4848%
[Worker 33] Round 11 | Loss: 0.0495412 | Train Acc: 99.4775%
[Worker 4] Round 11 | Loss: 0.022355 | Train Acc: 99.9478%
[Worker 22] Round 11 | Loss: 0.0311936 | Train Acc: 99.7388%
[Worker 20] Round 11 | Loss: 0.0681621 | Train Acc: 99.1118%
[Worker 17] Round 11 | Loss: 0.0277288 | Train Acc: 99.8433%
[Worker 25] Round 11 | Loss: 0.0374832 | Train Acc: 99.7649%
[Worker 35] Round 11 | Loss: 0.0280333 | Train Acc: 99.8694%
[Worker 31] Round 11 | Loss: 0.0285321 | Train Acc: 99.9216%
[Worker 14] Round 11 | Loss: 0.0343917 | Train Acc: 99.7388%
[Worker 27] Round 11 | Loss: 0.0430346 | Train Acc: 99.582%
[Worker 19] Round 11 | Loss: 0.0294106 | Train Acc: 99.7649%
[Worker 29] Round 11 | Loss: 0.111739 | Train Acc: 97.7273%
[Worker 13] Round 11 | Loss: 0.0333723 | Train Acc: 99.7649%
[Worker 15] Round 11 | Loss: 0.132224 | Train Acc: 96.6301%
[Worker 12] Round 11 | Loss: 0.0330242 | Train Acc: 99.8694%
[Worker 23] Round 11 | Loss: 0.0284583 | Train Acc: 99.8433%
[Worker 18] Round 11 | Loss: 0.0308043 | Train Acc: 99.7649%
[Worker 21] Round 11 | Loss: 0.0293734 | Train Acc: 99.8171%
[Worker 16] Round 11 | Loss: 0.0308064 | Train Acc: 99.8171%
[Worker 26] Round 11 | Loss: 0.0368552 | Train Acc: 99.7388%
[Worker 34] Round 11 | Loss: 0.0262939 | Train Acc: 99.9478%
[Worker 32] Round 11 | Loss: 0.0247742 | Train Acc: 99.8955%
[Worker 30] Round 11 | Loss: 0.0269118 | Train Acc: 99.8171%
[Worker 24] Round 11 | Loss: 0.0536488 | Train Acc: 99.1641%
[Worker 28] Round 11 | Loss: 0.0418301 | Train Acc: 99.6604%
[Worker 37] Round 11 | Loss: 0.0309128 | Train Acc: 99.7649%
[Worker 39] Round 11 | Loss: 0.0267296 | Train Acc: 99.8171%
[Worker 45] Round 11 | Loss: 0.0324739 | Train Acc: 99.6081%
[Worker 43] Round 11 | Loss: 0.128554 | Train Acc: 97.0742%
[Worker 41] Round 11 | Loss: 0.027486 | Train Acc: 99.791%
[Worker 47] Round 11 | Loss: 0.0304334 | Train Acc: 99.591%
[Worker 36] Round 11 | Loss: 0.0304434 | Train Acc: 99.8433%
[Worker 38] Round 11 | Loss: 0.0772057 | Train Acc: 98.8244%
[Worker 46] Round 11 | Loss: 0.0305836 | Train Acc: 99.7649%
[Worker 40] Round 11 | Loss: 0.0263849 | Train Acc: 99.8171%
[Worker 44] Round 11 | Loss: 0.0330324 | Train Acc: 99.5298%
[Worker 42] Round 11 | Loss: 0.026599 | Train Acc: 99.791%
[Central Round] 11 [Global Test Accuracy]: 84.85%
[Worker 5] Round 12 | Loss: 0.0387769 | Train Acc: 99.7388%
[Worker 7] Round 12 | Loss: 0.0221805 | Train Acc: 99.9478%
[Worker 3] Round 12 | Loss: 0.0249701 | Train Acc: 99.8171%
[Worker 9] Round 12 | Loss: 0.0212589 | Train Acc: 99.9739%
[Worker 11] Round 12 | Loss: 0.0306758 | Train Acc: 99.7126%
[Worker 2] Round 12 | Loss: 0.0217022 | Train Acc: 99.9478%
[Worker 8] Round 12 | Loss: 0.0257763 | Train Acc: 99.7649%
[Worker 6] Round 12 | Loss: 0.0223013 | Train Acc: 99.9478%
[Worker 10] Round 12 | Loss: 0.0692932 | Train Acc: 98.4065%
[Worker 4] Round 12 | Loss: 0.0222525 | Train Acc: 99.9216%
[Worker 1] Round 12 | Loss: 0.0215868 | Train Acc: 99.8955%
[Worker 16] Round 12 | Loss: 0.0322859 | Train Acc: 99.7388%
[Worker 17] Round 12 | Loss: 0.0270071 | Train Acc: 99.9216%
[Worker 19] Round 12 | Loss: 0.0294933 | Train Acc: 99.8171%
[Worker 23] Round 12 | Loss: 0.0286258 | Train Acc: 99.8955%
[Worker 21] Round 12 | Loss: 0.0290796 | Train Acc: 99.8171%
[Worker 13] Round 12 | Loss: 0.033777 | Train Acc: 99.8171%
[Worker 15] Round 12 | Loss: 0.130457 | Train Acc: 96.7085%
[Worker 20] Round 12 | Loss: 0.0651328 | Train Acc: 99.1379%
[Worker 22] Round 12 | Loss: 0.0302637 | Train Acc: 99.8433%
[Worker 14] Round 12 | Loss: 0.034316 | Train Acc: 99.6604%
[Worker 18] Round 12 | Loss: 0.0297764 | Train Acc: 99.7388%
[Worker 12] Round 12 | Loss: 0.0329442 | Train Acc: 99.7126%
[Worker 33] Round 12 | Loss: 0.0474609 | Train Acc: 99.5298%
[Worker 25] Round 12 | Loss: 0.0377717 | Train Acc: 99.7126%
[Worker 35] Round 12 | Loss: 0.0284873 | Train Acc: 99.8433%
[Worker 29] Round 12 | Loss: 0.110192 | Train Acc: 97.8579%
[Worker 31] Round 12 | Loss: 0.028005 | Train Acc: 99.8955%
[Worker 27] Round 12 | Loss: 0.0424995 | Train Acc: 99.6604%
[Worker 34] Round 12 | Loss: 0.0268339 | Train Acc: 99.8433%
[Worker 26] Round 12 | Loss: 0.0364895 | Train Acc: 99.7126%
[Worker 32] Round 12 | Loss: 0.0242566 | Train Acc: 99.9478%
[Worker 24] Round 12 | Loss: 0.0536134 | Train Acc: 98.9812%
[Worker 30] Round 12 | Loss: 0.0263463 | Train Acc: 99.9216%
[Worker 28] Round 12 | Loss: 0.0414723 | Train Acc: 99.6865%
[Worker 36] Round 12 | Loss: 0.0303418 | Train Acc: 99.8433%
[Worker 38] Round 12 | Loss: 0.0764387 | Train Acc: 98.5893%
[Worker 46] Round 12 | Loss: 0.0302887 | Train Acc: 99.791%
[Worker 44] Round 12 | Loss: 0.0317437 | Train Acc: 99.6081%
[Worker 40] Round 12 | Loss: 0.0263828 | Train Acc: 99.7388%
[Worker 42] Round 12 | Loss: 0.0264043 | Train Acc: 99.8171%
[Worker 37] Round 12 | Loss: 0.0307894 | Train Acc: 99.8171%
[Worker 39] Round 12 | Loss: 0.0280586 | Train Acc: 99.7649%
[Worker 45] Round 12 | Loss: 0.0329956 | Train Acc: 99.6604%
[Worker 43] Round 12 | Loss: 0.126995 | Train Acc: 97.1003%
[Worker 41] Round 12 | Loss: 0.0263757 | Train Acc: 99.791%
[Worker 47] Round 12 | Loss: 0.0296984 | Train Acc: 99.7188%
[Central Round] 12 [Global Test Accuracy]: 85.2%
[Worker 5] Round 13 | Loss: 0.0371713 | Train Acc: 99.7388%
[Worker 7] Round 13 | Loss: 0.0224829 | Train Acc: 99.8694%
[Worker 3] Round 13 | Loss: 0.024126 | Train Acc: 99.9216%
[Worker 9] Round 13 | Loss: 0.0217494 | Train Acc: 99.9478%
[Worker 1] Round 13 | Loss: 0.0210118 | Train Acc: 99.8955%
[Worker 11] Round 13 | Loss: 0.0307115 | Train Acc: 99.6865%
[Worker 2] Round 13 | Loss: 0.0210115 | Train Acc: 99.9739%
[Worker 8] Round 13 | Loss: 0.0252511 | Train Acc: 99.791%
[Worker 6] Round 13 | Loss: 0.0214252 | Train Acc: 99.9739%
[Worker 4] Round 13 | Loss: 0.0210981 | Train Acc: 99.9478%
[Worker 10] Round 13 | Loss: 0.0675759 | Train Acc: 98.5893%
[Worker 22] Round 13 | Loss: 0.0300875 | Train Acc: 99.7649%
[Worker 33] Round 13 | Loss: 0.0464801 | Train Acc: 99.4775%
[Worker 25] Round 13 | Loss: 0.036727 | Train Acc: 99.6081%
[Worker 35] Round 13 | Loss: 0.0272663 | Train Acc: 99.9216%
[Worker 14] Round 13 | Loss: 0.0326123 | Train Acc: 99.7649%
[Worker 16] Round 13 | Loss: 0.031645 | Train Acc: 99.7126%
[Worker 20] Round 13 | Loss: 0.0648998 | Train Acc: 99.1379%
[Worker 17] Round 13 | Loss: 0.0268522 | Train Acc: 99.8955%
[Worker 21] Round 13 | Loss: 0.028185 | Train Acc: 99.8955%
[Worker 13] Round 13 | Loss: 0.033797 | Train Acc: 99.7126%
[Worker 19] Round 13 | Loss: 0.0291027 | Train Acc: 99.8171%
[Worker 23] Round 13 | Loss: 0.0290952 | Train Acc: 99.7388%
[Worker 12] Round 13 | Loss: 0.0338633 | Train Acc: 99.7126%
[Worker 15] Round 13 | Loss: 0.129657 | Train Acc: 96.6301%
[Worker 18] Round 13 | Loss: 0.0290922 | Train Acc: 99.8433%
[Worker 27] Round 13 | Loss: 0.0420573 | Train Acc: 99.6865%
[Worker 31] Round 13 | Loss: 0.0271555 | Train Acc: 100%
[Worker 29] Round 13 | Loss: 0.108292 | Train Acc: 97.9101%
[Worker 34] Round 13 | Loss: 0.0260883 | Train Acc: 99.8433%
[Worker 32] Round 13 | Loss: 0.0242907 | Train Acc: 99.9739%
[Worker 24] Round 13 | Loss: 0.0527932 | Train Acc: 99.0596%
[Worker 26] Round 13 | Loss: 0.0371963 | Train Acc: 99.5559%
[Worker 28] Round 13 | Loss: 0.0402023 | Train Acc: 99.6343%
[Worker 30] Round 13 | Loss: 0.0259299 | Train Acc: 99.8955%
[Worker 36] Round 13 | Loss: 0.0303239 | Train Acc: 99.7388%
[Worker 37] Round 13 | Loss: 0.0301662 | Train Acc: 99.8694%
[Worker 39] Round 13 | Loss: 0.0281397 | Train Acc: 99.6604%
[Worker 38] Round 13 | Loss: 0.0753596 | Train Acc: 98.7722%
[Worker 44] Round 13 | Loss: 0.0317709 | Train Acc: 99.4775%
[Worker 40] Round 13 | Loss: 0.0280433 | Train Acc: 99.7388%
[Worker 46] Round 13 | Loss: 0.0303137 | Train Acc: 99.7649%
[Worker 45] Round 13 | Loss: 0.0336386 | Train Acc: 99.3992%
[Worker 43] Round 13 | Loss: 0.123577 | Train Acc: 97.1526%
[Worker 42] Round 13 | Loss: 0.025975 | Train Acc: 99.8694%
[Worker 41] Round 13 | Loss: 0.0261763 | Train Acc: 99.8433%
[Worker 47] Round 13 | Loss: 0.0298848 | Train Acc: 99.6421%
[Central Round] 13 [Global Test Accuracy]: 85.56%
[Worker 3] Round 14 | Loss: 0.0234672 | Train Acc: 99.8955%
[Worker 1] Round 14 | Loss: 0.0209828 | Train Acc: 99.8694%
[Worker 9] Round 14 | Loss: 0.0214277 | Train Acc: 99.9478%
[Worker 5] Round 14 | Loss: 0.0372523 | Train Acc: 99.7388%
[Worker 7] Round 14 | Loss: 0.0216917 | Train Acc: 99.8955%
[Worker 11] Round 14 | Loss: 0.0305546 | Train Acc: 99.6604%
[Worker 8] Round 14 | Loss: 0.0250051 | Train Acc: 99.7126%
[Worker 2] Round 14 | Loss: 0.0212579 | Train Acc: 99.9478%
[Worker 6] Round 14 | Loss: 0.021623 | Train Acc: 99.9478%
[Worker 4] Round 14 | Loss: 0.0217229 | Train Acc: 99.8694%
[Worker 10] Round 14 | Loss: 0.0664636 | Train Acc: 98.72%
[Worker 33] Round 14 | Loss: 0.0454588 | Train Acc: 99.5559%
[Worker 22] Round 14 | Loss: 0.029983 | Train Acc: 99.8171%
[Worker 16] Round 14 | Loss: 0.032251 | Train Acc: 99.6604%
[Worker 20] Round 14 | Loss: 0.0653613 | Train Acc: 98.9028%
[Worker 35] Round 14 | Loss: 0.027385 | Train Acc: 99.8694%
[Worker 25] Round 14 | Loss: 0.0376591 | Train Acc: 99.7126%
[Worker 14] Round 14 | Loss: 0.0330403 | Train Acc: 99.7649%
[Worker 12] Round 14 | Loss: 0.0330032 | Train Acc: 99.7126%
[Worker 17] Round 14 | Loss: 0.027344 | Train Acc: 99.8433%
[Worker 18] Round 14 | Loss: 0.0293788 | Train Acc: 99.8955%
[Worker 21] Round 14 | Loss: 0.0283523 | Train Acc: 99.8955%
[Worker 19] Round 14 | Loss: 0.030019 | Train Acc: 99.7649%
[Worker 23] Round 14 | Loss: 0.0284444 | Train Acc: 99.9216%
[Worker 13] Round 14 | Loss: 0.0346766 | Train Acc: 99.6081%
[Worker 15] Round 14 | Loss: 0.128924 | Train Acc: 96.6823%
[Worker 31] Round 14 | Loss: 0.0277679 | Train Acc: 99.8694%
[Worker 29] Round 14 | Loss: 0.108296 | Train Acc: 97.7534%
[Worker 27] Round 14 | Loss: 0.0425016 | Train Acc: 99.5559%
[Worker 34] Round 14 | Loss: 0.0265632 | Train Acc: 99.8171%
[Worker 32] Round 14 | Loss: 0.023567 | Train Acc: 99.9739%
[Worker 26] Round 14 | Loss: 0.0357985 | Train Acc: 99.8433%
[Worker 24] Round 14 | Loss: 0.0515133 | Train Acc: 99.1641%
[Worker 30] Round 14 | Loss: 0.0259352 | Train Acc: 99.8171%
[Worker 28] Round 14 | Loss: 0.0414466 | Train Acc: 99.6081%
[Worker 36] Round 14 | Loss: 0.0293406 | Train Acc: 99.8694%
[Worker 37] Round 14 | Loss: 0.0305138 | Train Acc: 99.7649%
[Worker 39] Round 14 | Loss: 0.0273441 | Train Acc: 99.7649%
[Worker 46] Round 14 | Loss: 0.0314354 | Train Acc: 99.6604%
[Worker 38] Round 14 | Loss: 0.0728452 | Train Acc: 98.9028%
[Worker 44] Round 14 | Loss: 0.03305 | Train Acc: 99.4775%
[Worker 40] Round 14 | Loss: 0.0267655 | Train Acc: 99.8171%
[Worker 45] Round 14 | Loss: 0.0322668 | Train Acc: 99.4514%
[Worker 42] Round 14 | Loss: 0.0272097 | Train Acc: 99.7126%
[Worker 43] Round 14 | Loss: 0.12498 | Train Acc: 96.8913%
[Worker 41] Round 14 | Loss: 0.0264467 | Train Acc: 99.791%
[Worker 47] Round 14 | Loss: 0.028215 | Train Acc: 99.8211%
[Central Round] 14 [Global Test Accuracy]: 85.87%
[Worker 3] Round 15 | Loss: 0.0236387 | Train Acc: 99.9216%
[Worker 1] Round 15 | Loss: 0.0206257 | Train Acc: 99.8955%
[Worker 5] Round 15 | Loss: 0.0366841 | Train Acc: 99.8171%
[Worker 7] Round 15 | Loss: 0.0213984 | Train Acc: 99.8955%
[Worker 9] Round 15 | Loss: 0.0205707 | Train Acc: 99.9739%
[Worker 11] Round 15 | Loss: 0.0313541 | Train Acc: 99.7126%
[Worker 8] Round 15 | Loss: 0.025151 | Train Acc: 99.7126%
[Worker 2] Round 15 | Loss: 0.0212646 | Train Acc: 99.8955%
[Worker 6] Round 15 | Loss: 0.0215622 | Train Acc: 99.9478%
[Worker 4] Round 15 | Loss: 0.0221625 | Train Acc: 99.8955%
[Worker 10] Round 15 | Loss: 0.0662268 | Train Acc: 98.511%
[Worker 33] Round 15 | Loss: 0.0441841 | Train Acc: 99.6604%
[Worker 16] Round 15 | Loss: 0.0328419 | Train Acc: 99.6604%
[Worker 35] Round 15 | Loss: 0.0282074 | Train Acc: 99.8694%
[Worker 20] Round 15 | Loss: 0.0638189 | Train Acc: 99.0857%
[Worker 22] Round 15 | Loss: 0.0305351 | Train Acc: 99.8171%
[Worker 25] Round 15 | Loss: 0.0365892 | Train Acc: 99.6081%
[Worker 31] Round 15 | Loss: 0.0274036 | Train Acc: 99.9216%
[Worker 29] Round 15 | Loss: 0.106515 | Train Acc: 97.8579%
[Worker 27] Round 15 | Loss: 0.0408862 | Train Acc: 99.6343%
[Worker 17] Round 15 | Loss: 0.0277646 | Train Acc: 99.8433%
[Worker 19] Round 15 | Loss: 0.0293266 | Train Acc: 99.8171%
[Worker 14] Round 15 | Loss: 0.0348083 | Train Acc: 99.582%
[Worker 23] Round 15 | Loss: 0.027987 | Train Acc: 99.8171%
[Worker 21] Round 15 | Loss: 0.0286883 | Train Acc: 99.791%
[Worker 12] Round 15 | Loss: 0.0337474 | Train Acc: 99.6343%
[Worker 18] Round 15 | Loss: 0.0299199 | Train Acc: 99.7388%
[Worker 15] Round 15 | Loss: 0.126903 | Train Acc: 96.7085%
[Worker 13] Round 15 | Loss: 0.0340488 | Train Acc: 99.7126%
[Worker 34] Round 15 | Loss: 0.0260345 | Train Acc: 99.8694%
[Worker 24] Round 15 | Loss: 0.0503797 | Train Acc: 99.2685%
[Worker 26] Round 15 | Loss: 0.0355303 | Train Acc: 99.6604%
[Worker 32] Round 15 | Loss: 0.0238164 | Train Acc: 99.9478%
[Worker 30] Round 15 | Loss: 0.0257939 | Train Acc: 99.8171%
[Worker 28] Round 15 | Loss: 0.0404272 | Train Acc: 99.6604%
[Worker 36] Round 15 | Loss: 0.0298428 | Train Acc: 99.791%
[Worker 39] Round 15 | Loss: 0.0264096 | Train Acc: 99.9216%
[Worker 37] Round 15 | Loss: 0.0299237 | Train Acc: 99.8171%
[Worker 38] Round 15 | Loss: 0.0722482 | Train Acc: 98.9028%
[Worker 46] Round 15 | Loss: 0.030254 | Train Acc: 99.7649%
[Worker 44] Round 15 | Loss: 0.0332989 | Train Acc: 99.5559%
[Worker 40] Round 15 | Loss: 0.0262147 | Train Acc: 99.8171%
[Worker 45] Round 15 | Loss: 0.0308486 | Train Acc: 99.7388%
[Worker 42] Round 15 | Loss: 0.026481 | Train Acc: 99.7388%
[Worker 43] Round 15 | Loss: 0.121598 | Train Acc: 97.3354%
[Worker 41] Round 15 | Loss: 0.0272513 | Train Acc: 99.8171%
[Worker 47] Round 15 | Loss: 0.0285273 | Train Acc: 99.7444%
[Central Round] 15 [Global Test Accuracy]: 86.13%
[Worker 9] Round 16 | Loss: 0.0205622 | Train Acc: 99.9739%
[Worker 3] Round 16 | Loss: 0.0230111 | Train Acc: 99.8955%
[Worker 7] Round 16 | Loss: 0.0212277 | Train Acc: 99.9478%
[Worker 1] Round 16 | Loss: 0.0204594 | Train Acc: 99.8433%
[Worker 5] Round 16 | Loss: 0.0361342 | Train Acc: 99.6604%
[Worker 8] Round 16 | Loss: 0.0249677 | Train Acc: 99.6865%
[Worker 2] Round 16 | Loss: 0.020801 | Train Acc: 99.9216%
[Worker 11] Round 16 | Loss: 0.0307803 | Train Acc: 99.7388%
[Worker 4] Round 16 | Loss: 0.0212933 | Train Acc: 99.9216%
[Worker 10] Round 16 | Loss: 0.0656054 | Train Acc: 98.5371%
[Worker 6] Round 16 | Loss: 0.0214786 | Train Acc: 99.8955%
[Worker 16] Round 16 | Loss: 0.0331924 | Train Acc: 99.582%
[Worker 33] Round 16 | Loss: 0.0443923 | Train Acc: 99.6081%
[Worker 20] Round 16 | Loss: 0.0627175 | Train Acc: 99.0334%
[Worker 14] Round 16 | Loss: 0.033174 | Train Acc: 99.7649%
[Worker 22] Round 16 | Loss: 0.0301713 | Train Acc: 99.6865%
[Worker 12] Round 16 | Loss: 0.0339182 | Train Acc: 99.6865%
[Worker 18] Round 16 | Loss: 0.0289875 | Train Acc: 99.8433%
[Worker 35] Round 16 | Loss: 0.0272693 | Train Acc: 99.8694%
[Worker 29] Round 16 | Loss: 0.10531 | Train Acc: 97.8579%
[Worker 25] Round 16 | Loss: 0.0364629 | Train Acc: 99.7126%
[Worker 13] Round 16 | Loss: 0.0344879 | Train Acc: 99.582%
[Worker 15] Round 16 | Loss: 0.126789 | Train Acc: 96.813%
[Worker 17] Round 16 | Loss: 0.0279727 | Train Acc: 99.8171%
[Worker 19] Round 16 | Loss: 0.0301358 | Train Acc: 99.6865%
[Worker 31] Round 16 | Loss: 0.0282653 | Train Acc: 99.8433%
[Worker 23] Round 16 | Loss: 0.0279781 | Train Acc: 99.8433%
[Worker 27] Round 16 | Loss: 0.0412957 | Train Acc: 99.7126%
[Worker 21] Round 16 | Loss: 0.0291232 | Train Acc: 99.7126%
[Worker 34] Round 16 | Loss: 0.0271361 | Train Acc: 99.791%
[Worker 26] Round 16 | Loss: 0.0356608 | Train Acc: 99.6865%
[Worker 24] Round 16 | Loss: 0.0498917 | Train Acc: 99.2947%
[Worker 28] Round 16 | Loss: 0.0403891 | Train Acc: 99.5559%
[Worker 30] Round 16 | Loss: 0.0254751 | Train Acc: 99.8694%
[Worker 32] Round 16 | Loss: 0.0233886 | Train Acc: 99.8955%
[Worker 37] Round 16 | Loss: 0.0302 | Train Acc: 99.7388%
[Worker 39] Round 16 | Loss: 0.0270463 | Train Acc: 99.8171%
[Worker 36] Round 16 | Loss: 0.030437 | Train Acc: 99.6604%
[Worker 38] Round 16 | Loss: 0.0717811 | Train Acc: 98.7722%
[Worker 45] Round 16 | Loss: 0.0309962 | Train Acc: 99.6865%
[Worker 40] Round 16 | Loss: 0.0267648 | Train Acc: 99.6865%
[Worker 44] Round 16 | Loss: 0.0331324 | Train Acc: 99.5559%
[Worker 42] Round 16 | Loss: 0.0254585 | Train Acc: 99.8694%
[Worker 43] Round 16 | Loss: 0.120864 | Train Acc: 97.0742%
[Worker 41] Round 16 | Loss: 0.0267985 | Train Acc: 99.7126%
[Worker 46] Round 16 | Loss: 0.0306101 | Train Acc: 99.6604%
[Worker 47] Round 16 | Loss: 0.0284211 | Train Acc: 99.8466%
[Central Round] 16 [Global Test Accuracy]: 86.36%
[Worker 11] Round 17 | Loss: 0.0317667 | Train Acc: 99.6081%
[Worker 6] Round 17 | Loss: 0.0208659 | Train Acc: 99.9739%
[Worker 9] Round 17 | Loss: 0.0203293 | Train Acc: 99.9478%
[Worker 8] Round 17 | Loss: 0.0244075 | Train Acc: 99.7649%
[Worker 10] Round 17 | Loss: 0.0649582 | Train Acc: 98.511%
[Worker 3] Round 17 | Loss: 0.0231746 | Train Acc: 99.8955%
[Worker 7] Round 17 | Loss: 0.0209589 | Train Acc: 99.9478%
[Worker 1] Round 17 | Loss: 0.0204772 | Train Acc: 99.8694%
[Worker 2] Round 17 | Loss: 0.0203255 | Train Acc: 99.9478%
[Worker 5] Round 17 | Loss: 0.0355577 | Train Acc: 99.791%
[Worker 4] Round 17 | Loss: 0.0210873 | Train Acc: 99.8171%
[Worker 14] Round 17 | Loss: 0.0334182 | Train Acc: 99.6081%
[Worker 33] Round 17 | Loss: 0.04309 | Train Acc: 99.6081%
[Worker 35] Round 17 | Loss: 0.0275331 | Train Acc: 99.7649%
[Worker 25] Round 17 | Loss: 0.0361242 | Train Acc: 99.7388%
[Worker 31] Round 17 | Loss: 0.0262848 | Train Acc: 99.9216%
[Worker 29] Round 17 | Loss: 0.105652 | Train Acc: 97.7273%
[Worker 27] Round 17 | Loss: 0.0406429 | Train Acc: 99.6081%
[Worker 15] Round 17 | Loss: 0.12612 | Train Acc: 96.6562%
[Worker 12] Round 17 | Loss: 0.0334732 | Train Acc: 99.6343%
[Worker 13] Round 17 | Loss: 0.0334807 | Train Acc: 99.7388%
[Worker 20] Round 17 | Loss: 0.0619068 | Train Acc: 99.1902%
[Worker 16] Round 17 | Loss: 0.0328406 | Train Acc: 99.7126%
[Worker 22] Round 17 | Loss: 0.0301107 | Train Acc: 99.6081%
[Worker 32] Round 17 | Loss: 0.0233978 | Train Acc: 99.9216%
[Worker 34] Round 17 | Loss: 0.0256037 | Train Acc: 99.8694%
[Worker 17] Round 17 | Loss: 0.0274791 | Train Acc: 99.8694%
[Worker 23] Round 17 | Loss: 0.0265972 | Train Acc: 99.9478%
[Worker 19] Round 17 | Loss: 0.0290621 | Train Acc: 99.8171%
[Worker 21] Round 17 | Loss: 0.028124 | Train Acc: 99.8171%
[Worker 24] Round 17 | Loss: 0.0491053 | Train Acc: 99.2685%
[Worker 18] Round 17 | Loss: 0.0297421 | Train Acc: 99.7388%
[Worker 26] Round 17 | Loss: 0.0362722 | Train Acc: 99.6865%
[Worker 30] Round 17 | Loss: 0.0252386 | Train Acc: 99.8694%
[Worker 28] Round 17 | Loss: 0.0399935 | Train Acc: 99.7126%
[Worker 36] Round 17 | Loss: 0.0305035 | Train Acc: 99.6604%
[Worker 39] Round 17 | Loss: 0.026638 | Train Acc: 99.8171%
[Worker 38] Round 17 | Loss: 0.0702694 | Train Acc: 98.8506%
[Worker 37] Round 17 | Loss: 0.0300979 | Train Acc: 99.7126%
[Worker 46] Round 17 | Loss: 0.0304144 | Train Acc: 99.6865%
[Worker 40] Round 17 | Loss: 0.0269629 | Train Acc: 99.7649%
[Worker 45] Round 17 | Loss: 0.0313165 | Train Acc: 99.6343%
[Worker 44] Round 17 | Loss: 0.0317886 | Train Acc: 99.6081%
[Worker 42] Round 17 | Loss: 0.0258501 | Train Acc: 99.7649%
[Worker 43] Round 17 | Loss: 0.119084 | Train Acc: 97.4922%
[Worker 41] Round 17 | Loss: 0.0272169 | Train Acc: 99.7126%
[Worker 47] Round 17 | Loss: 0.0288303 | Train Acc: 99.6933%
[Central Round] 17 [Global Test Accuracy]: 86.55%
[Worker 5] Round 18 | Loss: 0.0355341 | Train Acc: 99.6865%
[Worker 6] Round 18 | Loss: 0.0210454 | Train Acc: 99.8694%
[Worker 9] Round 18 | Loss: 0.0205873 | Train Acc: 99.9216%
[Worker 8] Round 18 | Loss: 0.0255096 | Train Acc: 99.7126%
[Worker 10] Round 18 | Loss: 0.0644693 | Train Acc: 98.511%
[Worker 3] Round 18 | Loss: 0.0240629 | Train Acc: 99.791%
[Worker 7] Round 18 | Loss: 0.0209208 | Train Acc: 99.9216%
[Worker 1] Round 18 | Loss: 0.0206093 | Train Acc: 99.8955%
[Worker 2] Round 18 | Loss: 0.0207971 | Train Acc: 99.9478%
[Worker 4] Round 18 | Loss: 0.0208532 | Train Acc: 99.9216%
[Worker 11] Round 18 | Loss: 0.0327104 | Train Acc: 99.6343%
[Worker 17] Round 18 | Loss: 0.0271216 | Train Acc: 99.8171%
[Worker 33] Round 18 | Loss: 0.0432021 | Train Acc: 99.4775%
[Worker 35] Round 18 | Loss: 0.0276221 | Train Acc: 99.7649%
[Worker 25] Round 18 | Loss: 0.0360462 | Train Acc: 99.6343%
[Worker 23] Round 18 | Loss: 0.0268666 | Train Acc: 99.8694%
[Worker 22] Round 18 | Loss: 0.029701 | Train Acc: 99.6604%
[Worker 16] Round 18 | Loss: 0.0335274 | Train Acc: 99.5298%
[Worker 19] Round 18 | Loss: 0.0303094 | Train Acc: 99.582%
[Worker 21] Round 18 | Loss: 0.0282414 | Train Acc: 99.8171%
[Worker 20] Round 18 | Loss: 0.061615 | Train Acc: 99.1118%
[Worker 14] Round 18 | Loss: 0.0351905 | Train Acc: 99.4514%
[Worker 15] Round 18 | Loss: 0.124337 | Train Acc: 96.4995%
[Worker 13] Round 18 | Loss: 0.0335381 | Train Acc: 99.6604%
[Worker 12] Round 18 | Loss: 0.0339634 | Train Acc: 99.5298%
[Worker 18] Round 18 | Loss: 0.0302662 | Train Acc: 99.791%
[Worker 27] Round 18 | Loss: 0.0413487 | Train Acc: 99.6343%
[Worker 31] Round 18 | Loss: 0.0275506 | Train Acc: 99.8433%
[Worker 29] Round 18 | Loss: 0.10531 | Train Acc: 97.7011%
[Worker 34] Round 18 | Loss: 0.0264248 | Train Acc: 99.8171%
[Worker 26] Round 18 | Loss: 0.0354554 | Train Acc: 99.7388%
[Worker 32] Round 18 | Loss: 0.022572 | Train Acc: 99.9216%
[Worker 24] Round 18 | Loss: 0.0485772 | Train Acc: 99.2685%
[Worker 28] Round 18 | Loss: 0.0399062 | Train Acc: 99.582%
[Worker 30] Round 18 | Loss: 0.0250374 | Train Acc: 99.8955%
[Worker 39] Round 18 | Loss: 0.0277618 | Train Acc: 99.7388%
[Worker 37] Round 18 | Loss: 0.0299143 | Train Acc: 99.7649%
[Worker 36] Round 18 | Loss: 0.0302919 | Train Acc: 99.6865%
[Worker 38] Round 18 | Loss: 0.0703433 | Train Acc: 98.8506%
[Worker 46] Round 18 | Loss: 0.0301122 | Train Acc: 99.7388%
[Worker 45] Round 18 | Loss: 0.0309778 | Train Acc: 99.5559%
[Worker 44] Round 18 | Loss: 0.0319036 | Train Acc: 99.5037%
[Worker 40] Round 18 | Loss: 0.0268041 | Train Acc: 99.7388%
[Worker 43] Round 18 | Loss: 0.117994 | Train Acc: 97.3354%
[Worker 42] Round 18 | Loss: 0.0255027 | Train Acc: 99.9216%
[Worker 41] Round 18 | Loss: 0.0263476 | Train Acc: 99.791%
[Worker 47] Round 18 | Loss: 0.0281805 | Train Acc: 99.7188%
[Central Round] 18 [Global Test Accuracy]: 86.91%
[Worker 1] Round 19 | Loss: 0.0207832 | Train Acc: 99.791%
[Worker 5] Round 19 | Loss: 0.035082 | Train Acc: 99.7388%
[Worker 9] Round 19 | Loss: 0.020183 | Train Acc: 99.9739%
[Worker 3] Round 19 | Loss: 0.02305 | Train Acc: 99.8694%
[Worker 7] Round 19 | Loss: 0.0214159 | Train Acc: 99.8694%
[Worker 2] Round 19 | Loss: 0.0212469 | Train Acc: 99.8955%
[Worker 11] Round 19 | Loss: 0.0320681 | Train Acc: 99.6081%
[Worker 6] Round 19 | Loss: 0.0211938 | Train Acc: 99.8955%
[Worker 8] Round 19 | Loss: 0.0254443 | Train Acc: 99.6343%
[Worker 10] Round 19 | Loss: 0.0631061 | Train Acc: 98.6155%
[Worker 4] Round 19 | Loss: 0.0200636 | Train Acc: 99.9216%
[Worker 20] Round 19 | Loss: 0.0598324 | Train Acc: 99.2163%
[Worker 33] Round 19 | Loss: 0.0425625 | Train Acc: 99.5298%
[Worker 25] Round 19 | Loss: 0.0359578 | Train Acc: 99.6343%
[Worker 35] Round 19 | Loss: 0.0264628 | Train Acc: 99.8955%
[Worker 22] Round 19 | Loss: 0.0300278 | Train Acc: 99.7649%
[Worker 16] Round 19 | Loss: 0.0321509 | Train Acc: 99.6081%
[Worker 19] Round 19 | Loss: 0.0287357 | Train Acc: 99.7649%
[Worker 21] Round 19 | Loss: 0.0274328 | Train Acc: 99.7388%
[Worker 17] Round 19 | Loss: 0.0277459 | Train Acc: 99.791%
[Worker 14] Round 19 | Loss: 0.0339668 | Train Acc: 99.582%
[Worker 18] Round 19 | Loss: 0.0305964 | Train Acc: 99.582%
[Worker 23] Round 19 | Loss: 0.0275234 | Train Acc: 99.8171%
[Worker 12] Round 19 | Loss: 0.0327804 | Train Acc: 99.7388%
[Worker 15] Round 19 | Loss: 0.123751 | Train Acc: 96.6301%
[Worker 13] Round 19 | Loss: 0.0343693 | Train Acc: 99.6604%
[Worker 29] Round 19 | Loss: 0.104243 | Train Acc: 97.675%
[Worker 27] Round 19 | Loss: 0.0412648 | Train Acc: 99.5298%
[Worker 31] Round 19 | Loss: 0.0267925 | Train Acc: 99.8955%
[Worker 34] Round 19 | Loss: 0.0258759 | Train Acc: 99.791%
[Worker 26] Round 19 | Loss: 0.0351984 | Train Acc: 99.6604%
[Worker 32] Round 19 | Loss: 0.0226752 | Train Acc: 99.8955%
[Worker 24] Round 19 | Loss: 0.0484378 | Train Acc: 99.373%
[Worker 30] Round 19 | Loss: 0.0249495 | Train Acc: 99.8955%
[Worker 28] Round 19 | Loss: 0.0386244 | Train Acc: 99.7126%
[Worker 39] Round 19 | Loss: 0.0284233 | Train Acc: 99.6081%
[Worker 36] Round 19 | Loss: 0.0303503 | Train Acc: 99.6865%
[Worker 37] Round 19 | Loss: 0.0290154 | Train Acc: 99.7126%
[Worker 46] Round 19 | Loss: 0.0296928 | Train Acc: 99.6865%
[Worker 38] Round 19 | Loss: 0.0688057 | Train Acc: 98.9551%
[Worker 44] Round 19 | Loss: 0.0320462 | Train Acc: 99.6604%
[Worker 42] Round 19 | Loss: 0.0275507 | Train Acc: 99.6343%
[Worker 43] Round 19 | Loss: 0.117473 | Train Acc: 97.4399%
[Worker 40] Round 19 | Loss: 0.0265823 | Train Acc: 99.7388%
[Worker 45] Round 19 | Loss: 0.0301983 | Train Acc: 99.6343%
[Worker 41] Round 19 | Loss: 0.0257791 | Train Acc: 99.791%
[Worker 47] Round 19 | Loss: 0.028322 | Train Acc: 99.6421%
[Central Round] 19 [Global Test Accuracy]: 87.09%
[Worker 1] Round 20 | Loss: 0.0200638 | Train Acc: 99.8171%
[Worker 3] Round 20 | Loss: 0.0230557 | Train Acc: 99.7649%
[Worker 7] Round 20 | Loss: 0.0210119 | Train Acc: 99.8171%
[Worker 11] Round 20 | Loss: 0.0303137 | Train Acc: 99.7388%
[Worker 5] Round 20 | Loss: 0.0345352 | Train Acc: 99.6865%
[Worker 9] Round 20 | Loss: 0.0202872 | Train Acc: 99.9478%
[Worker 6] Round 20 | Loss: 0.0216911 | Train Acc: 99.8433%
[Worker 8] Round 20 | Loss: 0.0251205 | Train Acc: 99.6343%
[Worker 2] Round 20 | Loss: 0.0205202 | Train Acc: 99.9216%
[Worker 4] Round 20 | Loss: 0.0206042 | Train Acc: 99.9216%
[Worker 33] Round 20 | Loss: 0.0430925 | Train Acc: 99.4253%
[Worker 10] Round 20 | Loss: 0.0629677 | Train Acc: 98.5371%
[Worker 20] Round 20 | Loss: 0.0591513 | Train Acc: 99.1902%
[Worker 35] Round 20 | Loss: 0.0262326 | Train Acc: 99.8433%
[Worker 22] Round 20 | Loss: 0.0294891 | Train Acc: 99.8171%
[Worker 14] Round 20 | Loss: 0.0339329 | Train Acc: 99.6081%
[Worker 17] Round 20 | Loss: 0.028211 | Train Acc: 99.7126%
[Worker 23] Round 20 | Loss: 0.0261176 | Train Acc: 99.9216%
[Worker 19] Round 20 | Loss: 0.0291975 | Train Acc: 99.6865%
[Worker 21] Round 20 | Loss: 0.0279642 | Train Acc: 99.7649%
[Worker 12] Round 20 | Loss: 0.0330812 | Train Acc: 99.6343%
[Worker 15] Round 20 | Loss: 0.123 | Train Acc: 96.813%
[Worker 25] Round 20 | Loss: 0.0348746 | Train Acc: 99.8694%
[Worker 18] Round 20 | Loss: 0.0291947 | Train Acc: 99.8694%
[Worker 13] Round 20 | Loss: 0.0342727 | Train Acc: 99.582%
[Worker 31] Round 20 | Loss: 0.0272096 | Train Acc: 99.8694%
[Worker 29] Round 20 | Loss: 0.103199 | Train Acc: 97.8318%
[Worker 16] Round 20 | Loss: 0.032382 | Train Acc: 99.6081%
[Worker 27] Round 20 | Loss: 0.0394731 | Train Acc: 99.6604%
[Worker 34] Round 20 | Loss: 0.0260651 | Train Acc: 99.8694%
[Worker 32] Round 20 | Loss: 0.0234574 | Train Acc: 99.8955%
[Worker 24] Round 20 | Loss: 0.0474405 | Train Acc: 99.4253%
[Worker 26] Round 20 | Loss: 0.035164 | Train Acc: 99.6343%
[Worker 30] Round 20 | Loss: 0.0252158 | Train Acc: 99.791%
[Worker 28] Round 20 | Loss: 0.0401336 | Train Acc: 99.6081%
[Worker 37] Round 20 | Loss: 0.0299195 | Train Acc: 99.791%
[Worker 39] Round 20 | Loss: 0.0258871 | Train Acc: 99.8171%
[Worker 36] Round 20 | Loss: 0.0303037 | Train Acc: 99.7388%
[Worker 38] Round 20 | Loss: 0.0678657 | Train Acc: 98.9812%
[Worker 46] Round 20 | Loss: 0.0294506 | Train Acc: 99.7649%
[Worker 44] Round 20 | Loss: 0.0316107 | Train Acc: 99.582%
[Worker 45] Round 20 | Loss: 0.0307303 | Train Acc: 99.5037%
[Worker 42] Round 20 | Loss: 0.0262462 | Train Acc: 99.8433%
[Worker 43] Round 20 | Loss: 0.115211 | Train Acc: 97.3877%
[Worker 40] Round 20 | Loss: 0.0268371 | Train Acc: 99.6604%
[Worker 41] Round 20 | Loss: 0.02677 | Train Acc: 99.8171%
[Worker 47] Round 20 | Loss: 0.028512 | Train Acc: 99.8466%
[Central Round] 20 [Global Test Accuracy]: 87.25%
[Worker 5] Round 21 | Loss: 0.0342583 | Train Acc: 99.6865%
[Worker 2] Round 21 | Loss: 0.0202974 | Train Acc: 99.8955%
[Worker 3] Round 21 | Loss: 0.0230457 | Train Acc: 99.791%
[Worker 8] Round 21 | Loss: 0.0252747 | Train Acc: 99.6081%
[Worker 4] Round 21 | Loss: 0.0207797 | Train Acc: 99.8433%
[Worker 10] Round 21 | Loss: 0.0624368 | Train Acc: 98.511%
[Worker 7] Round 21 | Loss: 0.0211274 | Train Acc: 99.8955%
[Worker 11] Round 21 | Loss: 0.0306285 | Train Acc: 99.7649%
[Worker 9] Round 21 | Loss: 0.0201868 | Train Acc: 99.9216%
[Worker 6] Round 21 | Loss: 0.0210168 | Train Acc: 99.8694%
[Worker 1] Round 21 | Loss: 0.0198568 | Train Acc: 99.8171%
[Worker 16] Round 21 | Loss: 0.0324208 | Train Acc: 99.6081%
[Worker 17] Round 21 | Loss: 0.0283653 | Train Acc: 99.6865%
[Worker 33] Round 21 | Loss: 0.0416027 | Train Acc: 99.5559%
[Worker 15] Round 21 | Loss: 0.121374 | Train Acc: 96.813%
[Worker 13] Round 21 | Loss: 0.0335825 | Train Acc: 99.582%
[Worker 23] Round 21 | Loss: 0.0268959 | Train Acc: 99.8694%
[Worker 19] Round 21 | Loss: 0.0301743 | Train Acc: 99.6604%
[Worker 21] Round 21 | Loss: 0.0285286 | Train Acc: 99.6865%
[Worker 20] Round 21 | Loss: 0.0597181 | Train Acc: 99.0334%
[Worker 14] Round 21 | Loss: 0.0343667 | Train Acc: 99.5559%
[Worker 22] Round 21 | Loss: 0.0293109 | Train Acc: 99.7126%
[Worker 12] Round 21 | Loss: 0.034144 | Train Acc: 99.5559%
[Worker 18] Round 21 | Loss: 0.0295741 | Train Acc: 99.7388%
[Worker 25] Round 21 | Loss: 0.035005 | Train Acc: 99.8171%
[Worker 35] Round 21 | Loss: 0.0265576 | Train Acc: 99.8433%
[Worker 27] Round 21 | Loss: 0.0391833 | Train Acc: 99.6865%
[Worker 29] Round 21 | Loss: 0.103591 | Train Acc: 97.7011%
[Worker 31] Round 21 | Loss: 0.0271602 | Train Acc: 99.8433%
[Worker 34] Round 21 | Loss: 0.0260689 | Train Acc: 99.8171%
[Worker 26] Round 21 | Loss: 0.0346675 | Train Acc: 99.6081%
[Worker 32] Round 21 | Loss: 0.0228552 | Train Acc: 99.8955%
[Worker 24] Round 21 | Loss: 0.0480605 | Train Acc: 99.2163%
[Worker 30] Round 21 | Loss: 0.0247493 | Train Acc: 99.8694%
[Worker 28] Round 21 | Loss: 0.0397242 | Train Acc: 99.582%
[Worker 36] Round 21 | Loss: 0.02998 | Train Acc: 99.6081%
[Worker 46] Round 21 | Loss: 0.0283256 | Train Acc: 99.791%
[Worker 37] Round 21 | Loss: 0.0302603 | Train Acc: 99.8694%
[Worker 42] Round 21 | Loss: 0.0267268 | Train Acc: 99.7649%
[Worker 39] Round 21 | Loss: 0.0275806 | Train Acc: 99.6865%
[Worker 38] Round 21 | Loss: 0.0674908 | Train Acc: 99.0073%
[Worker 44] Round 21 | Loss: 0.0314394 | Train Acc: 99.5298%
[Worker 40] Round 21 | Loss: 0.0270238 | Train Acc: 99.7126%
[Worker 45] Round 21 | Loss: 0.0300063 | Train Acc: 99.7126%
[Worker 43] Round 21 | Loss: 0.114566 | Train Acc: 97.2832%
[Worker 41] Round 21 | Loss: 0.0260503 | Train Acc: 99.791%
[Worker 47] Round 21 | Loss: 0.0287379 | Train Acc: 99.6933%
[Central Round] 21 [Global Test Accuracy]: 87.43%
[Worker 2] Round 22 | Loss: 0.0199191 | Train Acc: 99.9739%
[Worker 3] Round 22 | Loss: 0.0229888 | Train Acc: 99.791%
[Worker 7] Round 22 | Loss: 0.0207101 | Train Acc: 99.8433%
[Worker 11] Round 22 | Loss: 0.0317149 | Train Acc: 99.6081%
[Worker 9] Round 22 | Loss: 0.0210894 | Train Acc: 99.8694%
[Worker 1] Round 22 | Loss: 0.0199189 | Train Acc: 99.8955%
[Worker 6] Round 22 | Loss: 0.0210598 | Train Acc: 99.8955%
[Worker 5] Round 22 | Loss: 0.0340914 | Train Acc: 99.6865%
[Worker 8] Round 22 | Loss: 0.025532 | Train Acc: 99.582%
[Worker 4] Round 22 | Loss: 0.0204255 | Train Acc: 99.9478%
[Worker 10] Round 22 | Loss: 0.0622105 | Train Acc: 98.5893%
[Worker 33] Round 22 | Loss: 0.040874 | Train Acc: 99.6081%
[Worker 22] Round 22 | Loss: 0.0303839 | Train Acc: 99.7388%
[Worker 35] Round 22 | Loss: 0.0260482 | Train Acc: 99.8694%
[Worker 25] Round 22 | Loss: 0.0355541 | Train Acc: 99.7388%
[Worker 29] Round 22 | Loss: 0.102932 | Train Acc: 97.7534%
[Worker 31] Round 22 | Loss: 0.0270742 | Train Acc: 99.791%
[Worker 27] Round 22 | Loss: 0.0390921 | Train Acc: 99.8433%
[Worker 20] Round 22 | Loss: 0.0591977 | Train Acc: 99.1902%
[Worker 16] Round 22 | Loss: 0.0319275 | Train Acc: 99.6343%
[Worker 14] Round 22 | Loss: 0.0340941 | Train Acc: 99.582%
[Worker 17] Round 22 | Loss: 0.0275246 | Train Acc: 99.791%
[Worker 19] Round 22 | Loss: 0.0302684 | Train Acc: 99.6604%
[Worker 21] Round 22 | Loss: 0.027543 | Train Acc: 99.7649%
[Worker 12] Round 22 | Loss: 0.0340589 | Train Acc: 99.5037%
[Worker 15] Round 22 | Loss: 0.122224 | Train Acc: 96.6823%
[Worker 13] Round 22 | Loss: 0.0331145 | Train Acc: 99.6343%
[Worker 23] Round 22 | Loss: 0.026178 | Train Acc: 99.8171%
[Worker 18] Round 22 | Loss: 0.0305926 | Train Acc: 99.6343%
[Worker 34] Round 22 | Loss: 0.0266235 | Train Acc: 99.6343%
[Worker 26] Round 22 | Loss: 0.0356034 | Train Acc: 99.6343%
[Worker 32] Round 22 | Loss: 0.0222803 | Train Acc: 99.9216%
[Worker 30] Round 22 | Loss: 0.0242504 | Train Acc: 99.8694%
[Worker 28] Round 22 | Loss: 0.038682 | Train Acc: 99.582%
[Worker 24] Round 22 | Loss: 0.0463159 | Train Acc: 99.3992%
[Worker 37] Round 22 | Loss: 0.0299116 | Train Acc: 99.7649%
[Worker 36] Round 22 | Loss: 0.030509 | Train Acc: 99.6343%
[Worker 39] Round 22 | Loss: 0.026495 | Train Acc: 99.8433%
[Worker 40] Round 22 | Loss: 0.0268481 | Train Acc: 99.6865%
[Worker 38] Round 22 | Loss: 0.0671379 | Train Acc: 99.0334%
[Worker 44] Round 22 | Loss: 0.0316765 | Train Acc: 99.582%
[Worker 46] Round 22 | Loss: 0.0300472 | Train Acc: 99.7388%
[Worker 45] Round 22 | Loss: 0.0302072 | Train Acc: 99.6081%
[Worker 42] Round 22 | Loss: 0.0278119 | Train Acc: 99.6604%
[Worker 43] Round 22 | Loss: 0.114741 | Train Acc: 97.466%
[Worker 41] Round 22 | Loss: 0.0271789 | Train Acc: 99.7126%
[Worker 47] Round 22 | Loss: 0.0284797 | Train Acc: 99.7699%
[Central Round] 22 [Global Test Accuracy]: 87.52%
[Worker 5] Round 23 | Loss: 0.0337877 | Train Acc: 99.6343%
[Worker 3] Round 23 | Loss: 0.0224342 | Train Acc: 99.8171%
[Worker 7] Round 23 | Loss: 0.0213218 | Train Acc: 99.8433%
[Worker 11] Round 23 | Loss: 0.0302713 | Train Acc: 99.7126%
[Worker 9] Round 23 | Loss: 0.020131 | Train Acc: 99.9478%
[Worker 1] Round 23 | Loss: 0.0202048 | Train Acc: 99.8433%
[Worker 2] Round 23 | Loss: 0.020079 | Train Acc: 99.9216%
[Worker 8] Round 23 | Loss: 0.0255162 | Train Acc: 99.6081%
[Worker 6] Round 23 | Loss: 0.0210265 | Train Acc: 99.8694%
[Worker 10] Round 23 | Loss: 0.0618889 | Train Acc: 98.6938%
[Worker 4] Round 23 | Loss: 0.0207413 | Train Acc: 99.8433%
[Worker 33] Round 23 | Loss: 0.0410863 | Train Acc: 99.582%
[Worker 35] Round 23 | Loss: 0.0267209 | Train Acc: 99.7126%
[Worker 16] Round 23 | Loss: 0.0339633 | Train Acc: 99.582%
[Worker 22] Round 23 | Loss: 0.0298992 | Train Acc: 99.6081%
[Worker 25] Round 23 | Loss: 0.0359772 | Train Acc: 99.6343%
[Worker 27] Round 23 | Loss: 0.0403036 | Train Acc: 99.6081%
[Worker 17] Round 23 | Loss: 0.0285291 | Train Acc: 99.6343%
[Worker 14] Round 23 | Loss: 0.0340607 | Train Acc: 99.6865%
[Worker 21] Round 23 | Loss: 0.0292836 | Train Acc: 99.6604%
[Worker 19] Round 23 | Loss: 0.0297947 | Train Acc: 99.582%
[Worker 15] Round 23 | Loss: 0.12225 | Train Acc: 96.4734%
[Worker 13] Round 23 | Loss: 0.033741 | Train Acc: 99.582%
[Worker 23] Round 23 | Loss: 0.0268355 | Train Acc: 99.8433%
[Worker 12] Round 23 | Loss: 0.0342399 | Train Acc: 99.4253%
[Worker 18] Round 23 | Loss: 0.0303933 | Train Acc: 99.7388%
[Worker 20] Round 23 | Loss: 0.0584649 | Train Acc: 99.1641%
[Worker 31] Round 23 | Loss: 0.0260439 | Train Acc: 99.9478%
[Worker 29] Round 23 | Loss: 0.101624 | Train Acc: 97.8056%
[Worker 34] Round 23 | Loss: 0.0260301 | Train Acc: 99.7126%
[Worker 32] Round 23 | Loss: 0.022519 | Train Acc: 99.8171%
[Worker 26] Round 23 | Loss: 0.0350113 | Train Acc: 99.6081%
[Worker 24] Round 23 | Loss: 0.0472078 | Train Acc: 99.2947%
[Worker 30] Round 23 | Loss: 0.0252015 | Train Acc: 99.791%
[Worker 28] Round 23 | Loss: 0.0391471 | Train Acc: 99.582%
[Worker 37] Round 23 | Loss: 0.0298516 | Train Acc: 99.6604%
[Worker 39] Round 23 | Loss: 0.0261849 | Train Acc: 99.791%
[Worker 36] Round 23 | Loss: 0.0293208 | Train Acc: 99.6604%
[Worker 38] Round 23 | Loss: 0.0664213 | Train Acc: 99.0073%
[Worker 46] Round 23 | Loss: 0.0293659 | Train Acc: 99.7126%
[Worker 45] Round 23 | Loss: 0.0300092 | Train Acc: 99.6604%
[Worker 40] Round 23 | Loss: 0.0270584 | Train Acc: 99.6865%
[Worker 44] Round 23 | Loss: 0.0312435 | Train Acc: 99.6604%
[Worker 42] Round 23 | Loss: 0.0269347 | Train Acc: 99.7649%
[Worker 43] Round 23 | Loss: 0.113215 | Train Acc: 97.6489%
[Worker 41] Round 23 | Loss: 0.0277951 | Train Acc: 99.6343%
[Worker 47] Round 23 | Loss: 0.028524 | Train Acc: 99.7444%
[Central Round] 23 [Global Test Accuracy]: 87.69%
[Worker 1] Round 24 | Loss: 0.0199749 | Train Acc: 99.8694%
[Worker 5] Round 24 | Loss: 0.0336174 | Train Acc: 99.6604%
[Worker 3] Round 24 | Loss: 0.0224765 | Train Acc: 99.8433%
[Worker 7] Round 24 | Loss: 0.0204924 | Train Acc: 99.8955%
[Worker 11] Round 24 | Loss: 0.0309118 | Train Acc: 99.6604%
[Worker 9] Round 24 | Loss: 0.0200578 | Train Acc: 99.9478%
[Worker 6] Round 24 | Loss: 0.0204996 | Train Acc: 99.9216%
[Worker 2] Round 24 | Loss: 0.0197423 | Train Acc: 99.9478%
[Worker 8] Round 24 | Loss: 0.0252953 | Train Acc: 99.6343%
[Worker 4] Round 24 | Loss: 0.0203562 | Train Acc: 99.8955%
[Worker 10] Round 24 | Loss: 0.0613509 | Train Acc: 98.6677%
[Worker 17] Round 24 | Loss: 0.0274477 | Train Acc: 99.8171%
[Worker 33] Round 24 | Loss: 0.0401733 | Train Acc: 99.5559%
[Worker 35] Round 24 | Loss: 0.0262777 | Train Acc: 99.8171%
[Worker 25] Round 24 | Loss: 0.0353687 | Train Acc: 99.7126%
[Worker 22] Round 24 | Loss: 0.0298273 | Train Acc: 99.6604%
[Worker 21] Round 24 | Loss: 0.0274479 | Train Acc: 99.7126%
[Worker 20] Round 24 | Loss: 0.0576419 | Train Acc: 99.1641%
[Worker 16] Round 24 | Loss: 0.0330245 | Train Acc: 99.5037%
[Worker 14] Round 24 | Loss: 0.0332148 | Train Acc: 99.6343%
[Worker 23] Round 24 | Loss: 0.0262629 | Train Acc: 99.8433%
[Worker 19] Round 24 | Loss: 0.0292298 | Train Acc: 99.6081%
[Worker 13] Round 24 | Loss: 0.0354133 | Train Acc: 99.4253%
[Worker 15] Round 24 | Loss: 0.119719 | Train Acc: 96.8913%
[Worker 12] Round 24 | Loss: 0.034393 | Train Acc: 99.5298%
[Worker 18] Round 24 | Loss: 0.0301206 | Train Acc: 99.6343%
[Worker 29] Round 24 | Loss: 0.100389 | Train Acc: 97.7273%
[Worker 27] Round 24 | Loss: 0.0401051 | Train Acc: 99.582%
[Worker 31] Round 24 | Loss: 0.0259033 | Train Acc: 99.8955%
[Worker 34] Round 24 | Loss: 0.0260701 | Train Acc: 99.7649%
[Worker 26] Round 24 | Loss: 0.0337953 | Train Acc: 99.8171%
[Worker 24] Round 24 | Loss: 0.045118 | Train Acc: 99.4253%
[Worker 32] Round 24 | Loss: 0.0226727 | Train Acc: 99.791%
[Worker 30] Round 24 | Loss: 0.0249214 | Train Acc: 99.8694%
[Worker 28] Round 24 | Loss: 0.0397086 | Train Acc: 99.6081%
[Worker 36] Round 24 | Loss: 0.0296743 | Train Acc: 99.6865%
[Worker 37] Round 24 | Loss: 0.0292289 | Train Acc: 99.8171%
[Worker 39] Round 24 | Loss: 0.0274461 | Train Acc: 99.7649%
[Worker 46] Round 24 | Loss: 0.0293807 | Train Acc: 99.7126%
[Worker 38] Round 24 | Loss: 0.0658302 | Train Acc: 98.9812%
[Worker 45] Round 24 | Loss: 0.0317188 | Train Acc: 99.3208%
[Worker 44] Round 24 | Loss: 0.031418 | Train Acc: 99.6343%
[Worker 40] Round 24 | Loss: 0.0270779 | Train Acc: 99.6343%
[Worker 42] Round 24 | Loss: 0.0269302 | Train Acc: 99.6081%
[Worker 43] Round 24 | Loss: 0.112928 | Train Acc: 97.2832%
[Worker 41] Round 24 | Loss: 0.0260379 | Train Acc: 99.7388%
[Worker 47] Round 24 | Loss: 0.0277739 | Train Acc: 99.7444%
[Central Round] 24 [Global Test Accuracy]: 87.78%
[Worker 9] Round 25 | Loss: 0.0203465 | Train Acc: 99.8433%
[Worker 1] Round 25 | Loss: 0.0192425 | Train Acc: 99.8433%
[Worker 5] Round 25 | Loss: 0.0341353 | Train Acc: 99.6081%
[Worker 3] Round 25 | Loss: 0.0223173 | Train Acc: 99.791%
[Worker 7] Round 25 | Loss: 0.0208515 | Train Acc: 99.7649%
[Worker 11] Round 25 | Loss: 0.0311204 | Train Acc: 99.6604%
[Worker 2] Round 25 | Loss: 0.0201793 | Train Acc: 99.8694%
[Worker 10] Round 25 | Loss: 0.0614562 | Train Acc: 98.6938%
[Worker 8] Round 25 | Loss: 0.0266485 | Train Acc: 99.5559%
[Worker 4] Round 25 | Loss: 0.0200925 | Train Acc: 99.9216%
[Worker 6] Round 25 | Loss: 0.0207013 | Train Acc: 99.8955%
[Worker 14] Round 25 | Loss: 0.0344703 | Train Acc: 99.5037%
[Worker 33] Round 25 | Loss: 0.0398982 | Train Acc: 99.6081%
[Worker 35] Round 25 | Loss: 0.0266701 | Train Acc: 99.7649%
[Worker 13] Round 25 | Loss: 0.0357902 | Train Acc: 99.5037%
[Worker 32] Round 25 | Loss: 0.022541 | Train Acc: 99.8171%
[Worker 34] Round 25 | Loss: 0.0255631 | Train Acc: 99.6604%
[Worker 12] Round 25 | Loss: 0.0335287 | Train Acc: 99.5037%
[Worker 15] Round 25 | Loss: 0.120677 | Train Acc: 96.4995%
[Worker 25] Round 25 | Loss: 0.0345946 | Train Acc: 99.7126%
[Worker 20] Round 25 | Loss: 0.0575482 | Train Acc: 99.1379%
[Worker 29] Round 25 | Loss: 0.100474 | Train Acc: 97.7795%
[Worker 22] Round 25 | Loss: 0.0300249 | Train Acc: 99.6343%
[Worker 31] Round 25 | Loss: 0.0262275 | Train Acc: 99.8955%
[Worker 21] Round 25 | Loss: 0.0278104 | Train Acc: 99.7388%
[Worker 16] Round 25 | Loss: 0.0337925 | Train Acc: 99.4514%
[Worker 17] Round 25 | Loss: 0.0279439 | Train Acc: 99.7388%
[Worker 23] Round 25 | Loss: 0.0257067 | Train Acc: 99.8694%
[Worker 19] Round 25 | Loss: 0.0291066 | Train Acc: 99.6081%
[Worker 18] Round 25 | Loss: 0.0293199 | Train Acc: 99.7388%
[Worker 27] Round 25 | Loss: 0.0397079 | Train Acc: 99.6343%
[Worker 24] Round 25 | Loss: 0.0466853 | Train Acc: 99.2163%
[Worker 26] Round 25 | Loss: 0.0343384 | Train Acc: 99.6604%
[Worker 30] Round 25 | Loss: 0.0247612 | Train Acc: 99.7649%
[Worker 28] Round 25 | Loss: 0.0390196 | Train Acc: 99.6081%
[Worker 36] Round 25 | Loss: 0.0296936 | Train Acc: 99.6343%
[Worker 39] Round 25 | Loss: 0.0272309 | Train Acc: 99.7649%
[Worker 37] Round 25 | Loss: 0.0299375 | Train Acc: 99.6865%
[Worker 38] Round 25 | Loss: 0.065839 | Train Acc: 98.9551%
[Worker 44] Round 25 | Loss: 0.0327452 | Train Acc: 99.4253%
[Worker 46] Round 25 | Loss: 0.0282985 | Train Acc: 99.7649%
[Worker 40] Round 25 | Loss: 0.0272759 | Train Acc: 99.6343%
[Worker 45] Round 25 | Loss: 0.0300306 | Train Acc: 99.6604%
[Worker 43] Round 25 | Loss: 0.112809 | Train Acc: 97.2048%
[Worker 42] Round 25 | Loss: 0.0258039 | Train Acc: 99.7649%
[Worker 41] Round 25 | Loss: 0.0276613 | Train Acc: 99.7126%
[Worker 47] Round 25 | Loss: 0.0270388 | Train Acc: 99.7188%
[Central Round] 25 [Global Test Accuracy]: 87.89%
[Worker 1] Round 26 | Loss: 0.0196627 | Train Acc: 99.8433%
[Worker 3] Round 26 | Loss: 0.0228205 | Train Acc: 99.8694%
[Worker 9] Round 26 | Loss: 0.0209348 | Train Acc: 99.791%
[Worker 5] Round 26 | Loss: 0.0328548 | Train Acc: 99.6604%
[Worker 7] Round 26 | Loss: 0.0206696 | Train Acc: 99.8694%
[Worker 2] Round 26 | Loss: 0.0202977 | Train Acc: 99.9216%
[Worker 11] Round 26 | Loss: 0.0301424 | Train Acc: 99.7126%
[Worker 6] Round 26 | Loss: 0.0208266 | Train Acc: 99.8433%
[Worker 8] Round 26 | Loss: 0.0249819 | Train Acc: 99.6343%
[Worker 10] Round 26 | Loss: 0.0605724 | Train Acc: 98.6416%
[Worker 4] Round 26 | Loss: 0.0200328 | Train Acc: 99.8694%
[Worker 33] Round 26 | Loss: 0.039646 | Train Acc: 99.582%
[Worker 35] Round 26 | Loss: 0.0265104 | Train Acc: 99.8171%
[Worker 25] Round 26 | Loss: 0.0350442 | Train Acc: 99.6081%
[Worker 14] Round 26 | Loss: 0.0343125 | Train Acc: 99.5298%
[Worker 27] Round 26 | Loss: 0.0400618 | Train Acc: 99.6865%
[Worker 31] Round 26 | Loss: 0.0257494 | Train Acc: 99.9478%
[Worker 29] Round 26 | Loss: 0.100145 | Train Acc: 97.884%
[Worker 22] Round 26 | Loss: 0.0298078 | Train Acc: 99.6865%
[Worker 20] Round 26 | Loss: 0.05652 | Train Acc: 99.1379%
[Worker 32] Round 26 | Loss: 0.0219063 | Train Acc: 99.8955%
[Worker 34] Round 26 | Loss: 0.0266048 | Train Acc: 99.7126%
[Worker 24] Round 26 | Loss: 0.0452511 | Train Acc: 99.3992%
[Worker 26] Round 26 | Loss: 0.034468 | Train Acc: 99.6604%
[Worker 30] Round 26 | Loss: 0.0247002 | Train Acc: 99.8955%
[Worker 28] Round 26 | Loss: 0.0387851 | Train Acc: 99.6081%
[Worker 21] Round 26 | Loss: 0.0284238 | Train Acc: 99.7126%
[Worker 19] Round 26 | Loss: 0.0291676 | Train Acc: 99.582%
[Worker 17] Round 26 | Loss: 0.0280195 | Train Acc: 99.7388%
[Worker 12] Round 26 | Loss: 0.03405 | Train Acc: 99.5298%
[Worker 23] Round 26 | Loss: 0.0262768 | Train Acc: 99.8171%
[Worker 15] Round 26 | Loss: 0.118725 | Train Acc: 96.6823%
[Worker 13] Round 26 | Loss: 0.034322 | Train Acc: 99.4775%
[Worker 18] Round 26 | Loss: 0.0293353 | Train Acc: 99.7388%
[Worker 16] Round 26 | Loss: 0.0342894 | Train Acc: 99.4775%
[Worker 36] Round 26 | Loss: 0.030023 | Train Acc: 99.582%
[Worker 39] Round 26 | Loss: 0.0271434 | Train Acc: 99.8171%
[Worker 37] Round 26 | Loss: 0.0301117 | Train Acc: 99.6081%
[Worker 38] Round 26 | Loss: 0.0648802 | Train Acc: 99.0073%
[Worker 46] Round 26 | Loss: 0.0297046 | Train Acc: 99.5298%
[Worker 45] Round 26 | Loss: 0.0309362 | Train Acc: 99.5037%
[Worker 40] Round 26 | Loss: 0.0263036 | Train Acc: 99.7649%
[Worker 42] Round 26 | Loss: 0.0265379 | Train Acc: 99.7126%
[Worker 44] Round 26 | Loss: 0.030911 | Train Acc: 99.6081%
[Worker 43] Round 26 | Loss: 0.110841 | Train Acc: 97.466%
[Worker 41] Round 26 | Loss: 0.0255561 | Train Acc: 99.7388%
[Worker 47] Round 26 | Loss: 0.0282124 | Train Acc: 99.591%
[Central Round] 26 [Global Test Accuracy]: 88.01%
[Worker 3] Round 27 | Loss: 0.0222971 | Train Acc: 99.8171%
[Worker 5] Round 27 | Loss: 0.0322061 | Train Acc: 99.7126%
[Worker 2] Round 27 | Loss: 0.0202977 | Train Acc: 99.8955%
[Worker 9] Round 27 | Loss: 0.0201834 | Train Acc: 99.8433%
[Worker 7] Round 27 | Loss: 0.0207078 | Train Acc: 99.8433%
[Worker 6] Round 27 | Loss: 0.021142 | Train Acc: 99.791%
[Worker 11] Round 27 | Loss: 0.0302685 | Train Acc: 99.6081%
[Worker 8] Round 27 | Loss: 0.0255996 | Train Acc: 99.582%
[Worker 10] Round 27 | Loss: 0.0604394 | Train Acc: 98.5371%
[Worker 4] Round 27 | Loss: 0.0196331 | Train Acc: 99.8694%
[Worker 1] Round 27 | Loss: 0.0196872 | Train Acc: 99.8433%
[Worker 33] Round 27 | Loss: 0.0392289 | Train Acc: 99.5559%
[Worker 35] Round 27 | Loss: 0.0262567 | Train Acc: 99.8433%
[Worker 13] Round 27 | Loss: 0.034785 | Train Acc: 99.4253%
[Worker 14] Round 27 | Loss: 0.0351104 | Train Acc: 99.373%
[Worker 15] Round 27 | Loss: 0.119043 | Train Acc: 96.7607%
[Worker 34] Round 27 | Loss: 0.025618 | Train Acc: 99.7649%
[Worker 32] Round 27 | Loss: 0.0221992 | Train Acc: 99.9216%
[Worker 25] Round 27 | Loss: 0.0344024 | Train Acc: 99.6865%
[Worker 27] Round 27 | Loss: 0.0396312 | Train Acc: 99.582%
[Worker 31] Round 27 | Loss: 0.0259733 | Train Acc: 99.9216%
[Worker 29] Round 27 | Loss: 0.100063 | Train Acc: 97.7534%
[Worker 24] Round 27 | Loss: 0.0460772 | Train Acc: 99.373%
[Worker 26] Round 27 | Loss: 0.0345903 | Train Acc: 99.6343%
[Worker 12] Round 27 | Loss: 0.033885 | Train Acc: 99.4514%
[Worker 20] Round 27 | Loss: 0.0565113 | Train Acc: 99.1118%
[Worker 23] Round 27 | Loss: 0.0261331 | Train Acc: 99.8433%
[Worker 22] Round 27 | Loss: 0.0295601 | Train Acc: 99.6865%
[Worker 17] Round 27 | Loss: 0.0269331 | Train Acc: 99.791%
[Worker 21] Round 27 | Loss: 0.028394 | Train Acc: 99.6604%
[Worker 19] Round 27 | Loss: 0.0287509 | Train Acc: 99.5559%
[Worker 16] Round 27 | Loss: 0.0337324 | Train Acc: 99.4514%
[Worker 18] Round 27 | Loss: 0.0298478 | Train Acc: 99.7126%
[Worker 30] Round 27 | Loss: 0.0242509 | Train Acc: 99.791%
[Worker 28] Round 27 | Loss: 0.0390586 | Train Acc: 99.6604%
[Worker 36] Round 27 | Loss: 0.0302924 | Train Acc: 99.6081%
[Worker 38] Round 27 | Loss: 0.0631764 | Train Acc: 99.0596%
[Worker 39] Round 27 | Loss: 0.0282257 | Train Acc: 99.6604%
[Worker 37] Round 27 | Loss: 0.0293233 | Train Acc: 99.6865%
[Worker 40] Round 27 | Loss: 0.0284578 | Train Acc: 99.6604%
[Worker 44] Round 27 | Loss: 0.0320428 | Train Acc: 99.582%
[Worker 42] Round 27 | Loss: 0.0265081 | Train Acc: 99.7388%
[Worker 45] Round 27 | Loss: 0.0307818 | Train Acc: 99.582%
[Worker 43] Round 27 | Loss: 0.112308 | Train Acc: 97.3354%
[Worker 46] Round 27 | Loss: 0.0283133 | Train Acc: 99.6604%
[Worker 41] Round 27 | Loss: 0.026638 | Train Acc: 99.8171%
[Worker 47] Round 27 | Loss: 0.0289817 | Train Acc: 99.6933%
[Central Round] 27 [Global Test Accuracy]: 88.09%
[Worker 5] Round 28 | Loss: 0.0330157 | Train Acc: 99.6865%
[Worker 9] Round 28 | Loss: 0.020142 | Train Acc: 99.8171%
[Worker 11] Round 28 | Loss: 0.0314934 | Train Acc: 99.6081%
[Worker 7] Round 28 | Loss: 0.020948 | Train Acc: 99.8171%
[Worker 1] Round 28 | Loss: 0.0191325 | Train Acc: 99.8955%
[Worker 2] Round 28 | Loss: 0.0194447 | Train Acc: 99.9216%
[Worker 3] Round 28 | Loss: 0.022479 | Train Acc: 99.8171%
[Worker 10] Round 28 | Loss: 0.0592487 | Train Acc: 98.6416%
[Worker 6] Round 28 | Loss: 0.0210384 | Train Acc: 99.8171%
[Worker 8] Round 28 | Loss: 0.0252302 | Train Acc: 99.582%
[Worker 4] Round 28 | Loss: 0.0194768 | Train Acc: 99.8694%
[Worker 33] Round 28 | Loss: 0.0393169 | Train Acc: 99.582%
[Worker 17] Round 28 | Loss: 0.0275751 | Train Acc: 99.6604%
[Worker 35] Round 28 | Loss: 0.0257321 | Train Acc: 99.7388%
[Worker 25] Round 28 | Loss: 0.0338825 | Train Acc: 99.6865%
[Worker 27] Round 28 | Loss: 0.0395758 | Train Acc: 99.6081%
[Worker 29] Round 28 | Loss: 0.100006 | Train Acc: 97.9101%
[Worker 31] Round 28 | Loss: 0.0253049 | Train Acc: 99.9739%
[Worker 21] Round 28 | Loss: 0.0279371 | Train Acc: 99.6865%
[Worker 19] Round 28 | Loss: 0.029655 | Train Acc: 99.5298%
[Worker 20] Round 28 | Loss: 0.0560407 | Train Acc: 99.1902%
[Worker 22] Round 28 | Loss: 0.0306717 | Train Acc: 99.5559%
[Worker 13] Round 28 | Loss: 0.034408 | Train Acc: 99.4775%
[Worker 14] Round 28 | Loss: 0.0349722 | Train Acc: 99.4253%
[Worker 16] Round 28 | Loss: 0.0348947 | Train Acc: 99.4253%
[Worker 23] Round 28 | Loss: 0.0256055 | Train Acc: 99.8433%
[Worker 15] Round 28 | Loss: 0.118455 | Train Acc: 96.8652%
[Worker 12] Round 28 | Loss: 0.0334478 | Train Acc: 99.5559%
[Worker 18] Round 28 | Loss: 0.0298199 | Train Acc: 99.6343%
[Worker 26] Round 28 | Loss: 0.0339222 | Train Acc: 99.7126%
[Worker 34] Round 28 | Loss: 0.0256546 | Train Acc: 99.7126%
[Worker 32] Round 28 | Loss: 0.0212043 | Train Acc: 99.8694%
[Worker 24] Round 28 | Loss: 0.0446863 | Train Acc: 99.2424%
[Worker 28] Round 28 | Loss: 0.0390996 | Train Acc: 99.6604%
[Worker 30] Round 28 | Loss: 0.0248824 | Train Acc: 99.8433%
[Worker 37] Round 28 | Loss: 0.029715 | Train Acc: 99.6343%
[Worker 39] Round 28 | Loss: 0.0268731 | Train Acc: 99.7649%
[Worker 36] Round 28 | Loss: 0.0306408 | Train Acc: 99.5298%
[Worker 38] Round 28 | Loss: 0.0632193 | Train Acc: 99.1118%
[Worker 40] Round 28 | Loss: 0.0271175 | Train Acc: 99.6081%
[Worker 44] Round 28 | Loss: 0.0314222 | Train Acc: 99.5559%
[Worker 45] Round 28 | Loss: 0.0299685 | Train Acc: 99.7649%
[Worker 46] Round 28 | Loss: 0.0287357 | Train Acc: 99.6865%
[Worker 42] Round 28 | Loss: 0.0266241 | Train Acc: 99.6865%
[Worker 43] Round 28 | Loss: 0.109109 | Train Acc: 97.6228%
[Worker 41] Round 28 | Loss: 0.0265602 | Train Acc: 99.7126%
[Worker 47] Round 28 | Loss: 0.028536 | Train Acc: 99.6421%
[Central Round] 28 [Global Test Accuracy]: 88.2%
[Worker 3] Round 29 | Loss: 0.0222505 | Train Acc: 99.791%
[Worker 1] Round 29 | Loss: 0.0198679 | Train Acc: 99.791%
[Worker 2] Round 29 | Loss: 0.0199652 | Train Acc: 99.8694%
[Worker 5] Round 29 | Loss: 0.0326568 | Train Acc: 99.6343%
[Worker 6] Round 29 | Loss: 0.0211329 | Train Acc: 99.8171%
[Worker 11] Round 29 | Loss: 0.0311187 | Train Acc: 99.6343%
[Worker 7] Round 29 | Loss: 0.0200999 | Train Acc: 99.8694%
[Worker 9] Round 29 | Loss: 0.0199568 | Train Acc: 99.8694%
[Worker 8] Round 29 | Loss: 0.0262704 | Train Acc: 99.5559%
[Worker 4] Round 29 | Loss: 0.0195396 | Train Acc: 99.8694%
[Worker 10] Round 29 | Loss: 0.0593487 | Train Acc: 98.6677%
[Worker 33] Round 29 | Loss: 0.0387859 | Train Acc: 99.5559%
[Worker 35] Round 29 | Loss: 0.0261514 | Train Acc: 99.7388%
[Worker 14] Round 29 | Loss: 0.0363114 | Train Acc: 99.4775%
[Worker 25] Round 29 | Loss: 0.0339956 | Train Acc: 99.7388%
[Worker 29] Round 29 | Loss: 0.0992493 | Train Acc: 97.7011%
[Worker 31] Round 29 | Loss: 0.0263756 | Train Acc: 99.791%
[Worker 27] Round 29 | Loss: 0.0403234 | Train Acc: 99.582%
[Worker 13] Round 29 | Loss: 0.0352657 | Train Acc: 99.5559%
[Worker 15] Round 29 | Loss: 0.117693 | Train Acc: 96.8391%
[Worker 12] Round 29 | Loss: 0.0339735 | Train Acc: 99.4775%
[Worker 21] Round 29 | Loss: 0.0278803 | Train Acc: 99.7126%
[Worker 22] Round 29 | Loss: 0.0320234 | Train Acc: 99.5559%
[Worker 17] Round 29 | Loss: 0.0273753 | Train Acc: 99.7649%
[Worker 23] Round 29 | Loss: 0.025429 | Train Acc: 99.8171%
[Worker 20] Round 29 | Loss: 0.0559411 | Train Acc: 99.0596%
[Worker 19] Round 29 | Loss: 0.0298671 | Train Acc: 99.6081%
[Worker 16] Round 29 | Loss: 0.0329493 | Train Acc: 99.5298%
[Worker 18] Round 29 | Loss: 0.0299814 | Train Acc: 99.6604%
[Worker 32] Round 29 | Loss: 0.0217431 | Train Acc: 99.8694%
[Worker 34] Round 29 | Loss: 0.0265703 | Train Acc: 99.7388%
[Worker 26] Round 29 | Loss: 0.0343048 | Train Acc: 99.6604%
[Worker 24] Round 29 | Loss: 0.0448497 | Train Acc: 99.3469%
[Worker 30] Round 29 | Loss: 0.0245695 | Train Acc: 99.7649%
[Worker 28] Round 29 | Loss: 0.0384417 | Train Acc: 99.6604%
[Worker 37] Round 29 | Loss: 0.0295113 | Train Acc: 99.6865%
[Worker 39] Round 29 | Loss: 0.0272979 | Train Acc: 99.7649%
[Worker 36] Round 29 | Loss: 0.0310996 | Train Acc: 99.5298%
[Worker 38] Round 29 | Loss: 0.0638588 | Train Acc: 99.0334%
[Worker 46] Round 29 | Loss: 0.0289766 | Train Acc: 99.7126%
[Worker 44] Round 29 | Loss: 0.0308306 | Train Acc: 99.6343%
[Worker 45] Round 29 | Loss: 0.0306349 | Train Acc: 99.6081%
[Worker 40] Round 29 | Loss: 0.0270226 | Train Acc: 99.6604%
[Worker 42] Round 29 | Loss: 0.0276751 | Train Acc: 99.7126%
[Worker 43] Round 29 | Loss: 0.109661 | Train Acc: 97.5705%
[Worker 41] Round 29 | Loss: 0.0260578 | Train Acc: 99.7388%
[Worker 47] Round 29 | Loss: 0.0283561 | Train Acc: 99.6933%
[Central Round] 29 [Global Test Accuracy]: 88.24%
[Worker 1] Round 30 | Loss: 0.019463 | Train Acc: 99.8694%
[Worker 7] Round 30 | Loss: 0.0207929 | Train Acc: 99.8171%
[Worker 5] Round 30 | Loss: 0.0322165 | Train Acc: 99.6865%
[Worker 11] Round 30 | Loss: 0.0311241 | Train Acc: 99.5037%
[Worker 3] Round 30 | Loss: 0.0222595 | Train Acc: 99.7388%
[Worker 9] Round 30 | Loss: 0.0200325 | Train Acc: 99.8433%
[Worker 2] Round 30 | Loss: 0.019822 | Train Acc: 99.9216%
[Worker 6] Round 30 | Loss: 0.020838 | Train Acc: 99.8694%
[Worker 8] Round 30 | Loss: 0.0253404 | Train Acc: 99.6343%
[Worker 4] Round 30 | Loss: 0.0192641 | Train Acc: 99.8955%
[Worker 10] Round 30 | Loss: 0.0594627 | Train Acc: 98.5893%
[Worker 14] Round 30 | Loss: 0.035644 | Train Acc: 99.3992%
[Worker 33] Round 30 | Loss: 0.0391103 | Train Acc: 99.582%
[Worker 12] Round 30 | Loss: 0.0348336 | Train Acc: 99.4514%
[Worker 35] Round 30 | Loss: 0.0259292 | Train Acc: 99.8171%
[Worker 25] Round 30 | Loss: 0.0345959 | Train Acc: 99.6865%
[Worker 31] Round 30 | Loss: 0.0257569 | Train Acc: 99.8955%
[Worker 27] Round 30 | Loss: 0.0396497 | Train Acc: 99.5298%
[Worker 29] Round 30 | Loss: 0.0984807 | Train Acc: 97.5967%
[Worker 13] Round 30 | Loss: 0.0338252 | Train Acc: 99.5298%
[Worker 15] Round 30 | Loss: 0.117586 | Train Acc: 96.6301%
[Worker 20] Round 30 | Loss: 0.0551121 | Train Acc: 99.2424%
[Worker 22] Round 30 | Loss: 0.029891 | Train Acc: 99.6865%
[Worker 16] Round 30 | Loss: 0.0327415 | Train Acc: 99.6081%
[Worker 21] Round 30 | Loss: 0.0276975 | Train Acc: 99.6343%
[Worker 17] Round 30 | Loss: 0.0277924 | Train Acc: 99.6865%
[Worker 23] Round 30 | Loss: 0.0256318 | Train Acc: 99.9739%
[Worker 18] Round 30 | Loss: 0.0310592 | Train Acc: 99.6604%
[Worker 19] Round 30 | Loss: 0.0293055 | Train Acc: 99.6081%
[Worker 34] Round 30 | Loss: 0.0256317 | Train Acc: 99.7126%
[Worker 32] Round 30 | Loss: 0.0216993 | Train Acc: 99.8694%
[Worker 26] Round 30 | Loss: 0.0337369 | Train Acc: 99.7649%
[Worker 24] Round 30 | Loss: 0.0455346 | Train Acc: 99.3469%
[Worker 30] Round 30 | Loss: 0.0240511 | Train Acc: 99.8171%
[Worker 28] Round 30 | Loss: 0.0387261 | Train Acc: 99.6343%
[Worker 37] Round 30 | Loss: 0.0299934 | Train Acc: 99.6343%
[Worker 39] Round 30 | Loss: 0.0272842 | Train Acc: 99.7126%
[Worker 36] Round 30 | Loss: 0.0311894 | Train Acc: 99.6081%
[Worker 38] Round 30 | Loss: 0.0633627 | Train Acc: 98.9289%
[Worker 46] Round 30 | Loss: 0.0289511 | Train Acc: 99.6604%
[Worker 44] Round 30 | Loss: 0.0308793 | Train Acc: 99.582%
[Worker 45] Round 30 | Loss: 0.0305248 | Train Acc: 99.6865%
[Worker 40] Round 30 | Loss: 0.0268185 | Train Acc: 99.7388%
[Worker 42] Round 30 | Loss: 0.0258103 | Train Acc: 99.8171%
[Worker 43] Round 30 | Loss: 0.109768 | Train Acc: 97.4922%
[Worker 41] Round 30 | Loss: 0.0275378 | Train Acc: 99.6081%
[Worker 47] Round 30 | Loss: 0.0275147 | Train Acc: 99.6677%
[Central Round] 30 [Global Test Accuracy]: 88.3%
[Worker 9] Round 31 | Loss: 0.0199001 | Train Acc: 99.8433%
[Worker 1] Round 31 | Loss: 0.0191854 | Train Acc: 99.8694%
[Worker 7] Round 31 | Loss: 0.0208447 | Train Acc: 99.791%
[Worker 2] Round 31 | Loss: 0.0190928 | Train Acc: 99.8955%
[Worker 5] Round 31 | Loss: 0.0324747 | Train Acc: 99.6604%
[Worker 11] Round 31 | Loss: 0.0324447 | Train Acc: 99.582%
[Worker 3] Round 31 | Loss: 0.0215202 | Train Acc: 99.8433%
[Worker 8] Round 31 | Loss: 0.0261055 | Train Acc: 99.582%
[Worker 4] Round 31 | Loss: 0.0197879 | Train Acc: 99.8955%
[Worker 6] Round 31 | Loss: 0.0206624 | Train Acc: 99.8433%
[Worker 10] Round 31 | Loss: 0.059203 | Train Acc: 98.6677%
[Worker 21] Round 31 | Loss: 0.0285059 | Train Acc: 99.5559%
[Worker 17] Round 31 | Loss: 0.0274661 | Train Acc: 99.6865%
[Worker 22] Round 31 | Loss: 0.0306453 | Train Acc: 99.6081%
[Worker 33] Round 31 | Loss: 0.0387161 | Train Acc: 99.5037%
[Worker 35] Round 31 | Loss: 0.0259119 | Train Acc: 99.7388%
[Worker 25] Round 31 | Loss: 0.0340518 | Train Acc: 99.7649%
[Worker 20] Round 31 | Loss: 0.0555015 | Train Acc: 99.1118%
[Worker 13] Round 31 | Loss: 0.0342587 | Train Acc: 99.5037%
[Worker 14] Round 31 | Loss: 0.0345183 | Train Acc: 99.582%
[Worker 19] Round 31 | Loss: 0.0304684 | Train Acc: 99.5559%
[Worker 15] Round 31 | Loss: 0.116514 | Train Acc: 96.7085%
[Worker 16] Round 31 | Loss: 0.0337337 | Train Acc: 99.582%
[Worker 23] Round 31 | Loss: 0.0252844 | Train Acc: 99.8955%
[Worker 12] Round 31 | Loss: 0.0333816 | Train Acc: 99.4253%
[Worker 18] Round 31 | Loss: 0.0290549 | Train Acc: 99.6343%
[Worker 27] Round 31 | Loss: 0.0393504 | Train Acc: 99.6343%
[Worker 29] Round 31 | Loss: 0.0975688 | Train Acc: 97.8318%
[Worker 31] Round 31 | Loss: 0.0258642 | Train Acc: 99.8694%
[Worker 32] Round 31 | Loss: 0.0220637 | Train Acc: 99.9478%
[Worker 34] Round 31 | Loss: 0.025113 | Train Acc: 99.7649%
[Worker 26] Round 31 | Loss: 0.034316 | Train Acc: 99.6081%
[Worker 24] Round 31 | Loss: 0.0451361 | Train Acc: 99.2424%
[Worker 30] Round 31 | Loss: 0.0237476 | Train Acc: 99.8694%
[Worker 28] Round 31 | Loss: 0.0389752 | Train Acc: 99.4775%
[Worker 37] Round 31 | Loss: 0.0291155 | Train Acc: 99.6604%
[Worker 39] Round 31 | Loss: 0.026595 | Train Acc: 99.791%
[Worker 44] Round 31 | Loss: 0.0318369 | Train Acc: 99.5037%
[Worker 38] Round 31 | Loss: 0.0622875 | Train Acc: 99.0857%
[Worker 46] Round 31 | Loss: 0.0292793 | Train Acc: 99.6343%
[Worker 42] Round 31 | Loss: 0.0277142 | Train Acc: 99.5559%
[Worker 36] Round 31 | Loss: 0.0298366 | Train Acc: 99.6343%
[Worker 45] Round 31 | Loss: 0.0291364 | Train Acc: 99.6865%
[Worker 40] Round 31 | Loss: 0.0274316 | Train Acc: 99.582%
[Worker 43] Round 31 | Loss: 0.109177 | Train Acc: 97.3877%
[Worker 41] Round 31 | Loss: 0.0271966 | Train Acc: 99.6604%
[Worker 47] Round 31 | Loss: 0.0278806 | Train Acc: 99.7699%
[Central Round] 31 [Global Test Accuracy]: 88.38%
[Worker 1] Round 32 | Loss: 0.0201462 | Train Acc: 99.7649%
[Worker 6] Round 32 | Loss: 0.0209452 | Train Acc: 99.8171%
[Worker 10] Round 32 | Loss: 0.05935 | Train Acc: 98.6155%
[Worker 8] Round 32 | Loss: 0.025701 | Train Acc: 99.6081%
[Worker 5] Round 32 | Loss: 0.0311746 | Train Acc: 99.6604%
[Worker 4] Round 32 | Loss: 0.0192722 | Train Acc: 99.8433%
[Worker 3] Round 32 | Loss: 0.0222694 | Train Acc: 99.7649%
[Worker 9] Round 32 | Loss: 0.0199923 | Train Acc: 99.8694%
[Worker 7] Round 32 | Loss: 0.020919 | Train Acc: 99.791%
[Worker 2] Round 32 | Loss: 0.0199971 | Train Acc: 99.8433%
[Worker 11] Round 32 | Loss: 0.0323829 | Train Acc: 99.4514%
[Worker 33] Round 32 | Loss: 0.0377442 | Train Acc: 99.6343%
[Worker 21] Round 32 | Loss: 0.0274768 | Train Acc: 99.6865%
[Worker 25] Round 32 | Loss: 0.035048 | Train Acc: 99.5298%
[Worker 35] Round 32 | Loss: 0.0257578 | Train Acc: 99.791%
[Worker 19] Round 32 | Loss: 0.0299093 | Train Acc: 99.5559%
[Worker 23] Round 32 | Loss: 0.0258039 | Train Acc: 99.8171%
[Worker 27] Round 32 | Loss: 0.0396659 | Train Acc: 99.582%
[Worker 31] Round 32 | Loss: 0.0255148 | Train Acc: 99.8433%
[Worker 17] Round 32 | Loss: 0.0290784 | Train Acc: 99.6604%
[Worker 20] Round 32 | Loss: 0.0547323 | Train Acc: 99.2424%
[Worker 22] Round 32 | Loss: 0.029391 | Train Acc: 99.582%
[Worker 13] Round 32 | Loss: 0.0350913 | Train Acc: 99.4514%
[Worker 14] Round 32 | Loss: 0.0357052 | Train Acc: 99.4514%
[Worker 15] Round 32 | Loss: 0.117067 | Train Acc: 96.6823%
[Worker 12] Round 32 | Loss: 0.0345773 | Train Acc: 99.4253%
[Worker 18] Round 32 | Loss: 0.0292855 | Train Acc: 99.582%
[Worker 16] Round 32 | Loss: 0.0343034 | Train Acc: 99.5559%
[Worker 29] Round 32 | Loss: 0.097595 | Train Acc: 97.7534%
[Worker 34] Round 32 | Loss: 0.0254414 | Train Acc: 99.6865%
[Worker 26] Round 32 | Loss: 0.0337751 | Train Acc: 99.6081%
[Worker 32] Round 32 | Loss: 0.0212698 | Train Acc: 99.8694%
[Worker 24] Round 32 | Loss: 0.0440189 | Train Acc: 99.3208%
[Worker 30] Round 32 | Loss: 0.0230692 | Train Acc: 99.9216%
[Worker 28] Round 32 | Loss: 0.0390408 | Train Acc: 99.5559%
[Worker 37] Round 32 | Loss: 0.0293098 | Train Acc: 99.7126%
[Worker 39] Round 32 | Loss: 0.0270126 | Train Acc: 99.791%
[Worker 42] Round 32 | Loss: 0.0266071 | Train Acc: 99.6604%
[Worker 46] Round 32 | Loss: 0.0289084 | Train Acc: 99.582%
[Worker 44] Round 32 | Loss: 0.0314743 | Train Acc: 99.6081%
[Worker 45] Round 32 | Loss: 0.0298794 | Train Acc: 99.7126%
[Worker 40] Round 32 | Loss: 0.026806 | Train Acc: 99.7126%
[Worker 36] Round 32 | Loss: 0.0303537 | Train Acc: 99.5298%
[Worker 38] Round 32 | Loss: 0.0624474 | Train Acc: 99.0334%
[Worker 43] Round 32 | Loss: 0.107344 | Train Acc: 97.4922%
[Worker 41] Round 32 | Loss: 0.0265409 | Train Acc: 99.6343%
[Worker 47] Round 32 | Loss: 0.0278715 | Train Acc: 99.6933%
[Central Round] 32 [Global Test Accuracy]: 88.42%
[Worker 5] Round 33 | Loss: 0.0316417 | Train Acc: 99.6081%
[Worker 3] Round 33 | Loss: 0.0219656 | Train Acc: 99.8171%
[Worker 2] Round 33 | Loss: 0.0190666 | Train Acc: 99.9216%
[Worker 11] Round 33 | Loss: 0.0315363 | Train Acc: 99.4775%
[Worker 9] Round 33 | Loss: 0.0206856 | Train Acc: 99.7649%
[Worker 7] Round 33 | Loss: 0.0210217 | Train Acc: 99.7126%
[Worker 4] Round 33 | Loss: 0.0198593 | Train Acc: 99.8171%
[Worker 8] Round 33 | Loss: 0.0259871 | Train Acc: 99.6343%
[Worker 10] Round 33 | Loss: 0.0595461 | Train Acc: 98.5371%
[Worker 6] Round 33 | Loss: 0.0202508 | Train Acc: 99.791%
[Worker 1] Round 33 | Loss: 0.0189663 | Train Acc: 99.8433%
[Worker 19] Round 33 | Loss: 0.0304671 | Train Acc: 99.582%
[Worker 23] Round 33 | Loss: 0.0256622 | Train Acc: 99.8171%
[Worker 33] Round 33 | Loss: 0.038863 | Train Acc: 99.5037%
[Worker 35] Round 33 | Loss: 0.0252825 | Train Acc: 99.8433%
[Worker 17] Round 33 | Loss: 0.0271065 | Train Acc: 99.7649%
[Worker 21] Round 33 | Loss: 0.0276565 | Train Acc: 99.6865%
[Worker 13] Round 33 | Loss: 0.0338573 | Train Acc: 99.4253%
[Worker 15] Round 33 | Loss: 0.116746 | Train Acc: 96.7607%
[Worker 25] Round 33 | Loss: 0.035066 | Train Acc: 99.5559%
[Worker 16] Round 33 | Loss: 0.0341557 | Train Acc: 99.4253%
[Worker 22] Round 33 | Loss: 0.0304676 | Train Acc: 99.5559%
[Worker 20] Round 33 | Loss: 0.0544529 | Train Acc: 99.2685%
[Worker 14] Round 33 | Loss: 0.0354414 | Train Acc: 99.373%
[Worker 18] Round 33 | Loss: 0.0278752 | Train Acc: 99.791%
[Worker 12] Round 33 | Loss: 0.0352739 | Train Acc: 99.4514%
[Worker 29] Round 33 | Loss: 0.0980523 | Train Acc: 97.7273%
[Worker 31] Round 33 | Loss: 0.0261186 | Train Acc: 99.8171%
[Worker 27] Round 33 | Loss: 0.0389592 | Train Acc: 99.7126%
[Worker 34] Round 33 | Loss: 0.0253752 | Train Acc: 99.6865%
[Worker 32] Round 33 | Loss: 0.0209749 | Train Acc: 99.9216%
[Worker 26] Round 33 | Loss: 0.0349713 | Train Acc: 99.582%
[Worker 24] Round 33 | Loss: 0.0439127 | Train Acc: 99.3208%
[Worker 30] Round 33 | Loss: 0.023911 | Train Acc: 99.791%
[Worker 28] Round 33 | Loss: 0.0380674 | Train Acc: 99.5037%
[Worker 39] Round 33 | Loss: 0.0272749 | Train Acc: 99.7649%
[Worker 42] Round 33 | Loss: 0.0275137 | Train Acc: 99.6343%
[Worker 44] Round 33 | Loss: 0.0311385 | Train Acc: 99.5559%
[Worker 37] Round 33 | Loss: 0.0289633 | Train Acc: 99.6343%
[Worker 40] Round 33 | Loss: 0.0275921 | Train Acc: 99.6343%
[Worker 36] Round 33 | Loss: 0.0296146 | Train Acc: 99.6865%
[Worker 38] Round 33 | Loss: 0.0618298 | Train Acc: 99.0596%
[Worker 43] Round 33 | Loss: 0.107063 | Train Acc: 97.3615%
[Worker 45] Round 33 | Loss: 0.0303865 | Train Acc: 99.5037%
[Worker 46] Round 33 | Loss: 0.0280121 | Train Acc: 99.6604%
[Worker 41] Round 33 | Loss: 0.0259207 | Train Acc: 99.8433%
[Worker 47] Round 33 | Loss: 0.0277091 | Train Acc: 99.5399%
[Central Round] 33 [Global Test Accuracy]: 88.51%
[Worker 5] Round 34 | Loss: 0.0319017 | Train Acc: 99.6604%
[Worker 2] Round 34 | Loss: 0.0193723 | Train Acc: 99.8433%
[Worker 11] Round 34 | Loss: 0.0323834 | Train Acc: 99.5298%
[Worker 9] Round 34 | Loss: 0.0194906 | Train Acc: 99.8694%
[Worker 8] Round 34 | Loss: 0.0261168 | Train Acc: 99.6343%
[Worker 4] Round 34 | Loss: 0.0193531 | Train Acc: 99.8171%
[Worker 3] Round 34 | Loss: 0.0229828 | Train Acc: 99.6865%
[Worker 6] Round 34 | Loss: 0.0211787 | Train Acc: 99.791%
[Worker 1] Round 34 | Loss: 0.0195487 | Train Acc: 99.791%
[Worker 7] Round 34 | Loss: 0.0201171 | Train Acc: 99.791%
[Worker 10] Round 34 | Loss: 0.0588427 | Train Acc: 98.5893%
[Worker 22] Round 34 | Loss: 0.0303467 | Train Acc: 99.6081%
[Worker 33] Round 34 | Loss: 0.0379437 | Train Acc: 99.4775%
[Worker 35] Round 34 | Loss: 0.025371 | Train Acc: 99.7388%
[Worker 25] Round 34 | Loss: 0.0335995 | Train Acc: 99.6865%
[Worker 20] Round 34 | Loss: 0.0547474 | Train Acc: 99.2163%
[Worker 17] Round 34 | Loss: 0.0287513 | Train Acc: 99.6865%
[Worker 14] Round 34 | Loss: 0.0359518 | Train Acc: 99.2947%
[Worker 19] Round 34 | Loss: 0.0300664 | Train Acc: 99.582%
[Worker 23] Round 34 | Loss: 0.0258334 | Train Acc: 99.8433%
[Worker 16] Round 34 | Loss: 0.0334671 | Train Acc: 99.4514%
[Worker 21] Round 34 | Loss: 0.027928 | Train Acc: 99.6865%
[Worker 15] Round 34 | Loss: 0.115798 | Train Acc: 96.7346%
[Worker 13] Round 34 | Loss: 0.0338603 | Train Acc: 99.5037%
[Worker 12] Round 34 | Loss: 0.0335586 | Train Acc: 99.4253%
[Worker 18] Round 34 | Loss: 0.0293746 | Train Acc: 99.7126%
[Worker 29] Round 34 | Loss: 0.0974489 | Train Acc: 97.6489%
[Worker 31] Round 34 | Loss: 0.0255655 | Train Acc: 99.8955%
[Worker 27] Round 34 | Loss: 0.0383593 | Train Acc: 99.6604%
[Worker 26] Round 34 | Loss: 0.0347246 | Train Acc: 99.6081%
[Worker 32] Round 34 | Loss: 0.0208195 | Train Acc: 99.8955%
[Worker 34] Round 34 | Loss: 0.0257135 | Train Acc: 99.6343%
[Worker 24] Round 34 | Loss: 0.0437724 | Train Acc: 99.2947%
[Worker 30] Round 34 | Loss: 0.0243922 | Train Acc: 99.7388%
[Worker 28] Round 34 | Loss: 0.03928 | Train Acc: 99.3992%
[Worker 38] Round 34 | Loss: 0.0613471 | Train Acc: 99.0596%
[Worker 46] Round 34 | Loss: 0.0303709 | Train Acc: 99.4514%
[Worker 37] Round 34 | Loss: 0.0283236 | Train Acc: 99.6865%
[Worker 42] Round 34 | Loss: 0.0265971 | Train Acc: 99.6081%
[Worker 44] Round 34 | Loss: 0.0306884 | Train Acc: 99.582%
[Worker 40] Round 34 | Loss: 0.0272859 | Train Acc: 99.582%
[Worker 36] Round 34 | Loss: 0.0299686 | Train Acc: 99.582%
[Worker 39] Round 34 | Loss: 0.0268078 | Train Acc: 99.7649%
[Worker 45] Round 34 | Loss: 0.0291844 | Train Acc: 99.7388%
[Worker 41] Round 34 | Loss: 0.0268298 | Train Acc: 99.6865%
[Worker 43] Round 34 | Loss: 0.106203 | Train Acc: 97.5705%
[Worker 47] Round 34 | Loss: 0.0276811 | Train Acc: 99.7699%
[Central Round] 34 [Global Test Accuracy]: 88.51%
[Worker 7] Round 35 | Loss: 0.0210608 | Train Acc: 99.7649%
[Worker 5] Round 35 | Loss: 0.0315333 | Train Acc: 99.6865%
[Worker 3] Round 35 | Loss: 0.0222086 | Train Acc: 99.791%
[Worker 1] Round 35 | Loss: 0.0193919 | Train Acc: 99.7388%
[Worker 11] Round 35 | Loss: 0.0313243 | Train Acc: 99.6343%
[Worker 9] Round 35 | Loss: 0.0204739 | Train Acc: 99.791%
[Worker 2] Round 35 | Loss: 0.0194111 | Train Acc: 99.8433%
[Worker 8] Round 35 | Loss: 0.0261923 | Train Acc: 99.582%
[Worker 4] Round 35 | Loss: 0.0186529 | Train Acc: 99.8955%
[Worker 6] Round 35 | Loss: 0.0204025 | Train Acc: 99.8171%
[Worker 10] Round 35 | Loss: 0.0587353 | Train Acc: 98.6155%
[Worker 33] Round 35 | Loss: 0.0376558 | Train Acc: 99.5559%
[Worker 20] Round 35 | Loss: 0.0542263 | Train Acc: 99.1118%
[Worker 35] Round 35 | Loss: 0.025447 | Train Acc: 99.7126%
[Worker 25] Round 35 | Loss: 0.0338492 | Train Acc: 99.6604%
[Worker 27] Round 35 | Loss: 0.038058 | Train Acc: 99.6081%
[Worker 31] Round 35 | Loss: 0.0255626 | Train Acc: 99.8433%
[Worker 29] Round 35 | Loss: 0.0964596 | Train Acc: 97.8318%
[Worker 22] Round 35 | Loss: 0.0309137 | Train Acc: 99.6081%
[Worker 16] Round 35 | Loss: 0.0345706 | Train Acc: 99.4514%
[Worker 14] Round 35 | Loss: 0.0351581 | Train Acc: 99.4775%
[Worker 23] Round 35 | Loss: 0.0261195 | Train Acc: 99.7649%
[Worker 17] Round 35 | Loss: 0.0285128 | Train Acc: 99.5298%
[Worker 21] Round 35 | Loss: 0.0288249 | Train Acc: 99.582%
[Worker 15] Round 35 | Loss: 0.115152 | Train Acc: 96.8391%
[Worker 19] Round 35 | Loss: 0.0297839 | Train Acc: 99.6604%
[Worker 13] Round 35 | Loss: 0.0342132 | Train Acc: 99.4514%
[Worker 12] Round 35 | Loss: 0.0328454 | Train Acc: 99.5559%
[Worker 18] Round 35 | Loss: 0.0290057 | Train Acc: 99.6604%
[Worker 34] Round 35 | Loss: 0.0255627 | Train Acc: 99.6604%
[Worker 26] Round 35 | Loss: 0.0335939 | Train Acc: 99.7126%
[Worker 32] Round 35 | Loss: 0.02086 | Train Acc: 99.9216%
[Worker 24] Round 35 | Loss: 0.043868 | Train Acc: 99.373%
[Worker 28] Round 35 | Loss: 0.0385968 | Train Acc: 99.5298%
[Worker 30] Round 35 | Loss: 0.0238984 | Train Acc: 99.7126%
[Worker 39] Round 35 | Loss: 0.027183 | Train Acc: 99.8171%
[Worker 37] Round 35 | Loss: 0.0295097 | Train Acc: 99.6865%
[Worker 38] Round 35 | Loss: 0.0606009 | Train Acc: 99.0334%
[Worker 42] Round 35 | Loss: 0.02644 | Train Acc: 99.6604%
[Worker 44] Round 35 | Loss: 0.0320654 | Train Acc: 99.582%
[Worker 40] Round 35 | Loss: 0.0265847 | Train Acc: 99.6865%
[Worker 45] Round 35 | Loss: 0.0291807 | Train Acc: 99.7649%
[Worker 36] Round 35 | Loss: 0.0298148 | Train Acc: 99.6081%
[Worker 46] Round 35 | Loss: 0.0289562 | Train Acc: 99.6604%
[Worker 43] Round 35 | Loss: 0.105531 | Train Acc: 97.6489%
[Worker 41] Round 35 | Loss: 0.0269002 | Train Acc: 99.7126%
[Worker 47] Round 35 | Loss: 0.0277477 | Train Acc: 99.7188%
[Central Round] 35 [Global Test Accuracy]: 88.59%
[Worker 3] Round 36 | Loss: 0.0225201 | Train Acc: 99.6604%
[Worker 7] Round 36 | Loss: 0.0206645 | Train Acc: 99.8433%
[Worker 9] Round 36 | Loss: 0.0200467 | Train Acc: 99.8433%
[Worker 1] Round 36 | Loss: 0.020217 | Train Acc: 99.7126%
[Worker 11] Round 36 | Loss: 0.0320582 | Train Acc: 99.5559%
[Worker 2] Round 36 | Loss: 0.0198272 | Train Acc: 99.791%
[Worker 5] Round 36 | Loss: 0.0315904 | Train Acc: 99.6604%
[Worker 8] Round 36 | Loss: 0.0250961 | Train Acc: 99.6343%
[Worker 4] Round 36 | Loss: 0.0190014 | Train Acc: 99.8955%
[Worker 10] Round 36 | Loss: 0.0576448 | Train Acc: 98.7461%
[Worker 6] Round 36 | Loss: 0.0206323 | Train Acc: 99.8171%
[Worker 33] Round 36 | Loss: 0.0372461 | Train Acc: 99.6081%
[Worker 22] Round 36 | Loss: 0.0309818 | Train Acc: 99.6343%
[Worker 20] Round 36 | Loss: 0.0539706 | Train Acc: 99.2685%
[Worker 16] Round 36 | Loss: 0.034726 | Train Acc: 99.5298%
[Worker 35] Round 36 | Loss: 0.0260972 | Train Acc: 99.7388%
[Worker 17] Round 36 | Loss: 0.0275609 | Train Acc: 99.6604%
[Worker 14] Round 36 | Loss: 0.0355226 | Train Acc: 99.373%
[Worker 21] Round 36 | Loss: 0.0280089 | Train Acc: 99.6604%
[Worker 19] Round 36 | Loss: 0.0293409 | Train Acc: 99.5559%
[Worker 12] Round 36 | Loss: 0.0342778 | Train Acc: 99.4514%
[Worker 23] Round 36 | Loss: 0.0250595 | Train Acc: 99.8694%
[Worker 18] Round 36 | Loss: 0.0284904 | Train Acc: 99.7649%
[Worker 13] Round 36 | Loss: 0.0343775 | Train Acc: 99.4253%
[Worker 15] Round 36 | Loss: 0.114612 | Train Acc: 96.7346%
[Worker 25] Round 36 | Loss: 0.0329965 | Train Acc: 99.7388%
[Worker 31] Round 36 | Loss: 0.0259375 | Train Acc: 99.8171%
[Worker 27] Round 36 | Loss: 0.0382638 | Train Acc: 99.6604%
[Worker 29] Round 36 | Loss: 0.0980717 | Train Acc: 97.6489%
[Worker 34] Round 36 | Loss: 0.0261119 | Train Acc: 99.5559%
[Worker 32] Round 36 | Loss: 0.021236 | Train Acc: 99.8171%
[Worker 26] Round 36 | Loss: 0.0348402 | Train Acc: 99.6081%
[Worker 24] Round 36 | Loss: 0.0446966 | Train Acc: 99.1902%
[Worker 30] Round 36 | Loss: 0.023714 | Train Acc: 99.8694%
[Worker 28] Round 36 | Loss: 0.0393411 | Train Acc: 99.5298%
[Worker 37] Round 36 | Loss: 0.0294914 | Train Acc: 99.7126%
[Worker 39] Round 36 | Loss: 0.0259649 | Train Acc: 99.8171%
[Worker 38] Round 36 | Loss: 0.0600757 | Train Acc: 98.9812%
[Worker 42] Round 36 | Loss: 0.0250432 | Train Acc: 99.8171%
[Worker 36] Round 36 | Loss: 0.0312919 | Train Acc: 99.4775%
[Worker 44] Round 36 | Loss: 0.0317247 | Train Acc: 99.5298%
[Worker 46] Round 36 | Loss: 0.028254 | Train Acc: 99.6604%
[Worker 45] Round 36 | Loss: 0.0303654 | Train Acc: 99.5298%
[Worker 40] Round 36 | Loss: 0.0278066 | Train Acc: 99.582%
[Worker 43] Round 36 | Loss: 0.106551 | Train Acc: 97.675%
[Worker 41] Round 36 | Loss: 0.0251529 | Train Acc: 99.7649%
[Worker 47] Round 36 | Loss: 0.0272403 | Train Acc: 99.7188%
[Central Round] 36 [Global Test Accuracy]: 88.61%
[Worker 1] Round 37 | Loss: 0.0192665 | Train Acc: 99.7388%
[Worker 5] Round 37 | Loss: 0.0313579 | Train Acc: 99.6081%
[Worker 2] Round 37 | Loss: 0.0197101 | Train Acc: 99.8433%
[Worker 3] Round 37 | Loss: 0.0218366 | Train Acc: 99.791%
[Worker 7] Round 37 | Loss: 0.0199698 | Train Acc: 99.8433%
[Worker 9] Round 37 | Loss: 0.0202898 | Train Acc: 99.8433%
[Worker 11] Round 37 | Loss: 0.0328276 | Train Acc: 99.5298%
[Worker 8] Round 37 | Loss: 0.0253574 | Train Acc: 99.5559%
[Worker 6] Round 37 | Loss: 0.0196709 | Train Acc: 99.8694%
[Worker 4] Round 37 | Loss: 0.0194061 | Train Acc: 99.9216%
[Worker 10] Round 37 | Loss: 0.0582969 | Train Acc: 98.5371%
[Worker 33] Round 37 | Loss: 0.037889 | Train Acc: 99.5559%
[Worker 35] Round 37 | Loss: 0.0249856 | Train Acc: 99.8171%
[Worker 22] Round 37 | Loss: 0.0302573 | Train Acc: 99.6343%
[Worker 20] Round 37 | Loss: 0.0535547 | Train Acc: 99.373%
[Worker 14] Round 37 | Loss: 0.0363446 | Train Acc: 99.2424%
[Worker 21] Round 37 | Loss: 0.0275968 | Train Acc: 99.7388%
[Worker 17] Round 37 | Loss: 0.0282049 | Train Acc: 99.7126%
[Worker 23] Round 37 | Loss: 0.0259216 | Train Acc: 99.7388%
[Worker 19] Round 37 | Loss: 0.0292731 | Train Acc: 99.6081%
[Worker 12] Round 37 | Loss: 0.0334826 | Train Acc: 99.4253%
[Worker 18] Round 37 | Loss: 0.0298409 | Train Acc: 99.7388%
[Worker 16] Round 37 | Loss: 0.0337247 | Train Acc: 99.5559%
[Worker 25] Round 37 | Loss: 0.0342604 | Train Acc: 99.582%
[Worker 27] Round 37 | Loss: 0.038599 | Train Acc: 99.7388%
[Worker 29] Round 37 | Loss: 0.0970398 | Train Acc: 97.7273%
[Worker 13] Round 37 | Loss: 0.0342606 | Train Acc: 99.3469%
[Worker 15] Round 37 | Loss: 0.114813 | Train Acc: 96.7868%
[Worker 31] Round 37 | Loss: 0.0255237 | Train Acc: 99.791%
[Worker 34] Round 37 | Loss: 0.0259697 | Train Acc: 99.6604%
[Worker 32] Round 37 | Loss: 0.0211935 | Train Acc: 99.8694%
[Worker 24] Round 37 | Loss: 0.0434769 | Train Acc: 99.3208%
[Worker 26] Round 37 | Loss: 0.0340933 | Train Acc: 99.5298%
[Worker 30] Round 37 | Loss: 0.0237631 | Train Acc: 99.8433%
[Worker 28] Round 37 | Loss: 0.0391215 | Train Acc: 99.5559%
[Worker 39] Round 37 | Loss: 0.0271284 | Train Acc: 99.6343%
[Worker 37] Round 37 | Loss: 0.0289752 | Train Acc: 99.7126%
[Worker 42] Round 37 | Loss: 0.0281508 | Train Acc: 99.6343%
[Worker 38] Round 37 | Loss: 0.0606143 | Train Acc: 99.0073%
[Worker 44] Round 37 | Loss: 0.031235 | Train Acc: 99.5037%
[Worker 36] Round 37 | Loss: 0.0301622 | Train Acc: 99.582%
[Worker 45] Round 37 | Loss: 0.0290534 | Train Acc: 99.6865%
[Worker 46] Round 37 | Loss: 0.0285694 | Train Acc: 99.7126%
[Worker 40] Round 37 | Loss: 0.0283806 | Train Acc: 99.6081%
[Worker 43] Round 37 | Loss: 0.107114 | Train Acc: 97.3877%
[Worker 41] Round 37 | Loss: 0.0267589 | Train Acc: 99.7126%
[Worker 47] Round 37 | Loss: 0.0287214 | Train Acc: 99.6933%
[Central Round] 37 [Global Test Accuracy]: 88.63%
[Worker 2] Round 38 | Loss: 0.0191069 | Train Acc: 99.9478%
[Worker 3] Round 38 | Loss: 0.0226499 | Train Acc: 99.791%
[Worker 7] Round 38 | Loss: 0.0208538 | Train Acc: 99.791%
[Worker 9] Round 38 | Loss: 0.0196322 | Train Acc: 99.8433%
[Worker 1] Round 38 | Loss: 0.0189991 | Train Acc: 99.7388%
[Worker 5] Round 38 | Loss: 0.0303517 | Train Acc: 99.6604%
[Worker 11] Round 38 | Loss: 0.0329956 | Train Acc: 99.3992%
[Worker 8] Round 38 | Loss: 0.0258648 | Train Acc: 99.582%
[Worker 6] Round 38 | Loss: 0.020666 | Train Acc: 99.8694%
[Worker 4] Round 38 | Loss: 0.0194551 | Train Acc: 99.8955%
[Worker 10] Round 38 | Loss: 0.0578508 | Train Acc: 98.5893%
[Worker 22] Round 38 | Loss: 0.029956 | Train Acc: 99.6865%
[Worker 20] Round 38 | Loss: 0.0526146 | Train Acc: 99.3208%
[Worker 33] Round 38 | Loss: 0.0380318 | Train Acc: 99.582%
[Worker 25] Round 38 | Loss: 0.032985 | Train Acc: 99.6865%
[Worker 35] Round 38 | Loss: 0.0247796 | Train Acc: 99.7388%
[Worker 16] Round 38 | Loss: 0.0346377 | Train Acc: 99.4253%
[Worker 14] Round 38 | Loss: 0.0347365 | Train Acc: 99.373%
[Worker 12] Round 38 | Loss: 0.0339581 | Train Acc: 99.5559%
[Worker 18] Round 38 | Loss: 0.0287395 | Train Acc: 99.7649%
[Worker 13] Round 38 | Loss: 0.0346485 | Train Acc: 99.3992%
[Worker 15] Round 38 | Loss: 0.114696 | Train Acc: 96.9436%
[Worker 17] Round 38 | Loss: 0.0290948 | Train Acc: 99.582%
[Worker 21] Round 38 | Loss: 0.0281595 | Train Acc: 99.6343%
[Worker 23] Round 38 | Loss: 0.0255333 | Train Acc: 99.8694%
[Worker 19] Round 38 | Loss: 0.0302604 | Train Acc: 99.5298%
[Worker 27] Round 38 | Loss: 0.0381184 | Train Acc: 99.7388%
[Worker 29] Round 38 | Loss: 0.0961263 | Train Acc: 97.884%
[Worker 31] Round 38 | Loss: 0.0250947 | Train Acc: 99.8694%
[Worker 26] Round 38 | Loss: 0.0338747 | Train Acc: 99.7388%
[Worker 34] Round 38 | Loss: 0.026462 | Train Acc: 99.6343%
[Worker 32] Round 38 | Loss: 0.0214859 | Train Acc: 99.8694%
[Worker 24] Round 38 | Loss: 0.0434738 | Train Acc: 99.2947%
[Worker 30] Round 38 | Loss: 0.0239501 | Train Acc: 99.791%
[Worker 28] Round 38 | Loss: 0.038986 | Train Acc: 99.4775%
[Worker 37] Round 38 | Loss: 0.0296584 | Train Acc: 99.6081%
[Worker 39] Round 38 | Loss: 0.0274432 | Train Acc: 99.7388%
[Worker 44] Round 38 | Loss: 0.0324756 | Train Acc: 99.4775%
[Worker 38] Round 38 | Loss: 0.0601642 | Train Acc: 98.9551%
[Worker 46] Round 38 | Loss: 0.0287833 | Train Acc: 99.6343%
[Worker 42] Round 38 | Loss: 0.0276362 | Train Acc: 99.582%
[Worker 40] Round 38 | Loss: 0.0270535 | Train Acc: 99.6604%
[Worker 36] Round 38 | Loss: 0.0298016 | Train Acc: 99.6343%
[Worker 45] Round 38 | Loss: 0.0289365 | Train Acc: 99.7126%
[Worker 43] Round 38 | Loss: 0.104794 | Train Acc: 97.4138%
[Worker 41] Round 38 | Loss: 0.0264925 | Train Acc: 99.6343%
[Worker 47] Round 38 | Loss: 0.0279845 | Train Acc: 99.6677%
[Central Round] 38 [Global Test Accuracy]: 88.73%
[Worker 5] Round 39 | Loss: 0.0309925 | Train Acc: 99.6865%
[Worker 11] Round 39 | Loss: 0.0323719 | Train Acc: 99.5559%
[Worker 3] Round 39 | Loss: 0.0221876 | Train Acc: 99.6865%
[Worker 7] Round 39 | Loss: 0.0207461 | Train Acc: 99.791%
[Worker 9] Round 39 | Loss: 0.0203739 | Train Acc: 99.8694%
[Worker 1] Round 39 | Loss: 0.0191859 | Train Acc: 99.7388%
[Worker 2] Round 39 | Loss: 0.0191469 | Train Acc: 99.8171%
[Worker 8] Round 39 | Loss: 0.0251138 | Train Acc: 99.6604%
[Worker 6] Round 39 | Loss: 0.0204013 | Train Acc: 99.8433%
[Worker 10] Round 39 | Loss: 0.0579276 | Train Acc: 98.6416%
[Worker 4] Round 39 | Loss: 0.0198711 | Train Acc: 99.7649%
[Worker 33] Round 39 | Loss: 0.0364712 | Train Acc: 99.6343%
[Worker 22] Round 39 | Loss: 0.0300249 | Train Acc: 99.7126%
[Worker 25] Round 39 | Loss: 0.0330426 | Train Acc: 99.6604%
[Worker 20] Round 39 | Loss: 0.0530421 | Train Acc: 99.3208%
[Worker 16] Round 39 | Loss: 0.0342231 | Train Acc: 99.582%
[Worker 14] Round 39 | Loss: 0.0362109 | Train Acc: 99.2947%
[Worker 21] Round 39 | Loss: 0.0287149 | Train Acc: 99.6343%
[Worker 35] Round 39 | Loss: 0.0253206 | Train Acc: 99.7388%
[Worker 12] Round 39 | Loss: 0.0340344 | Train Acc: 99.3469%
[Worker 23] Round 39 | Loss: 0.0251229 | Train Acc: 99.8694%
[Worker 13] Round 39 | Loss: 0.0335609 | Train Acc: 99.4775%
[Worker 17] Round 39 | Loss: 0.0278047 | Train Acc: 99.7649%
[Worker 15] Round 39 | Loss: 0.113726 | Train Acc: 96.7346%
[Worker 18] Round 39 | Loss: 0.0297082 | Train Acc: 99.6865%
[Worker 19] Round 39 | Loss: 0.0297001 | Train Acc: 99.6343%
[Worker 27] Round 39 | Loss: 0.0384998 | Train Acc: 99.6343%
[Worker 29] Round 39 | Loss: 0.0959842 | Train Acc: 97.8579%
[Worker 31] Round 39 | Loss: 0.0259904 | Train Acc: 99.7649%
[Worker 34] Round 39 | Loss: 0.0252697 | Train Acc: 99.6604%
[Worker 32] Round 39 | Loss: 0.0205969 | Train Acc: 99.9478%
[Worker 26] Round 39 | Loss: 0.0333182 | Train Acc: 99.7388%
[Worker 24] Round 39 | Loss: 0.0435604 | Train Acc: 99.3208%
[Worker 30] Round 39 | Loss: 0.0238575 | Train Acc: 99.6865%
[Worker 28] Round 39 | Loss: 0.0386223 | Train Acc: 99.5559%
[Worker 46] Round 39 | Loss: 0.0303112 | Train Acc: 99.5037%
[Worker 37] Round 39 | Loss: 0.0291766 | Train Acc: 99.6343%
[Worker 38] Round 39 | Loss: 0.0599484 | Train Acc: 99.1379%
[Worker 45] Round 39 | Loss: 0.0298301 | Train Acc: 99.6604%
[Worker 42] Round 39 | Loss: 0.0265996 | Train Acc: 99.6865%
[Worker 39] Round 39 | Loss: 0.0270881 | Train Acc: 99.7126%
[Worker 44] Round 39 | Loss: 0.030663 | Train Acc: 99.6343%
[Worker 43] Round 39 | Loss: 0.104844 | Train Acc: 97.7011%
[Worker 40] Round 39 | Loss: 0.0272811 | Train Acc: 99.6081%
[Worker 36] Round 39 | Loss: 0.0303411 | Train Acc: 99.5298%
[Worker 41] Round 39 | Loss: 0.0259841 | Train Acc: 99.7388%
[Worker 47] Round 39 | Loss: 0.029132 | Train Acc: 99.591%
[Central Round] 39 [Global Test Accuracy]: 88.8%
[Worker 1] Round 40 | Loss: 0.0191115 | Train Acc: 99.7388%
[Worker 3] Round 40 | Loss: 0.0213305 | Train Acc: 99.6343%
[Worker 2] Round 40 | Loss: 0.0192704 | Train Acc: 99.8955%
[Worker 7] Round 40 | Loss: 0.0209937 | Train Acc: 99.6865%
[Worker 9] Round 40 | Loss: 0.0201285 | Train Acc: 99.7649%
[Worker 5] Round 40 | Loss: 0.0306888 | Train Acc: 99.6343%
[Worker 11] Round 40 | Loss: 0.0319593 | Train Acc: 99.3992%
[Worker 6] Round 40 | Loss: 0.0211065 | Train Acc: 99.7388%
[Worker 10] Round 40 | Loss: 0.0569345 | Train Acc: 98.6938%
[Worker 8] Round 40 | Loss: 0.0264347 | Train Acc: 99.5559%
[Worker 4] Round 40 | Loss: 0.0192606 | Train Acc: 99.8171%
[Worker 33] Round 40 | Loss: 0.0369487 | Train Acc: 99.5298%
[Worker 35] Round 40 | Loss: 0.0249276 | Train Acc: 99.791%
[Worker 25] Round 40 | Loss: 0.032907 | Train Acc: 99.791%
[Worker 29] Round 40 | Loss: 0.0967017 | Train Acc: 97.7795%
[Worker 13] Round 40 | Loss: 0.0338752 | Train Acc: 99.582%
[Worker 31] Round 40 | Loss: 0.0265787 | Train Acc: 99.7649%
[Worker 27] Round 40 | Loss: 0.0388895 | Train Acc: 99.6343%
[Worker 34] Round 40 | Loss: 0.0257555 | Train Acc: 99.6081%
[Worker 32] Round 40 | Loss: 0.0207296 | Train Acc: 99.9478%
[Worker 14] Round 40 | Loss: 0.0354155 | Train Acc: 99.4253%
[Worker 15] Round 40 | Loss: 0.11439 | Train Acc: 96.7085%
[Worker 17] Round 40 | Loss: 0.0270861 | Train Acc: 99.7388%
[Worker 24] Round 40 | Loss: 0.0430862 | Train Acc: 99.2947%
[Worker 12] Round 40 | Loss: 0.0346426 | Train Acc: 99.3992%
[Worker 26] Round 40 | Loss: 0.0328415 | Train Acc: 99.791%
[Worker 21] Round 40 | Loss: 0.0286867 | Train Acc: 99.6081%
[Worker 30] Round 40 | Loss: 0.0233225 | Train Acc: 99.8694%
[Worker 22] Round 40 | Loss: 0.0307932 | Train Acc: 99.6604%
[Worker 28] Round 40 | Loss: 0.0398769 | Train Acc: 99.4514%
[Worker 20] Round 40 | Loss: 0.0527306 | Train Acc: 99.2947%
[Worker 23] Round 40 | Loss: 0.0265677 | Train Acc: 99.6604%
[Worker 19] Round 40 | Loss: 0.0302809 | Train Acc: 99.5037%
[Worker 18] Round 40 | Loss: 0.030331 | Train Acc: 99.6343%
[Worker 16] Round 40 | Loss: 0.0349646 | Train Acc: 99.5037%
[Worker 37] Round 40 | Loss: 0.0284864 | Train Acc: 99.7126%
[Worker 39] Round 40 | Loss: 0.0281648 | Train Acc: 99.6865%
[Worker 42] Round 40 | Loss: 0.0279094 | Train Acc: 99.5559%
[Worker 45] Round 40 | Loss: 0.029676 | Train Acc: 99.6081%
[Worker 46] Round 40 | Loss: 0.0285048 | Train Acc: 99.7388%
[Worker 40] Round 40 | Loss: 0.0270382 | Train Acc: 99.6604%
[Worker 38] Round 40 | Loss: 0.0590062 | Train Acc: 99.1641%
[Worker 44] Round 40 | Loss: 0.0296846 | Train Acc: 99.6081%
[Worker 36] Round 40 | Loss: 0.0300352 | Train Acc: 99.6343%
[Worker 41] Round 40 | Loss: 0.0260588 | Train Acc: 99.8171%
[Worker 43] Round 40 | Loss: 0.104203 | Train Acc: 97.7534%
[Worker 47] Round 40 | Loss: 0.0272983 | Train Acc: 99.6933%
[Central Round] 40 [Global Test Accuracy]: 88.84%
[Worker 1] Round 41 | Loss: 0.0190945 | Train Acc: 99.8171%
[Worker 2] Round 41 | Loss: 0.0188682 | Train Acc: 99.8955%
[Worker 7] Round 41 | Loss: 0.0206482 | Train Acc: 99.8171%
[Worker 9] Round 41 | Loss: 0.0202282 | Train Acc: 99.791%
[Worker 3] Round 41 | Loss: 0.0217472 | Train Acc: 99.791%
[Worker 5] Round 41 | Loss: 0.0303444 | Train Acc: 99.6343%
[Worker 6] Round 41 | Loss: 0.0202349 | Train Acc: 99.8694%
[Worker 8] Round 41 | Loss: 0.0258431 | Train Acc: 99.6604%
[Worker 11] Round 41 | Loss: 0.0323326 | Train Acc: 99.3469%
[Worker 4] Round 41 | Loss: 0.0186815 | Train Acc: 99.8955%
[Worker 10] Round 41 | Loss: 0.0563965 | Train Acc: 98.6938%
[Worker 33] Round 41 | Loss: 0.0367495 | Train Acc: 99.582%
[Worker 14] Round 41 | Loss: 0.0353353 | Train Acc: 99.2947%
[Worker 35] Round 41 | Loss: 0.0244037 | Train Acc: 99.7388%
[Worker 25] Round 41 | Loss: 0.0347675 | Train Acc: 99.5037%
[Worker 29] Round 41 | Loss: 0.0950767 | Train Acc: 97.9363%
[Worker 13] Round 41 | Loss: 0.034922 | Train Acc: 99.5037%
[Worker 12] Round 41 | Loss: 0.0342215 | Train Acc: 99.4775%
[Worker 15] Round 41 | Loss: 0.113667 | Train Acc: 96.8391%
[Worker 27] Round 41 | Loss: 0.0381484 | Train Acc: 99.6343%
[Worker 31] Round 41 | Loss: 0.024716 | Train Acc: 99.8694%
[Worker 34] Round 41 | Loss: 0.0264234 | Train Acc: 99.4775%
[Worker 32] Round 41 | Loss: 0.0208675 | Train Acc: 99.9478%
[Worker 21] Round 41 | Loss: 0.0274522 | Train Acc: 99.6604%
[Worker 22] Round 41 | Loss: 0.0297976 | Train Acc: 99.6343%
[Worker 20] Round 41 | Loss: 0.0530139 | Train Acc: 99.2163%
[Worker 16] Round 41 | Loss: 0.034165 | Train Acc: 99.5298%
[Worker 17] Round 41 | Loss: 0.0283643 | Train Acc: 99.7126%
[Worker 19] Round 41 | Loss: 0.0295826 | Train Acc: 99.6604%
[Worker 23] Round 41 | Loss: 0.0257143 | Train Acc: 99.791%
[Worker 18] Round 41 | Loss: 0.0297368 | Train Acc: 99.6081%
[Worker 24] Round 41 | Loss: 0.0427698 | Train Acc: 99.3469%
[Worker 26] Round 41 | Loss: 0.0337204 | Train Acc: 99.6865%
[Worker 30] Round 41 | Loss: 0.0242651 | Train Acc: 99.791%
[Worker 28] Round 41 | Loss: 0.0378134 | Train Acc: 99.6081%
[Worker 46] Round 41 | Loss: 0.0290577 | Train Acc: 99.6604%
[Worker 38] Round 41 | Loss: 0.0585025 | Train Acc: 99.0596%
[Worker 44] Round 41 | Loss: 0.0306237 | Train Acc: 99.582%
[Worker 42] Round 41 | Loss: 0.0270403 | Train Acc: 99.7126%
[Worker 39] Round 41 | Loss: 0.0276567 | Train Acc: 99.7649%
[Worker 37] Round 41 | Loss: 0.0300889 | Train Acc: 99.5559%
[Worker 40] Round 41 | Loss: 0.027738 | Train Acc: 99.6343%
[Worker 36] Round 41 | Loss: 0.0304634 | Train Acc: 99.4775%
[Worker 45] Round 41 | Loss: 0.0301918 | Train Acc: 99.6865%
[Worker 43] Round 41 | Loss: 0.102974 | Train Acc: 97.8056%
[Worker 41] Round 41 | Loss: 0.025707 | Train Acc: 99.7649%
[Worker 47] Round 41 | Loss: 0.0276123 | Train Acc: 99.7955%
[Central Round] 41 [Global Test Accuracy]: 88.94%
[Worker 3] Round 42 | Loss: 0.0213914 | Train Acc: 99.7388%
[Worker 5] Round 42 | Loss: 0.031053 | Train Acc: 99.6343%
[Worker 1] Round 42 | Loss: 0.0187902 | Train Acc: 99.7649%
[Worker 2] Round 42 | Loss: 0.019948 | Train Acc: 99.8433%
[Worker 7] Round 42 | Loss: 0.0210546 | Train Acc: 99.7649%
[Worker 9] Round 42 | Loss: 0.0198799 | Train Acc: 99.8171%
[Worker 11] Round 42 | Loss: 0.0322516 | Train Acc: 99.5037%
[Worker 6] Round 42 | Loss: 0.0199865 | Train Acc: 99.8433%
[Worker 8] Round 42 | Loss: 0.0253579 | Train Acc: 99.6081%
[Worker 4] Round 42 | Loss: 0.0192799 | Train Acc: 99.8171%
[Worker 10] Round 42 | Loss: 0.0571108 | Train Acc: 98.6938%
[Worker 14] Round 42 | Loss: 0.0359152 | Train Acc: 99.4253%
[Worker 12] Round 42 | Loss: 0.0354074 | Train Acc: 99.3469%
[Worker 33] Round 42 | Loss: 0.0362712 | Train Acc: 99.6343%
[Worker 35] Round 42 | Loss: 0.0251056 | Train Acc: 99.7126%
[Worker 20] Round 42 | Loss: 0.0517964 | Train Acc: 99.373%
[Worker 13] Round 42 | Loss: 0.0340622 | Train Acc: 99.4253%
[Worker 22] Round 42 | Loss: 0.0307079 | Train Acc: 99.6604%
[Worker 15] Round 42 | Loss: 0.113242 | Train Acc: 96.8391%
[Worker 31] Round 42 | Loss: 0.0255059 | Train Acc: 99.8171%
[Worker 34] Round 42 | Loss: 0.0261647 | Train Acc: 99.6343%
[Worker 25] Round 42 | Loss: 0.0333626 | Train Acc: 99.6081%
[Worker 16] Round 42 | Loss: 0.0351017 | Train Acc: 99.5298%
[Worker 21] Round 42 | Loss: 0.0280013 | Train Acc: 99.6604%
[Worker 17] Round 42 | Loss: 0.0289084 | Train Acc: 99.6604%
[Worker 19] Round 42 | Loss: 0.030615 | Train Acc: 99.4253%
[Worker 23] Round 42 | Loss: 0.0257068 | Train Acc: 99.791%
[Worker 18] Round 42 | Loss: 0.0297114 | Train Acc: 99.6343%
[Worker 29] Round 42 | Loss: 0.0951679 | Train Acc: 97.7011%
[Worker 32] Round 42 | Loss: 0.0206361 | Train Acc: 99.9478%
[Worker 27] Round 42 | Loss: 0.0384846 | Train Acc: 99.582%
[Worker 24] Round 42 | Loss: 0.0432584 | Train Acc: 99.2947%
[Worker 26] Round 42 | Loss: 0.0330105 | Train Acc: 99.7649%
[Worker 28] Round 42 | Loss: 0.0378635 | Train Acc: 99.5559%
[Worker 30] Round 42 | Loss: 0.0237318 | Train Acc: 99.8694%
[Worker 39] Round 42 | Loss: 0.0286194 | Train Acc: 99.7126%
[Worker 37] Round 42 | Loss: 0.0289211 | Train Acc: 99.6865%
[Worker 42] Round 42 | Loss: 0.027052 | Train Acc: 99.6604%
[Worker 38] Round 42 | Loss: 0.0596524 | Train Acc: 99.1118%
[Worker 36] Round 42 | Loss: 0.0310558 | Train Acc: 99.5559%
[Worker 46] Round 42 | Loss: 0.0292859 | Train Acc: 99.6081%
[Worker 45] Round 42 | Loss: 0.0294875 | Train Acc: 99.7126%
[Worker 44] Round 42 | Loss: 0.0316096 | Train Acc: 99.373%
[Worker 40] Round 42 | Loss: 0.0275252 | Train Acc: 99.5298%
[Worker 43] Round 42 | Loss: 0.103249 | Train Acc: 97.7795%
[Worker 41] Round 42 | Loss: 0.0267087 | Train Acc: 99.6604%
[Worker 47] Round 42 | Loss: 0.028332 | Train Acc: 99.591%
[Central Round] 42 [Global Test Accuracy]: 88.99%
[Worker 7] Round 43 | Loss: 0.0208649 | Train Acc: 99.7649%
[Worker 9] Round 43 | Loss: 0.020615 | Train Acc: 99.8171%
[Worker 3] Round 43 | Loss: 0.0218412 | Train Acc: 99.7126%
[Worker 5] Round 43 | Loss: 0.0299731 | Train Acc: 99.6081%
[Worker 1] Round 43 | Loss: 0.0190815 | Train Acc: 99.7388%
[Worker 11] Round 43 | Loss: 0.0317242 | Train Acc: 99.4514%
[Worker 8] Round 43 | Loss: 0.0266654 | Train Acc: 99.5559%
[Worker 2] Round 43 | Loss: 0.0193548 | Train Acc: 99.8433%
[Worker 6] Round 43 | Loss: 0.0195809 | Train Acc: 99.791%
[Worker 10] Round 43 | Loss: 0.056892 | Train Acc: 98.72%
[Worker 4] Round 43 | Loss: 0.0191011 | Train Acc: 99.8433%
[Worker 33] Round 43 | Loss: 0.0364864 | Train Acc: 99.4514%
[Worker 20] Round 43 | Loss: 0.0521807 | Train Acc: 99.2163%
[Worker 35] Round 43 | Loss: 0.0245271 | Train Acc: 99.8433%
[Worker 22] Round 43 | Loss: 0.0311482 | Train Acc: 99.4775%
[Worker 16] Round 43 | Loss: 0.034461 | Train Acc: 99.5298%
[Worker 14] Round 43 | Loss: 0.0363307 | Train Acc: 99.4253%
[Worker 23] Round 43 | Loss: 0.025769 | Train Acc: 99.7649%
[Worker 21] Round 43 | Loss: 0.0289249 | Train Acc: 99.5559%
[Worker 17] Round 43 | Loss: 0.0283513 | Train Acc: 99.6343%
[Worker 19] Round 43 | Loss: 0.0305193 | Train Acc: 99.582%
[Worker 12] Round 43 | Loss: 0.0352145 | Train Acc: 99.373%
[Worker 13] Round 43 | Loss: 0.0345241 | Train Acc: 99.3992%
[Worker 15] Round 43 | Loss: 0.112847 | Train Acc: 96.9436%
[Worker 25] Round 43 | Loss: 0.0336711 | Train Acc: 99.6604%
[Worker 18] Round 43 | Loss: 0.0296598 | Train Acc: 99.6604%
[Worker 29] Round 43 | Loss: 0.0956188 | Train Acc: 97.7534%
[Worker 27] Round 43 | Loss: 0.0379122 | Train Acc: 99.5037%
[Worker 31] Round 43 | Loss: 0.0254681 | Train Acc: 99.791%
[Worker 34] Round 43 | Loss: 0.026078 | Train Acc: 99.6604%
[Worker 32] Round 43 | Loss: 0.0209397 | Train Acc: 99.8955%
[Worker 26] Round 43 | Loss: 0.0341464 | Train Acc: 99.5037%
[Worker 24] Round 43 | Loss: 0.0427542 | Train Acc: 99.2947%
[Worker 28] Round 43 | Loss: 0.039308 | Train Acc: 99.5037%
[Worker 30] Round 43 | Loss: 0.0237268 | Train Acc: 99.7126%
[Worker 39] Round 43 | Loss: 0.0275664 | Train Acc: 99.6865%
[Worker 37] Round 43 | Loss: 0.0296427 | Train Acc: 99.6081%
[Worker 44] Round 43 | Loss: 0.031798 | Train Acc: 99.5037%
[Worker 38] Round 43 | Loss: 0.0586488 | Train Acc: 98.9028%
[Worker 45] Round 43 | Loss: 0.0305047 | Train Acc: 99.5559%
[Worker 40] Round 43 | Loss: 0.0274809 | Train Acc: 99.6343%
[Worker 46] Round 43 | Loss: 0.0282343 | Train Acc: 99.6604%
[Worker 36] Round 43 | Loss: 0.0304189 | Train Acc: 99.6081%
[Worker 42] Round 43 | Loss: 0.0270861 | Train Acc: 99.6343%
[Worker 43] Round 43 | Loss: 0.103018 | Train Acc: 97.675%
[Worker 41] Round 43 | Loss: 0.0261316 | Train Acc: 99.7126%
[Worker 47] Round 43 | Loss: 0.026799 | Train Acc: 99.7955%
[Central Round] 43 [Global Test Accuracy]: 89.06%
[Worker 9] Round 44 | Loss: 0.0199827 | Train Acc: 99.8171%
[Worker 3] Round 44 | Loss: 0.021829 | Train Acc: 99.7649%
[Worker 5] Round 44 | Loss: 0.0304415 | Train Acc: 99.6604%
[Worker 1] Round 44 | Loss: 0.0187031 | Train Acc: 99.7388%
[Worker 7] Round 44 | Loss: 0.0206445 | Train Acc: 99.791%
[Worker 11] Round 44 | Loss: 0.032652 | Train Acc: 99.4514%
[Worker 8] Round 44 | Loss: 0.0254807 | Train Acc: 99.6343%
[Worker 2] Round 44 | Loss: 0.0192858 | Train Acc: 99.8694%
[Worker 6] Round 44 | Loss: 0.0199152 | Train Acc: 99.8171%
[Worker 4] Round 44 | Loss: 0.0185396 | Train Acc: 99.8694%
[Worker 10] Round 44 | Loss: 0.0564496 | Train Acc: 98.5893%
[Worker 33] Round 44 | Loss: 0.03617 | Train Acc: 99.5037%
[Worker 35] Round 44 | Loss: 0.0250685 | Train Acc: 99.7388%
[Worker 20] Round 44 | Loss: 0.0520752 | Train Acc: 99.2163%
[Worker 22] Round 44 | Loss: 0.0295237 | Train Acc: 99.6343%
[Worker 21] Round 44 | Loss: 0.0285245 | Train Acc: 99.5298%
[Worker 25] Round 44 | Loss: 0.0332529 | Train Acc: 99.7126%
[Worker 27] Round 44 | Loss: 0.0383022 | Train Acc: 99.4775%
[Worker 31] Round 44 | Loss: 0.025805 | Train Acc: 99.7388%
[Worker 29] Round 44 | Loss: 0.0957828 | Train Acc: 97.675%
[Worker 17] Round 44 | Loss: 0.0273673 | Train Acc: 99.6343%
[Worker 16] Round 44 | Loss: 0.0349913 | Train Acc: 99.4775%
[Worker 14] Round 44 | Loss: 0.0359742 | Train Acc: 99.3208%
[Worker 34] Round 44 | Loss: 0.0258164 | Train Acc: 99.6081%
[Worker 19] Round 44 | Loss: 0.0303796 | Train Acc: 99.5559%
[Worker 26] Round 44 | Loss: 0.0330212 | Train Acc: 99.5298%
[Worker 13] Round 44 | Loss: 0.0353793 | Train Acc: 99.3992%
[Worker 24] Round 44 | Loss: 0.0428018 | Train Acc: 99.2685%
[Worker 15] Round 44 | Loss: 0.112496 | Train Acc: 96.8913%
[Worker 28] Round 44 | Loss: 0.0379146 | Train Acc: 99.5037%
[Worker 12] Round 44 | Loss: 0.0348716 | Train Acc: 99.4775%
[Worker 32] Round 44 | Loss: 0.0206655 | Train Acc: 99.8694%
[Worker 23] Round 44 | Loss: 0.0256536 | Train Acc: 99.7388%
[Worker 30] Round 44 | Loss: 0.0240256 | Train Acc: 99.8171%
[Worker 18] Round 44 | Loss: 0.0288869 | Train Acc: 99.6081%
[Worker 37] Round 44 | Loss: 0.0292664 | Train Acc: 99.5559%
[Worker 39] Round 44 | Loss: 0.0276033 | Train Acc: 99.7126%
[Worker 42] Round 44 | Loss: 0.0273165 | Train Acc: 99.7126%
[Worker 46] Round 44 | Loss: 0.0290601 | Train Acc: 99.6343%
[Worker 36] Round 44 | Loss: 0.0307982 | Train Acc: 99.5037%
[Worker 38] Round 44 | Loss: 0.0582574 | Train Acc: 99.1379%
[Worker 44] Round 44 | Loss: 0.031197 | Train Acc: 99.5037%
[Worker 40] Round 44 | Loss: 0.0271178 | Train Acc: 99.6343%
[Worker 45] Round 44 | Loss: 0.0299525 | Train Acc: 99.3992%
[Worker 43] Round 44 | Loss: 0.101582 | Train Acc: 97.884%
[Worker 41] Round 44 | Loss: 0.0266653 | Train Acc: 99.7388%
[Worker 47] Round 44 | Loss: 0.0277381 | Train Acc: 99.7188%
[Central Round] 44 [Global Test Accuracy]: 89.1%
[Worker 1] Round 45 | Loss: 0.0188163 | Train Acc: 99.7649%
[Worker 9] Round 45 | Loss: 0.019845 | Train Acc: 99.7388%
[Worker 3] Round 45 | Loss: 0.0216386 | Train Acc: 99.791%
[Worker 5] Round 45 | Loss: 0.0305363 | Train Acc: 99.6343%
[Worker 7] Round 45 | Loss: 0.0205432 | Train Acc: 99.7388%
[Worker 11] Round 45 | Loss: 0.0330188 | Train Acc: 99.4775%
[Worker 8] Round 45 | Loss: 0.0254551 | Train Acc: 99.582%
[Worker 2] Round 45 | Loss: 0.0193469 | Train Acc: 99.8694%
[Worker 6] Round 45 | Loss: 0.0204353 | Train Acc: 99.7649%
[Worker 10] Round 45 | Loss: 0.0565452 | Train Acc: 98.6416%
[Worker 4] Round 45 | Loss: 0.0189886 | Train Acc: 99.8694%
[Worker 20] Round 45 | Loss: 0.0516087 | Train Acc: 99.2424%
[Worker 22] Round 45 | Loss: 0.0311341 | Train Acc: 99.6343%
[Worker 17] Round 45 | Loss: 0.0288778 | Train Acc: 99.6343%
[Worker 33] Round 45 | Loss: 0.0364779 | Train Acc: 99.5298%
[Worker 25] Round 45 | Loss: 0.0330101 | Train Acc: 99.7649%
[Worker 35] Round 45 | Loss: 0.0245829 | Train Acc: 99.7649%
[Worker 21] Round 45 | Loss: 0.0281019 | Train Acc: 99.6081%
[Worker 23] Round 45 | Loss: 0.0251733 | Train Acc: 99.8433%
[Worker 16] Round 45 | Loss: 0.0349005 | Train Acc: 99.4775%
[Worker 14] Round 45 | Loss: 0.0365069 | Train Acc: 99.3208%
[Worker 19] Round 45 | Loss: 0.0298749 | Train Acc: 99.5559%
[Worker 13] Round 45 | Loss: 0.0345855 | Train Acc: 99.3208%
[Worker 15] Round 45 | Loss: 0.111811 | Train Acc: 96.9958%
[Worker 12] Round 45 | Loss: 0.034293 | Train Acc: 99.4514%
[Worker 18] Round 45 | Loss: 0.0299093 | Train Acc: 99.5559%
[Worker 27] Round 45 | Loss: 0.0373648 | Train Acc: 99.6604%
[Worker 31] Round 45 | Loss: 0.0258814 | Train Acc: 99.791%
[Worker 29] Round 45 | Loss: 0.0949603 | Train Acc: 97.884%
[Worker 24] Round 45 | Loss: 0.0430934 | Train Acc: 99.2163%
[Worker 34] Round 45 | Loss: 0.0254461 | Train Acc: 99.7388%
[Worker 26] Round 45 | Loss: 0.0336994 | Train Acc: 99.7388%
[Worker 32] Round 45 | Loss: 0.0205676 | Train Acc: 99.8171%
[Worker 30] Round 45 | Loss: 0.0231169 | Train Acc: 99.6865%
[Worker 28] Round 45 | Loss: 0.0379765 | Train Acc: 99.5298%
[Worker 37] Round 45 | Loss: 0.0291681 | Train Acc: 99.5559%
[Worker 39] Round 45 | Loss: 0.0276903 | Train Acc: 99.7126%
[Worker 38] Round 45 | Loss: 0.0588154 | Train Acc: 99.0073%
[Worker 42] Round 45 | Loss: 0.0283949 | Train Acc: 99.5298%
[Worker 44] Round 45 | Loss: 0.031381 | Train Acc: 99.5559%
[Worker 46] Round 45 | Loss: 0.0287377 | Train Acc: 99.6865%
[Worker 36] Round 45 | Loss: 0.0308565 | Train Acc: 99.4775%
[Worker 45] Round 45 | Loss: 0.0306156 | Train Acc: 99.5037%
[Worker 40] Round 45 | Loss: 0.0279897 | Train Acc: 99.5037%
[Worker 43] Round 45 | Loss: 0.102586 | Train Acc: 97.6228%
[Worker 41] Round 45 | Loss: 0.0257541 | Train Acc: 99.6865%
[Worker 47] Round 45 | Loss: 0.0277018 | Train Acc: 99.5399%
[Central Round] 45 [Global Test Accuracy]: 89.16%
[Worker 3] Round 46 | Loss: 0.0210098 | Train Acc: 99.7649%
[Worker 7] Round 46 | Loss: 0.0213907 | Train Acc: 99.7388%
[Worker 5] Round 46 | Loss: 0.0298804 | Train Acc: 99.6865%
[Worker 11] Round 46 | Loss: 0.03229 | Train Acc: 99.2947%
[Worker 1] Round 46 | Loss: 0.0187417 | Train Acc: 99.8171%
[Worker 9] Round 46 | Loss: 0.019993 | Train Acc: 99.8433%
[Worker 2] Round 46 | Loss: 0.0191951 | Train Acc: 99.8433%
[Worker 8] Round 46 | Loss: 0.0256181 | Train Acc: 99.582%
[Worker 6] Round 46 | Loss: 0.0210957 | Train Acc: 99.7126%
[Worker 10] Round 46 | Loss: 0.0568645 | Train Acc: 98.6416%
[Worker 4] Round 46 | Loss: 0.0195219 | Train Acc: 99.8955%
[Worker 33] Round 46 | Loss: 0.0354092 | Train Acc: 99.6081%
[Worker 35] Round 46 | Loss: 0.0247084 | Train Acc: 99.791%
[Worker 20] Round 46 | Loss: 0.051656 | Train Acc: 99.1641%
[Worker 25] Round 46 | Loss: 0.0335667 | Train Acc: 99.6081%
[Worker 22] Round 46 | Loss: 0.0297714 | Train Acc: 99.7126%
[Worker 17] Round 46 | Loss: 0.0272908 | Train Acc: 99.7388%
[Worker 23] Round 46 | Loss: 0.0261656 | Train Acc: 99.7126%
[Worker 16] Round 46 | Loss: 0.0354478 | Train Acc: 99.3992%
[Worker 14] Round 46 | Loss: 0.0355474 | Train Acc: 99.3469%
[Worker 19] Round 46 | Loss: 0.0293731 | Train Acc: 99.582%
[Worker 27] Round 46 | Loss: 0.0385723 | Train Acc: 99.4514%
[Worker 21] Round 46 | Loss: 0.027415 | Train Acc: 99.6343%
[Worker 31] Round 46 | Loss: 0.0259903 | Train Acc: 99.7649%
[Worker 13] Round 46 | Loss: 0.0341289 | Train Acc: 99.3208%
[Worker 15] Round 46 | Loss: 0.113102 | Train Acc: 96.7607%
[Worker 12] Round 46 | Loss: 0.0350023 | Train Acc: 99.3992%
[Worker 18] Round 46 | Loss: 0.0303314 | Train Acc: 99.6343%
[Worker 29] Round 46 | Loss: 0.0950065 | Train Acc: 97.9624%
[Worker 34] Round 46 | Loss: 0.026185 | Train Acc: 99.6081%
[Worker 32] Round 46 | Loss: 0.0214936 | Train Acc: 99.8171%
[Worker 24] Round 46 | Loss: 0.043022 | Train Acc: 99.3208%
[Worker 26] Round 46 | Loss: 0.0333051 | Train Acc: 99.7388%
[Worker 30] Round 46 | Loss: 0.0241972 | Train Acc: 99.7649%
[Worker 28] Round 46 | Loss: 0.0383542 | Train Acc: 99.5037%
[Worker 37] Round 46 | Loss: 0.0296827 | Train Acc: 99.582%
[Worker 39] Round 46 | Loss: 0.0271311 | Train Acc: 99.7126%
[Worker 42] Round 46 | Loss: 0.0279771 | Train Acc: 99.582%
[Worker 38] Round 46 | Loss: 0.0580809 | Train Acc: 99.0857%
[Worker 44] Round 46 | Loss: 0.0308514 | Train Acc: 99.4775%
[Worker 46] Round 46 | Loss: 0.0288988 | Train Acc: 99.6081%
[Worker 36] Round 46 | Loss: 0.0310879 | Train Acc: 99.4514%
[Worker 45] Round 46 | Loss: 0.0304565 | Train Acc: 99.5037%
[Worker 43] Round 46 | Loss: 0.102028 | Train Acc: 97.7795%
[Worker 40] Round 46 | Loss: 0.0269019 | Train Acc: 99.6343%
[Worker 41] Round 46 | Loss: 0.0260869 | Train Acc: 99.6343%
[Worker 47] Round 46 | Loss: 0.0290327 | Train Acc: 99.6421%
[Central Round] 46 [Global Test Accuracy]: 89.16%
[Worker 5] Round 47 | Loss: 0.0297963 | Train Acc: 99.6604%
[Worker 1] Round 47 | Loss: 0.0192252 | Train Acc: 99.7388%
[Worker 3] Round 47 | Loss: 0.021557 | Train Acc: 99.7126%
[Worker 11] Round 47 | Loss: 0.0331198 | Train Acc: 99.3469%
[Worker 9] Round 47 | Loss: 0.019858 | Train Acc: 99.8171%
[Worker 7] Round 47 | Loss: 0.0201689 | Train Acc: 99.7649%
[Worker 2] Round 47 | Loss: 0.0195834 | Train Acc: 99.7649%
[Worker 8] Round 47 | Loss: 0.0265984 | Train Acc: 99.5559%
[Worker 6] Round 47 | Loss: 0.0198555 | Train Acc: 99.7388%
[Worker 4] Round 47 | Loss: 0.0187402 | Train Acc: 99.8955%
[Worker 10] Round 47 | Loss: 0.0560028 | Train Acc: 98.6938%
[Worker 33] Round 47 | Loss: 0.0361541 | Train Acc: 99.5037%
[Worker 35] Round 47 | Loss: 0.0243615 | Train Acc: 99.7649%
[Worker 20] Round 47 | Loss: 0.0518339 | Train Acc: 99.2685%
[Worker 22] Round 47 | Loss: 0.0305096 | Train Acc: 99.7126%
[Worker 16] Round 47 | Loss: 0.0350749 | Train Acc: 99.3992%
[Worker 25] Round 47 | Loss: 0.0327498 | Train Acc: 99.5298%
[Worker 14] Round 47 | Loss: 0.0358285 | Train Acc: 99.2685%
[Worker 27] Round 47 | Loss: 0.0377334 | Train Acc: 99.6604%
[Worker 17] Round 47 | Loss: 0.0278738 | Train Acc: 99.7649%
[Worker 21] Round 47 | Loss: 0.0277657 | Train Acc: 99.6343%
[Worker 29] Round 47 | Loss: 0.0945871 | Train Acc: 97.884%
[Worker 19] Round 47 | Loss: 0.0303536 | Train Acc: 99.4775%
[Worker 31] Round 47 | Loss: 0.0264179 | Train Acc: 99.7649%
[Worker 12] Round 47 | Loss: 0.0349774 | Train Acc: 99.373%
[Worker 13] Round 47 | Loss: 0.0336826 | Train Acc: 99.4253%
[Worker 18] Round 47 | Loss: 0.0296715 | Train Acc: 99.6081%
[Worker 23] Round 47 | Loss: 0.0259031 | Train Acc: 99.8171%
[Worker 15] Round 47 | Loss: 0.112599 | Train Acc: 96.7346%
[Worker 34] Round 47 | Loss: 0.0260311 | Train Acc: 99.6343%
[Worker 32] Round 47 | Loss: 0.020607 | Train Acc: 99.8433%
[Worker 26] Round 47 | Loss: 0.0334227 | Train Acc: 99.582%
[Worker 24] Round 47 | Loss: 0.0422215 | Train Acc: 99.2163%
[Worker 30] Round 47 | Loss: 0.0239657 | Train Acc: 99.8433%
[Worker 28] Round 47 | Loss: 0.0377744 | Train Acc: 99.4775%
[Worker 36] Round 47 | Loss: 0.0297397 | Train Acc: 99.5298%
[Worker 39] Round 47 | Loss: 0.0276807 | Train Acc: 99.6604%
[Worker 37] Round 47 | Loss: 0.0291494 | Train Acc: 99.6865%
[Worker 38] Round 47 | Loss: 0.0582083 | Train Acc: 99.0857%
[Worker 46] Round 47 | Loss: 0.0283519 | Train Acc: 99.6081%
[Worker 44] Round 47 | Loss: 0.0312691 | Train Acc: 99.5298%
[Worker 45] Round 47 | Loss: 0.0291832 | Train Acc: 99.6081%
[Worker 43] Round 47 | Loss: 0.100232 | Train Acc: 97.7273%
[Worker 42] Round 47 | Loss: 0.0278336 | Train Acc: 99.6343%
[Worker 40] Round 47 | Loss: 0.0272086 | Train Acc: 99.6081%
[Worker 41] Round 47 | Loss: 0.0259264 | Train Acc: 99.6865%
[Worker 47] Round 47 | Loss: 0.0275704 | Train Acc: 99.591%
[Central Round] 47 [Global Test Accuracy]: 89.18%
[Worker 1] Round 48 | Loss: 0.0185154 | Train Acc: 99.7649%
[Worker 5] Round 48 | Loss: 0.0301309 | Train Acc: 99.6343%
[Worker 9] Round 48 | Loss: 0.0202291 | Train Acc: 99.7649%
[Worker 3] Round 48 | Loss: 0.0227263 | Train Acc: 99.7126%
[Worker 11] Round 48 | Loss: 0.0323097 | Train Acc: 99.3992%
[Worker 7] Round 48 | Loss: 0.0207776 | Train Acc: 99.6865%
[Worker 2] Round 48 | Loss: 0.0199978 | Train Acc: 99.791%
[Worker 8] Round 48 | Loss: 0.0261636 | Train Acc: 99.5037%
[Worker 6] Round 48 | Loss: 0.0197132 | Train Acc: 99.7649%
[Worker 10] Round 48 | Loss: 0.0560817 | Train Acc: 98.5371%
[Worker 4] Round 48 | Loss: 0.0189231 | Train Acc: 99.7649%
[Worker 33] Round 48 | Loss: 0.0355805 | Train Acc: 99.582%
[Worker 20] Round 48 | Loss: 0.0513221 | Train Acc: 99.2163%
[Worker 22] Round 48 | Loss: 0.0301085 | Train Acc: 99.6081%
[Worker 21] Round 48 | Loss: 0.0281306 | Train Acc: 99.6343%
[Worker 35] Round 48 | Loss: 0.0243251 | Train Acc: 99.8171%
[Worker 25] Round 48 | Loss: 0.0341197 | Train Acc: 99.582%
[Worker 29] Round 48 | Loss: 0.094013 | Train Acc: 97.9363%
[Worker 31] Round 48 | Loss: 0.0261234 | Train Acc: 99.7126%
[Worker 27] Round 48 | Loss: 0.0380191 | Train Acc: 99.582%
[Worker 19] Round 48 | Loss: 0.0303413 | Train Acc: 99.4514%
[Worker 17] Round 48 | Loss: 0.0273391 | Train Acc: 99.6604%
[Worker 23] Round 48 | Loss: 0.0252665 | Train Acc: 99.7649%
[Worker 14] Round 48 | Loss: 0.0347896 | Train Acc: 99.4514%
[Worker 18] Round 48 | Loss: 0.02938 | Train Acc: 99.6604%
[Worker 12] Round 48 | Loss: 0.0351477 | Train Acc: 99.4253%
[Worker 13] Round 48 | Loss: 0.0362526 | Train Acc: 99.373%
[Worker 15] Round 48 | Loss: 0.111565 | Train Acc: 96.8652%
[Worker 16] Round 48 | Loss: 0.0345353 | Train Acc: 99.6081%
[Worker 34] Round 48 | Loss: 0.0258303 | Train Acc: 99.7126%
[Worker 32] Round 48 | Loss: 0.0211475 | Train Acc: 99.8955%
[Worker 26] Round 48 | Loss: 0.0335922 | Train Acc: 99.5037%
[Worker 24] Round 48 | Loss: 0.0421028 | Train Acc: 99.1902%
[Worker 30] Round 48 | Loss: 0.0234186 | Train Acc: 99.6865%
[Worker 28] Round 48 | Loss: 0.0384654 | Train Acc: 99.5298%
[Worker 37] Round 48 | Loss: 0.0291571 | Train Acc: 99.7126%
[Worker 39] Round 48 | Loss: 0.0275578 | Train Acc: 99.6343%
[Worker 45] Round 48 | Loss: 0.0298009 | Train Acc: 99.6343%
[Worker 43] Round 48 | Loss: 0.100851 | Train Acc: 97.7011%
[Worker 41] Round 48 | Loss: 0.0275183 | Train Acc: 99.4253%
[Worker 47] Round 48 | Loss: 0.0281529 | Train Acc: 99.7955%
[Worker 36] Round 48 | Loss: 0.0304087 | Train Acc: 99.5559%
[Worker 38] Round 48 | Loss: 0.0578121 | Train Acc: 99.1118%
[Worker 44] Round 48 | Loss: 0.0315875 | Train Acc: 99.5559%
[Worker 46] Round 48 | Loss: 0.0287981 | Train Acc: 99.6865%
[Worker 42] Round 48 | Loss: 0.0269135 | Train Acc: 99.7388%
[Worker 40] Round 48 | Loss: 0.0276548 | Train Acc: 99.6081%
[Central Round] 48 [Global Test Accuracy]: 89.24%
[Worker 3] Round 49 | Loss: 0.0218187 | Train Acc: 99.7649%
[Worker 9] Round 49 | Loss: 0.0204606 | Train Acc: 99.791%
[Worker 5] Round 49 | Loss: 0.0301278 | Train Acc: 99.5559%
[Worker 7] Round 49 | Loss: 0.0203251 | Train Acc: 99.7649%
[Worker 11] Round 49 | Loss: 0.0337387 | Train Acc: 99.3469%
[Worker 8] Round 49 | Loss: 0.0259708 | Train Acc: 99.582%
[Worker 2] Round 49 | Loss: 0.0191498 | Train Acc: 99.8433%
[Worker 4] Round 49 | Loss: 0.0193415 | Train Acc: 99.8171%
[Worker 6] Round 49 | Loss: 0.0196003 | Train Acc: 99.8433%
[Worker 10] Round 49 | Loss: 0.0562722 | Train Acc: 98.6938%
[Worker 1] Round 49 | Loss: 0.0194199 | Train Acc: 99.7388%
[Worker 17] Round 49 | Loss: 0.0297344 | Train Acc: 99.5037%
[Worker 33] Round 49 | Loss: 0.035709 | Train Acc: 99.5298%
[Worker 19] Round 49 | Loss: 0.0290207 | Train Acc: 99.5559%
[Worker 16] Round 49 | Loss: 0.0357421 | Train Acc: 99.1902%
[Worker 21] Round 49 | Loss: 0.0281654 | Train Acc: 99.6081%
[Worker 13] Round 49 | Loss: 0.0352664 | Train Acc: 99.2424%
[Worker 23] Round 49 | Loss: 0.0256745 | Train Acc: 99.8433%
[Worker 15] Round 49 | Loss: 0.111446 | Train Acc: 96.8391%
[Worker 20] Round 49 | Loss: 0.0509665 | Train Acc: 99.2424%
[Worker 22] Round 49 | Loss: 0.0317785 | Train Acc: 99.4514%
[Worker 14] Round 49 | Loss: 0.0364086 | Train Acc: 99.3208%
[Worker 18] Round 49 | Loss: 0.0285694 | Train Acc: 99.6865%
[Worker 12] Round 49 | Loss: 0.0346327 | Train Acc: 99.5037%
[Worker 25] Round 49 | Loss: 0.0320924 | Train Acc: 99.6865%
[Worker 35] Round 49 | Loss: 0.0244889 | Train Acc: 99.7649%
[Worker 27] Round 49 | Loss: 0.0381513 | Train Acc: 99.5037%
[Worker 31] Round 49 | Loss: 0.0252149 | Train Acc: 99.7649%
[Worker 29] Round 49 | Loss: 0.0942781 | Train Acc: 97.884%
[Worker 26] Round 49 | Loss: 0.0337266 | Train Acc: 99.6343%
[Worker 34] Round 49 | Loss: 0.0253415 | Train Acc: 99.6865%
[Worker 32] Round 49 | Loss: 0.0212639 | Train Acc: 99.8171%
[Worker 24] Round 49 | Loss: 0.0420781 | Train Acc: 99.2163%
[Worker 30] Round 49 | Loss: 0.0235476 | Train Acc: 99.7126%
[Worker 28] Round 49 | Loss: 0.03855 | Train Acc: 99.582%
[Worker 38] Round 49 | Loss: 0.0573618 | Train Acc: 99.0334%
[Worker 46] Round 49 | Loss: 0.0281373 | Train Acc: 99.6343%
[Worker 36] Round 49 | Loss: 0.0301058 | Train Acc: 99.5298%
[Worker 44] Round 49 | Loss: 0.0317464 | Train Acc: 99.5559%
[Worker 40] Round 49 | Loss: 0.0277654 | Train Acc: 99.5298%
[Worker 42] Round 49 | Loss: 0.0277548 | Train Acc: 99.6604%
[Worker 39] Round 49 | Loss: 0.0286992 | Train Acc: 99.6604%
[Worker 37] Round 49 | Loss: 0.0294526 | Train Acc: 99.5298%
[Worker 45] Round 49 | Loss: 0.0285804 | Train Acc: 99.7126%
[Worker 43] Round 49 | Loss: 0.100669 | Train Acc: 97.8318%
[Worker 41] Round 49 | Loss: 0.0270262 | Train Acc: 99.6081%
[Worker 47] Round 49 | Loss: 0.0281178 | Train Acc: 99.591%
[Central Round] 49 [Global Test Accuracy]: 89.25%
[Worker 1] Round 50 | Loss: 0.0191808 | Train Acc: 99.7649%
[Worker 9] Round 50 | Loss: 0.0200878 | Train Acc: 99.791%
[Worker 7] Round 50 | Loss: 0.0205014 | Train Acc: 99.7388%
[Worker 5] Round 50 | Loss: 0.0298661 | Train Acc: 99.6604%
[Worker 3] Round 50 | Loss: 0.0216172 | Train Acc: 99.7649%
[Worker 11] Round 50 | Loss: 0.0331619 | Train Acc: 99.3992%
[Worker 2] Round 50 | Loss: 0.0188872 | Train Acc: 99.8694%
[Worker 8] Round 50 | Loss: 0.0253504 | Train Acc: 99.6081%
[Worker 6] Round 50 | Loss: 0.0199718 | Train Acc: 99.8433%
[Worker 4] Round 50 | Loss: 0.0188501 | Train Acc: 99.8433%
[Worker 10] Round 50 | Loss: 0.055689 | Train Acc: 98.6416%
[Worker 33] Round 50 | Loss: 0.0358042 | Train Acc: 99.5559%
[Worker 35] Round 50 | Loss: 0.0250401 | Train Acc: 99.7126%
[Worker 25] Round 50 | Loss: 0.0328931 | Train Acc: 99.6865%
[Worker 21] Round 50 | Loss: 0.0288916 | Train Acc: 99.582%
[Worker 22] Round 50 | Loss: 0.0310042 | Train Acc: 99.5298%
[Worker 29] Round 50 | Loss: 0.093454 | Train Acc: 97.884%
[Worker 27] Round 50 | Loss: 0.0373782 | Train Acc: 99.6865%
[Worker 31] Round 50 | Loss: 0.0252882 | Train Acc: 99.8694%
[Worker 34] Round 50 | Loss: 0.0251403 | Train Acc: 99.6604%
[Worker 32] Round 50 | Loss: 0.0203506 | Train Acc: 99.9216%
[Worker 26] Round 50 | Loss: 0.0327708 | Train Acc: 99.5298%
[Worker 24] Round 50 | Loss: 0.0420348 | Train Acc: 99.2163%
[Worker 30] Round 50 | Loss: 0.0236299 | Train Acc: 99.6865%
[Worker 28] Round 50 | Loss: 0.0378699 | Train Acc: 99.5298%
[Worker 17] Round 50 | Loss: 0.0282936 | Train Acc: 99.6604%
[Worker 14] Round 50 | Loss: 0.0351528 | Train Acc: 99.4775%
[Worker 20] Round 50 | Loss: 0.0505579 | Train Acc: 99.2685%
[Worker 19] Round 50 | Loss: 0.0284745 | Train Acc: 99.5559%
[Worker 12] Round 50 | Loss: 0.0359565 | Train Acc: 99.3208%
[Worker 13] Round 50 | Loss: 0.0341847 | Train Acc: 99.3469%
[Worker 15] Round 50 | Loss: 0.110412 | Train Acc: 96.8913%
[Worker 23] Round 50 | Loss: 0.0253994 | Train Acc: 99.8694%
[Worker 16] Round 50 | Loss: 0.0356057 | Train Acc: 99.4514%
[Worker 18] Round 50 | Loss: 0.0293824 | Train Acc: 99.6343%
[Worker 36] Round 50 | Loss: 0.0311689 | Train Acc: 99.4253%
[Worker 39] Round 50 | Loss: 0.028028 | Train Acc: 99.6343%
[Worker 37] Round 50 | Loss: 0.0292116 | Train Acc: 99.6604%
[Worker 38] Round 50 | Loss: 0.0577217 | Train Acc: 99.0073%
[Worker 44] Round 50 | Loss: 0.0312944 | Train Acc: 99.5298%
[Worker 46] Round 50 | Loss: 0.0290051 | Train Acc: 99.5559%
[Worker 45] Round 50 | Loss: 0.0293733 | Train Acc: 99.582%
[Worker 40] Round 50 | Loss: 0.0269702 | Train Acc: 99.6343%
[Worker 42] Round 50 | Loss: 0.0285901 | Train Acc: 99.5559%
[Worker 43] Round 50 | Loss: 0.0996768 | Train Acc: 97.7011%
[Worker 41] Round 50 | Loss: 0.0266183 | Train Acc: 99.7649%
[Worker 47] Round 50 | Loss: 0.0282291 | Train Acc: 99.5143%
[Central Round] 50 [Global Test Accuracy]: 89.29%

[Central] Done. Federated data saved to /home-mscluster/ldemelo/HPC_Assignment/problem1/federated_clustering_mpi/metrics/sweep_4/federated/fixed_total_n4_p12_rep2_j201536

[mult_node] run_id=fixed_total_n4_p12_rep3_j201536 rep=3/3
Rank 9 of 48 processes
Rank 10 of 48 processes
Rank 11 of 48 processes
Rank 0 of 48 processes
Rank 1 of 48 processes
Rank 4 of 48 processes
Rank 5 of 48 processes
Rank 6 of 48 processes
Rank 7 of 48 processes
Rank 8 of 48 processes
Rank 2 of 48 processes
Rank 3 of 48 processes
Rank 28 of 48 processes
Rank 46 of 48 processes
Rank 34 of 48 processes
Rank 38 of 48 processes
Rank 24 of 48 processes
Rank 13 of 48 processes
Rank 26 of 48 processes
Rank 43 of 48 processes
Rank 30 of 48 processes
Rank 45 of 48 processes
Rank 16 of 48 processes
Rank 32 of 48 processes
Rank 40 of 48 processes
Rank 17 of 48 processes
Rank 29 of 48 processes
Rank 41 of 48 processes
Rank 18 of 48 processes
Rank 31 of 48 processes
Rank 42 of 48 processes
Rank 20 of 48 processes
Rank 33 of 48 processes
Rank 44 of 48 processes
Rank 21 of 48 processes
Rank 35 of 48 processes
Rank 47 of 48 processes
Rank 23 of 48 processes
Rank 25 of 48 processes
Rank 36 of 48 processes
Rank 27 of 48 processes
Rank 37 of 48 processes
Rank 14 of 48 processes
Rank 39 of 48 processes
Rank 15 of 48 processes
Rank 19 of 48 processes
Rank 22 of 48 processes
Rank 12 of 48 processes
Softmax regression: 10 classes; 784 features
[Mode] Non-IID Label Shard Distribution
[Mode] Non-IID Label Shard Distribution
[Mode] Non-IID Label Shard Distribution
[Mode] Non-IID Label Shard Distribution
[Distributed Worker 26] Shard size: 1276
Softmax regression: 10 classes; 784 features
[Distributed Worker 24] Shard size: 1276
Softmax regression: 10 classes; 784 features
[Mode] Non-IID Label Shard Distribution
[Distributed Worker 28] Shard size: 1276
Softmax regression: 10 classes; 784 features
[Distributed Worker 34] Shard size: 1276
Softmax regression: 10 classes; 784 features
[Mode] Non-IID Label Shard Distribution
[Distributed Worker 32] Shard size: 1276
[Mode] Non-IID Label Shard Distribution
Softmax regression: 10 classes; 784 features
[Mode] Non-IID Label Shard Distribution
[Mode] Non-IID Label Shard Distribution
[Mode] Non-IID Label Shard Distribution
[Mode] Non-IID Label Shard Distribution
[Mode] Non-IID Label Shard Distribution
[Mode] Non-IID Label Shard Distribution
[Distributed Worker 30] Shard size: 1276
Softmax regression: 10 classes; 784 features
[Mode] Non-IID Label Shard Distribution
[Mode] Non-IID Label Shard Distribution
[Mode] Non-IID Label Shard Distribution
[Distributed Worker 6] Shard size: 1276
[Mode] Non-IID Label Shard Distribution
[Distributed Worker 4] Shard size: 1276
Softmax regression: 10 classes; 784 features
[Distributed Worker 10] Shard size: 1276
Softmax regression: 10 classes; 784 features
Softmax regression: 10 classes; 784 features
[Distributed Worker 8] Shard size: 1276
Softmax regression: 10 classes; 784 features
[Distributed Worker 1] Shard size: 1276
Softmax regression: 10 classes; 784 features
[Distributed Worker 7] Shard size: 1276
Softmax regression: 10 classes; 784 features
[Distributed Worker 2] Shard size: 1276
Softmax regression: 10 classes; 784 features
[Distributed Worker 25] Shard size: 1276
Softmax regression: 10 classes; 784 features
[Distributed Worker 35] Shard size: 1276
[Distributed Worker 33] Shard size: 1276
Softmax regression: 10 classes; 784 features
Softmax regression: 10 classes; 784 features
[Distributed Worker 29] Shard size: 1276
Softmax regression: 10 classes; 784 features
[Mode] Non-IID Label Shard Distribution
[Mode] Non-IID Label Shard Distribution
[Distributed Worker 27] Shard size: 1276
Softmax regression: 10 classes; 784 features
[Mode] Non-IID Label Shard Distribution
[Mode] Non-IID Label Shard Distribution
[Mode] Non-IID Label Shard Distribution
[Mode] Non-IID Label Shard Distribution
[Distributed Worker 31] Shard size: 1276
Softmax regression: 10 classes; 784 features
[Mode] Non-IID Label Shard Distribution
[Mode] Non-IID Label Shard Distribution
[Distributed Worker 11] Shard size: 1276
Softmax regression: 10 classes; 784 features
[Distributed Worker 16] Shard size: 1276
Softmax regression: 10 classes; 784 features
[Distributed Worker 18] Shard size: 1276
Softmax regression: 10 classes; 784 features
[Distributed Worker 20] Shard size: 1276
[Distributed Worker 5] Shard size: 1276
Softmax regression: 10 classes; 784 features
Softmax regression: 10 classes; 784 features
[Distributed Worker 14] Shard size: 1276
Softmax regression: 10 classes; 784 features
[Mode] Non-IID Label Shard Distribution
[Mode] Non-IID Label Shard Distribution
[Distributed Worker 3] Shard size: 1276
Softmax regression: 10 classes; 784 features
[Distributed Worker 9] Shard size: 1276
Softmax regression: 10 classes; 784 features
[Worker 34] Round 1 | Loss: 0.0276889 | Train Acc: 99.4984%
[Mode] Non-IID Label Shard Distribution
[Mode] Non-IID Label Shard Distribution
[Distributed Worker 22] Shard size: 1276
Softmax regression: 10 classes; 784 features
[Distributed Worker 12] Shard size: 1276
Softmax regression: 10 classes; 784 features
[Worker 6] Round 1 | Loss: 0.0271856 | Train Acc: 99.4984%
[Worker 10] Round 1 | Loss: 0.0838854 | Train Acc: 97.743%
[Worker 2] Round 1 | Loss: 0.022094 | Train Acc: 99.4984%
[Worker 1] Round 1 | Loss: 0.0224239 | Train Acc: 99.5141%
[Worker 7] Round 1 | Loss: 0.0273993 | Train Acc: 99.4984%
[Mode] Non-IID Label Shard Distribution
[Mode] Non-IID Label Shard Distribution
[Worker 35] Round 1 | Loss: 0.0291112 | Train Acc: 99.4984%
[Worker 33] Round 1 | Loss: 0.0576548 | Train Acc: 98.8871%
[Mode] Non-IID Label Shard Distribution
[Distributed Worker 13] Shard size: 1276
Softmax regression: 10 classes; 784 features
[Mode] Non-IID Label Shard Distribution
[Distributed Worker 21] Shard size: 1276
Softmax regression: 10 classes; 784 features
[Mode] Non-IID Label Shard Distribution
[Mode] Non-IID Label Shard Distribution
[Distributed Worker 19] Shard size: 1276
Softmax regression: 10 classes; 784 features
[Distributed Worker 15] Shard size: 1276
Softmax regression: 10 classes; 784 features
[Worker 26] Round 1 | Loss: 0.0324413 | Train Acc: 99.5298%
[Worker 24] Round 1 | Loss: 0.0625757 | Train Acc: 98.4326%
[Worker 28] Round 1 | Loss: 0.0343743 | Train Acc: 99.5141%
[Worker 30] Round 1 | Loss: 0.0256608 | Train Acc: 99.4984%
[Distributed Worker 17] Shard size: 1276
Softmax regression: 10 classes; 784 features
[Distributed Worker 23] Shard size: 1276
Softmax regression: 10 classes; 784 features
[Worker 11] Round 1 | Loss: 0.0258011 | Train Acc: 99.6238%
[Worker 31] Round 1 | Loss: 0.0271852 | Train Acc: 99.5141%
[Worker 25] Round 1 | Loss: 0.032765 | Train Acc: 99.4984%
[Worker 27] Round 1 | Loss: 0.0349007 | Train Acc: 99.5455%
[Worker 29] Round 1 | Loss: 0.117057 | Train Acc: 97.0846%
[Worker 5] Round 1 | Loss: 0.0489188 | Train Acc: 99.1536%
[Worker 4] Round 1 | Loss: 0.0233479 | Train Acc: 99.4984%
[Worker 18] Round 1 | Loss: 0.0255962 | Train Acc: 99.5455%
[Worker 3] Round 1 | Loss: 0.0238556 | Train Acc: 99.5141%
[Worker 9] Round 1 | Loss: 0.0270427 | Train Acc: 99.4984%
[Worker 8] Round 1 | Loss: 0.0275159 | Train Acc: 99.4984%
[Worker 22] Round 1 | Loss: 0.0276795 | Train Acc: 99.5455%
[Worker 14] Round 1 | Loss: 0.0266965 | Train Acc: 99.6395%
[Worker 13] Round 1 | Loss: 0.0283052 | Train Acc: 99.5925%
[Worker 21] Round 1 | Loss: 0.0275916 | Train Acc: 99.5455%
[Worker 19] Round 1 | Loss: 0.0248715 | Train Acc: 99.5768%
[Worker 15] Round 1 | Loss: 0.133698 | Train Acc: 96.3323%
[Worker 12] Round 1 | Loss: 0.0271728 | Train Acc: 99.6081%
[Worker 17] Round 1 | Loss: 0.0245538 | Train Acc: 99.5925%
[Worker 23] Round 1 | Loss: 0.0271727 | Train Acc: 99.5298%
[Worker 16] Round 1 | Loss: 0.0254813 | Train Acc: 99.5455%
[Worker 20] Round 1 | Loss: 0.0729876 | Train Acc: 98.7304%
[Mode] Non-IID Label Shard Distribution
[Mode] Non-IID Label Shard Distribution
[Mode] Non-IID Label Shard Distribution
[Mode] Non-IID Label Shard Distribution
[Mode] Non-IID Label Shard Distribution
[Mode] Non-IID Label Shard Distribution
[Mode] Non-IID Label Shard Distribution
[Mode] Non-IID Label Shard Distribution
[Mode] Non-IID Label Shard Distribution
[Mode] Non-IID Label Shard Distribution
[Distributed Worker 40] Shard size: 1276
[Distributed Worker 38] Shard size: 1276
[Distributed Worker 42] Shard size: 1276
Softmax regression: 10 classes; 784 features
Softmax regression: 10 classes; 784 features
Softmax regression: 10 classes; 784 features
[Distributed Worker 36] Shard size: 1276
Softmax regression: 10 classes; 784 features
[Distributed Worker 44] Shard size: 1276
[Distributed Worker 46] Shard size: 1276
Softmax regression: 10 classes; 784 features
Softmax regression: 10 classes; 784 features
[Distributed Worker 37] Shard size: 1276
Softmax regression: 10 classes; 784 features
[Distributed Worker 43] Shard size: 1276
Softmax regression: 10 classes; 784 features
[Mode] Non-IID Label Shard Distribution
[Mode] Non-IID Label Shard Distribution
[Distributed Worker 47] Shard size: 1304
[Distributed Worker 45] Shard size: 1276
Softmax regression: 10 classes; 784 features
Softmax regression: 10 classes; 784 features
[Distributed Worker 39] Shard size: 1276
Softmax regression: 10 classes; 784 features
[Distributed Worker 41] Shard size: 1276
Softmax regression: 10 classes; 784 features
[Worker 32] Round 1 | Loss: 0.025054 | Train Acc: 99.5455%
[Worker 42] Round 1 | Loss: 0.0223391 | Train Acc: 99.5298%
[Worker 38] Round 1 | Loss: 0.0863136 | Train Acc: 98.0094%
[Worker 46] Round 1 | Loss: 0.0268276 | Train Acc: 99.5455%
[Worker 37] Round 1 | Loss: 0.0295023 | Train Acc: 99.4984%
[Worker 43] Round 1 | Loss: 0.129467 | Train Acc: 96.348%
[Worker 44] Round 1 | Loss: 0.0264654 | Train Acc: 99.5298%
[Worker 47] Round 1 | Loss: 0.0250965 | Train Acc: 99.5092%
[Worker 45] Round 1 | Loss: 0.0263978 | Train Acc: 99.5141%
[Worker 39] Round 1 | Loss: 0.0225446 | Train Acc: 99.5455%
[Worker 41] Round 1 | Loss: 0.0222791 | Train Acc: 99.5768%
[Worker 36] Round 1 | Loss: 0.0294474 | Train Acc: 99.4984%
[Worker 40] Round 1 | Loss: 0.0228674 | Train Acc: 99.5141%
[Central Round] 1 [Global Test Accuracy]: 41.51%
[Worker 11] Round 2 | Loss: 0.0241716 | Train Acc: 99.7649%
[Worker 2] Round 2 | Loss: 0.0199901 | Train Acc: 99.6552%
[Worker 6] Round 2 | Loss: 0.0230706 | Train Acc: 99.6552%
[Worker 1] Round 2 | Loss: 0.0201034 | Train Acc: 99.6708%
[Worker 5] Round 2 | Loss: 0.0432241 | Train Acc: 99.4044%
[Worker 8] Round 2 | Loss: 0.0240535 | Train Acc: 99.5768%
[Worker 10] Round 2 | Loss: 0.0768247 | Train Acc: 98.0721%
[Worker 3] Round 2 | Loss: 0.0220163 | Train Acc: 99.7335%
[Worker 7] Round 2 | Loss: 0.0236425 | Train Acc: 99.7179%
[Worker 9] Round 2 | Loss: 0.0237349 | Train Acc: 99.6552%
[Worker 4] Round 2 | Loss: 0.0215833 | Train Acc: 99.6238%
[Worker 35] Round 2 | Loss: 0.0259087 | Train Acc: 99.7649%
[Worker 33] Round 2 | Loss: 0.0522293 | Train Acc: 99.232%
[Worker 32] Round 2 | Loss: 0.0234046 | Train Acc: 99.6238%
[Worker 31] Round 2 | Loss: 0.0252509 | Train Acc: 99.6081%
[Worker 29] Round 2 | Loss: 0.111552 | Train Acc: 97.4451%
[Worker 17] Round 2 | Loss: 0.0224925 | Train Acc: 99.7649%
[Worker 34] Round 2 | Loss: 0.0243973 | Train Acc: 99.7806%
[Worker 23] Round 2 | Loss: 0.0254534 | Train Acc: 99.5141%
[Worker 25] Round 2 | Loss: 0.0306351 | Train Acc: 99.7022%
[Worker 27] Round 2 | Loss: 0.0332164 | Train Acc: 99.6865%
[Worker 19] Round 2 | Loss: 0.0229068 | Train Acc: 99.8276%
[Worker 18] Round 2 | Loss: 0.0235074 | Train Acc: 99.7022%
[Worker 16] Round 2 | Loss: 0.02423 | Train Acc: 99.7806%
[Worker 21] Round 2 | Loss: 0.0259004 | Train Acc: 99.5611%
[Worker 20] Round 2 | Loss: 0.0691517 | Train Acc: 98.8871%
[Worker 30] Round 2 | Loss: 0.0242975 | Train Acc: 99.6238%
[Worker 13] Round 2 | Loss: 0.026798 | Train Acc: 99.8119%
[Worker 22] Round 2 | Loss: 0.0266557 | Train Acc: 99.5611%
[Worker 24] Round 2 | Loss: 0.0582295 | Train Acc: 98.4796%
[Worker 15] Round 2 | Loss: 0.127915 | Train Acc: 96.7555%
[Worker 26] Round 2 | Loss: 0.0299233 | Train Acc: 99.6865%
[Worker 12] Round 2 | Loss: 0.0259061 | Train Acc: 99.8119%
[Worker 14] Round 2 | Loss: 0.0250053 | Train Acc: 99.8589%
[Worker 28] Round 2 | Loss: 0.0318227 | Train Acc: 99.6708%
[Worker 39] Round 2 | Loss: 0.0207701 | Train Acc: 99.8119%
[Worker 44] Round 2 | Loss: 0.0248919 | Train Acc: 99.6081%
[Worker 38] Round 2 | Loss: 0.0807398 | Train Acc: 98.4013%
[Worker 46] Round 2 | Loss: 0.0250579 | Train Acc: 99.7492%
[Worker 45] Round 2 | Loss: 0.0251181 | Train Acc: 99.7022%
[Worker 37] Round 2 | Loss: 0.0268703 | Train Acc: 99.7179%
[Worker 42] Round 2 | Loss: 0.0205966 | Train Acc: 99.7492%
[Worker 43] Round 2 | Loss: 0.123416 | Train Acc: 96.6458%
[Worker 36] Round 2 | Loss: 0.0266419 | Train Acc: 99.7962%
[Worker 41] Round 2 | Loss: 0.021483 | Train Acc: 99.6865%
[Worker 40] Round 2 | Loss: 0.0209565 | Train Acc: 99.7179%
[Worker 47] Round 2 | Loss: 0.0238102 | Train Acc: 99.5705%
[Central Round] 2 [Global Test Accuracy]: 67.88%
[Worker 7] Round 3 | Loss: 0.0206737 | Train Acc: 99.9843%
[Worker 1] Round 3 | Loss: 0.0186224 | Train Acc: 99.8433%
[Worker 11] Round 3 | Loss: 0.0227668 | Train Acc: 99.8589%
[Worker 3] Round 3 | Loss: 0.0194408 | Train Acc: 99.8276%
[Worker 5] Round 3 | Loss: 0.039731 | Train Acc: 99.6081%
[Worker 9] Round 3 | Loss: 0.0210722 | Train Acc: 99.9687%
[Worker 10] Round 3 | Loss: 0.0714744 | Train Acc: 98.3072%
[Worker 2] Round 3 | Loss: 0.0187672 | Train Acc: 99.8433%
[Worker 8] Round 3 | Loss: 0.0216857 | Train Acc: 99.9687%
[Worker 6] Round 3 | Loss: 0.020938 | Train Acc: 99.9687%
[Worker 4] Round 3 | Loss: 0.0196263 | Train Acc: 99.8433%
[Worker 33] Round 3 | Loss: 0.0486259 | Train Acc: 99.4357%
[Worker 35] Round 3 | Loss: 0.0237841 | Train Acc: 99.953%
[Worker 25] Round 3 | Loss: 0.0288058 | Train Acc: 99.7492%
[Worker 27] Round 3 | Loss: 0.0320646 | Train Acc: 99.7179%
[Worker 32] Round 3 | Loss: 0.0212396 | Train Acc: 99.8433%
[Worker 31] Round 3 | Loss: 0.0238315 | Train Acc: 99.8119%
[Worker 29] Round 3 | Loss: 0.107777 | Train Acc: 97.7273%
[Worker 24] Round 3 | Loss: 0.0537631 | Train Acc: 98.6991%
[Worker 34] Round 3 | Loss: 0.0222836 | Train Acc: 99.906%
[Worker 18] Round 3 | Loss: 0.0219409 | Train Acc: 99.8746%
[Worker 16] Round 3 | Loss: 0.0225404 | Train Acc: 99.906%
[Worker 26] Round 3 | Loss: 0.027885 | Train Acc: 99.6708%
[Worker 23] Round 3 | Loss: 0.0237127 | Train Acc: 99.7335%
[Worker 21] Round 3 | Loss: 0.0246157 | Train Acc: 99.6238%
[Worker 22] Round 3 | Loss: 0.0244984 | Train Acc: 99.6708%
[Worker 19] Round 3 | Loss: 0.0212755 | Train Acc: 99.9373%
[Worker 20] Round 3 | Loss: 0.064849 | Train Acc: 99.0596%
[Worker 17] Round 3 | Loss: 0.02107 | Train Acc: 99.8589%
[Worker 12] Round 3 | Loss: 0.0242191 | Train Acc: 99.8589%
[Worker 14] Round 3 | Loss: 0.024335 | Train Acc: 99.8903%
[Worker 15] Round 3 | Loss: 0.12518 | Train Acc: 96.6771%
[Worker 30] Round 3 | Loss: 0.0225287 | Train Acc: 99.7335%
[Worker 13] Round 3 | Loss: 0.0247521 | Train Acc: 99.8746%
[Worker 28] Round 3 | Loss: 0.0304658 | Train Acc: 99.7492%
[Worker 39] Round 3 | Loss: 0.0197326 | Train Acc: 99.8746%
[Worker 44] Round 3 | Loss: 0.024436 | Train Acc: 99.7022%
[Worker 46] Round 3 | Loss: 0.0246983 | Train Acc: 99.7022%
[Worker 45] Round 3 | Loss: 0.0245644 | Train Acc: 99.6865%
[Worker 37] Round 3 | Loss: 0.0245251 | Train Acc: 99.8903%
[Worker 42] Round 3 | Loss: 0.0197235 | Train Acc: 99.7962%
[Worker 43] Round 3 | Loss: 0.119534 | Train Acc: 97.116%
[Worker 41] Round 3 | Loss: 0.0205125 | Train Acc: 99.7335%
[Worker 36] Round 3 | Loss: 0.0242748 | Train Acc: 99.9373%
[Worker 38] Round 3 | Loss: 0.0772614 | Train Acc: 98.4483%
[Worker 40] Round 3 | Loss: 0.0204495 | Train Acc: 99.7492%
[Worker 47] Round 3 | Loss: 0.0231619 | Train Acc: 99.6933%
[Central Round] 3 [Global Test Accuracy]: 75.58%
[Worker 2] Round 4 | Loss: 0.0178454 | Train Acc: 99.906%
[Worker 1] Round 4 | Loss: 0.0175796 | Train Acc: 99.8746%
[Worker 10] Round 4 | Loss: 0.0675929 | Train Acc: 98.5423%
[Worker 11] Round 4 | Loss: 0.0217094 | Train Acc: 99.9216%
[Worker 3] Round 4 | Loss: 0.0185267 | Train Acc: 99.9687%
[Worker 5] Round 4 | Loss: 0.0362233 | Train Acc: 99.6238%
[Worker 7] Round 4 | Loss: 0.0191223 | Train Acc: 99.9687%
[Worker 6] Round 4 | Loss: 0.0189986 | Train Acc: 100%
[Worker 9] Round 4 | Loss: 0.0190643 | Train Acc: 99.9687%
[Worker 8] Round 4 | Loss: 0.0196911 | Train Acc: 99.9843%
[Worker 4] Round 4 | Loss: 0.0176846 | Train Acc: 99.953%
[Worker 35] Round 4 | Loss: 0.0220062 | Train Acc: 99.9373%
[Worker 33] Round 4 | Loss: 0.0451363 | Train Acc: 99.5768%
[Worker 32] Round 4 | Loss: 0.0198995 | Train Acc: 99.9216%
[Worker 25] Round 4 | Loss: 0.0287213 | Train Acc: 99.7649%
[Worker 24] Round 4 | Loss: 0.05059 | Train Acc: 98.8871%
[Worker 26] Round 4 | Loss: 0.0275238 | Train Acc: 99.7649%
[Worker 34] Round 4 | Loss: 0.0209174 | Train Acc: 99.906%
[Worker 27] Round 4 | Loss: 0.0307305 | Train Acc: 99.7492%
[Worker 31] Round 4 | Loss: 0.0222252 | Train Acc: 99.906%
[Worker 29] Round 4 | Loss: 0.10511 | Train Acc: 97.6489%
[Worker 19] Round 4 | Loss: 0.0208439 | Train Acc: 99.9687%
[Worker 17] Round 4 | Loss: 0.0201632 | Train Acc: 99.9373%
[Worker 23] Round 4 | Loss: 0.0229147 | Train Acc: 99.7806%
[Worker 21] Round 4 | Loss: 0.0232963 | Train Acc: 99.8119%
[Worker 18] Round 4 | Loss: 0.0211869 | Train Acc: 99.8589%
[Worker 13] Round 4 | Loss: 0.023486 | Train Acc: 99.8903%
[Worker 15] Round 4 | Loss: 0.121194 | Train Acc: 96.8809%
[Worker 30] Round 4 | Loss: 0.0211417 | Train Acc: 99.8903%
[Worker 22] Round 4 | Loss: 0.0235058 | Train Acc: 99.7492%
[Worker 28] Round 4 | Loss: 0.0305661 | Train Acc: 99.6865%
[Worker 20] Round 4 | Loss: 0.0612406 | Train Acc: 99.0596%
[Worker 16] Round 4 | Loss: 0.0217826 | Train Acc: 99.8903%
[Worker 14] Round 4 | Loss: 0.0231323 | Train Acc: 99.9216%
[Worker 12] Round 4 | Loss: 0.0231736 | Train Acc: 99.9373%
[Worker 39] Round 4 | Loss: 0.0198808 | Train Acc: 99.7806%
[Worker 37] Round 4 | Loss: 0.0226664 | Train Acc: 99.953%
[Worker 45] Round 4 | Loss: 0.0231624 | Train Acc: 99.8119%
[Worker 43] Round 4 | Loss: 0.116675 | Train Acc: 97.0533%
[Worker 41] Round 4 | Loss: 0.0198839 | Train Acc: 99.8276%
[Worker 47] Round 4 | Loss: 0.0217018 | Train Acc: 99.7699%
[Worker 44] Round 4 | Loss: 0.0238434 | Train Acc: 99.7022%
[Worker 46] Round 4 | Loss: 0.0235058 | Train Acc: 99.7022%
[Worker 38] Round 4 | Loss: 0.0726803 | Train Acc: 98.6677%
[Worker 42] Round 4 | Loss: 0.0195162 | Train Acc: 99.7806%
[Worker 36] Round 4 | Loss: 0.0231801 | Train Acc: 99.9216%
[Worker 40] Round 4 | Loss: 0.0194518 | Train Acc: 99.8276%
[Central Round] 4 [Global Test Accuracy]: 79.24%
[Worker 5] Round 5 | Loss: 0.0479794 | Train Acc: 99.6343%
[Worker 7] Round 5 | Loss: 0.0270259 | Train Acc: 100%
[Worker 2] Round 5 | Loss: 0.0251067 | Train Acc: 99.8433%
[Worker 1] Round 5 | Loss: 0.0239602 | Train Acc: 99.9216%
[Worker 9] Round 5 | Loss: 0.0267354 | Train Acc: 99.9739%
[Worker 10] Round 5 | Loss: 0.0827645 | Train Acc: 98.1714%
[Worker 11] Round 5 | Loss: 0.0337716 | Train Acc: 99.791%
[Worker 3] Round 5 | Loss: 0.0273211 | Train Acc: 99.8171%
[Worker 8] Round 5 | Loss: 0.0292092 | Train Acc: 99.9478%
[Worker 6] Round 5 | Loss: 0.0267275 | Train Acc: 99.9739%
[Worker 4] Round 5 | Loss: 0.0264163 | Train Acc: 99.8171%
[Worker 22] Round 5 | Loss: 0.0351488 | Train Acc: 99.7649%
[Worker 16] Round 5 | Loss: 0.0330236 | Train Acc: 99.8433%
[Worker 20] Round 5 | Loss: 0.0798838 | Train Acc: 99.1902%
[Worker 12] Round 5 | Loss: 0.0336901 | Train Acc: 99.8433%
[Worker 14] Round 5 | Loss: 0.0355873 | Train Acc: 99.8433%
[Worker 32] Round 5 | Loss: 0.0303644 | Train Acc: 99.8694%
[Worker 35] Round 5 | Loss: 0.0321347 | Train Acc: 99.9216%
[Worker 33] Round 5 | Loss: 0.0597763 | Train Acc: 99.6081%
[Worker 34] Round 5 | Loss: 0.0298303 | Train Acc: 99.9478%
[Worker 25] Round 5 | Loss: 0.0418417 | Train Acc: 99.6604%
[Worker 24] Round 5 | Loss: 0.0655996 | Train Acc: 98.7722%
[Worker 26] Round 5 | Loss: 0.0411508 | Train Acc: 99.6343%
[Worker 29] Round 5 | Loss: 0.12563 | Train Acc: 97.5444%
[Worker 21] Round 5 | Loss: 0.0334737 | Train Acc: 99.8171%
[Worker 17] Round 5 | Loss: 0.0291352 | Train Acc: 99.8171%
[Worker 18] Round 5 | Loss: 0.0318822 | Train Acc: 99.8433%
[Worker 19] Round 5 | Loss: 0.0308841 | Train Acc: 99.8694%
[Worker 23] Round 5 | Loss: 0.0334862 | Train Acc: 99.7649%
[Worker 13] Round 5 | Loss: 0.0360161 | Train Acc: 99.791%
[Worker 15] Round 5 | Loss: 0.145549 | Train Acc: 96.5779%
[Worker 31] Round 5 | Loss: 0.0328819 | Train Acc: 99.791%
[Worker 27] Round 5 | Loss: 0.0473694 | Train Acc: 99.5298%
[Worker 30] Round 5 | Loss: 0.0303291 | Train Acc: 99.9216%
[Worker 28] Round 5 | Loss: 0.0447194 | Train Acc: 99.582%
[Worker 46] Round 5 | Loss: 0.0341504 | Train Acc: 99.6604%
[Worker 36] Round 5 | Loss: 0.0334452 | Train Acc: 99.8955%
[Worker 38] Round 5 | Loss: 0.0913683 | Train Acc: 98.5371%
[Worker 44] Round 5 | Loss: 0.0354937 | Train Acc: 99.5298%
[Worker 42] Round 5 | Loss: 0.0296961 | Train Acc: 99.7126%
[Worker 40] Round 5 | Loss: 0.0293701 | Train Acc: 99.7126%
[Worker 39] Round 5 | Loss: 0.0306372 | Train Acc: 99.6081%
[Worker 37] Round 5 | Loss: 0.0341974 | Train Acc: 99.8955%
[Worker 45] Round 5 | Loss: 0.0352562 | Train Acc: 99.5298%
[Worker 43] Round 5 | Loss: 0.144905 | Train Acc: 96.5779%
[Worker 41] Round 5 | Loss: 0.028289 | Train Acc: 99.791%
[Worker 47] Round 5 | Loss: 0.0332349 | Train Acc: 99.6421%
[Central Round] 5 [Global Test Accuracy]: 81.04%
[Worker 5] Round 6 | Loss: 0.0462007 | Train Acc: 99.6343%
[Worker 7] Round 6 | Loss: 0.0256996 | Train Acc: 100%
[Worker 2] Round 6 | Loss: 0.0237077 | Train Acc: 99.9739%
[Worker 1] Round 6 | Loss: 0.0238878 | Train Acc: 99.9216%
[Worker 9] Round 6 | Loss: 0.0255583 | Train Acc: 99.9478%
[Worker 10] Round 6 | Loss: 0.0783021 | Train Acc: 98.3281%
[Worker 3] Round 6 | Loss: 0.0270051 | Train Acc: 99.8955%
[Worker 11] Round 6 | Loss: 0.0315368 | Train Acc: 99.9216%
[Worker 6] Round 6 | Loss: 0.025264 | Train Acc: 99.9478%
[Worker 8] Round 6 | Loss: 0.0273898 | Train Acc: 99.9478%
[Worker 4] Round 6 | Loss: 0.0250373 | Train Acc: 99.8955%
[Worker 33] Round 6 | Loss: 0.0575363 | Train Acc: 99.5037%
[Worker 35] Round 6 | Loss: 0.0302233 | Train Acc: 100%
[Worker 32] Round 6 | Loss: 0.0271996 | Train Acc: 99.9478%
[Worker 34] Round 6 | Loss: 0.0298697 | Train Acc: 99.8433%
[Worker 26] Round 6 | Loss: 0.0402914 | Train Acc: 99.582%
[Worker 25] Round 6 | Loss: 0.0413588 | Train Acc: 99.5298%
[Worker 24] Round 6 | Loss: 0.0629532 | Train Acc: 98.9289%
[Worker 27] Round 6 | Loss: 0.0458701 | Train Acc: 99.6343%
[Worker 31] Round 6 | Loss: 0.031796 | Train Acc: 99.9478%
[Worker 29] Round 6 | Loss: 0.12294 | Train Acc: 97.5967%
[Worker 22] Round 6 | Loss: 0.0343415 | Train Acc: 99.7649%
[Worker 16] Round 6 | Loss: 0.0317831 | Train Acc: 99.9216%
[Worker 19] Round 6 | Loss: 0.0303453 | Train Acc: 99.8694%
[Worker 17] Round 6 | Loss: 0.0283402 | Train Acc: 99.8694%
[Worker 18] Round 6 | Loss: 0.0310244 | Train Acc: 99.7649%
[Worker 20] Round 6 | Loss: 0.0773727 | Train Acc: 99.0857%
[Worker 23] Round 6 | Loss: 0.0326217 | Train Acc: 99.8433%
[Worker 30] Round 6 | Loss: 0.0292625 | Train Acc: 99.9216%
[Worker 21] Round 6 | Loss: 0.0322499 | Train Acc: 99.8433%
[Worker 13] Round 6 | Loss: 0.0359392 | Train Acc: 99.6604%
[Worker 12] Round 6 | Loss: 0.0346333 | Train Acc: 99.7126%
[Worker 14] Round 6 | Loss: 0.0343968 | Train Acc: 99.8433%
[Worker 28] Round 6 | Loss: 0.0439714 | Train Acc: 99.6343%
[Worker 15] Round 6 | Loss: 0.142246 | Train Acc: 96.3427%
[Worker 39] Round 6 | Loss: 0.0291234 | Train Acc: 99.7649%
[Worker 37] Round 6 | Loss: 0.0336964 | Train Acc: 99.8433%
[Worker 44] Round 6 | Loss: 0.0343593 | Train Acc: 99.4775%
[Worker 36] Round 6 | Loss: 0.0325581 | Train Acc: 99.8433%
[Worker 38] Round 6 | Loss: 0.0888062 | Train Acc: 98.5632%
[Worker 45] Round 6 | Loss: 0.0344055 | Train Acc: 99.6343%
[Worker 42] Round 6 | Loss: 0.0269029 | Train Acc: 99.9216%
[Worker 46] Round 6 | Loss: 0.0339517 | Train Acc: 99.5298%
[Worker 43] Round 6 | Loss: 0.142089 | Train Acc: 96.7085%
[Worker 40] Round 6 | Loss: 0.02968 | Train Acc: 99.6604%
[Worker 41] Round 6 | Loss: 0.0282254 | Train Acc: 99.8171%
[Worker 47] Round 6 | Loss: 0.03198 | Train Acc: 99.6421%
[Central Round] 6 [Global Test Accuracy]: 82.55%
[Worker 11] Round 7 | Loss: 0.0316974 | Train Acc: 99.8433%
[Worker 5] Round 7 | Loss: 0.044609 | Train Acc: 99.6343%
[Worker 7] Round 7 | Loss: 0.0241989 | Train Acc: 100%
[Worker 1] Round 7 | Loss: 0.0226712 | Train Acc: 99.9478%
[Worker 9] Round 7 | Loss: 0.0243549 | Train Acc: 100%
[Worker 3] Round 7 | Loss: 0.0267151 | Train Acc: 99.8433%
[Worker 10] Round 7 | Loss: 0.0766402 | Train Acc: 98.3542%
[Worker 8] Round 7 | Loss: 0.0260256 | Train Acc: 99.9739%
[Worker 2] Round 7 | Loss: 0.0232763 | Train Acc: 99.9216%
[Worker 6] Round 7 | Loss: 0.023976 | Train Acc: 99.9739%
[Worker 4] Round 7 | Loss: 0.0239357 | Train Acc: 99.9216%
[Worker 33] Round 7 | Loss: 0.0538465 | Train Acc: 99.6343%
[Worker 35] Round 7 | Loss: 0.0299459 | Train Acc: 99.9478%
[Worker 32] Round 7 | Loss: 0.0276287 | Train Acc: 99.8433%
[Worker 34] Round 7 | Loss: 0.028971 | Train Acc: 99.8694%
[Worker 26] Round 7 | Loss: 0.0387249 | Train Acc: 99.6604%
[Worker 25] Round 7 | Loss: 0.0402336 | Train Acc: 99.582%
[Worker 24] Round 7 | Loss: 0.060989 | Train Acc: 98.9551%
[Worker 27] Round 7 | Loss: 0.045408 | Train Acc: 99.6343%
[Worker 19] Round 7 | Loss: 0.0306136 | Train Acc: 99.7388%
[Worker 17] Round 7 | Loss: 0.0290837 | Train Acc: 99.8955%
[Worker 18] Round 7 | Loss: 0.0306637 | Train Acc: 99.8433%
[Worker 23] Round 7 | Loss: 0.0318507 | Train Acc: 99.8171%
[Worker 21] Round 7 | Loss: 0.0326147 | Train Acc: 99.8433%
[Worker 13] Round 7 | Loss: 0.0353 | Train Acc: 99.7388%
[Worker 22] Round 7 | Loss: 0.033158 | Train Acc: 99.8694%
[Worker 16] Round 7 | Loss: 0.0317257 | Train Acc: 99.8694%
[Worker 20] Round 7 | Loss: 0.0745422 | Train Acc: 99.1902%
[Worker 15] Round 7 | Loss: 0.140686 | Train Acc: 96.604%
[Worker 12] Round 7 | Loss: 0.0333959 | Train Acc: 99.8694%
[Worker 14] Round 7 | Loss: 0.0340837 | Train Acc: 99.8694%
[Worker 29] Round 7 | Loss: 0.120493 | Train Acc: 97.8579%
[Worker 31] Round 7 | Loss: 0.0304455 | Train Acc: 99.9478%
[Worker 30] Round 7 | Loss: 0.0282092 | Train Acc: 99.9478%
[Worker 28] Round 7 | Loss: 0.0432902 | Train Acc: 99.6343%
[Worker 39] Round 7 | Loss: 0.0281617 | Train Acc: 99.7649%
[Worker 37] Round 7 | Loss: 0.0320914 | Train Acc: 99.8433%
[Worker 44] Round 7 | Loss: 0.034285 | Train Acc: 99.5559%
[Worker 36] Round 7 | Loss: 0.031604 | Train Acc: 99.8955%
[Worker 38] Round 7 | Loss: 0.0867151 | Train Acc: 98.5632%
[Worker 45] Round 7 | Loss: 0.0334374 | Train Acc: 99.6865%
[Worker 42] Round 7 | Loss: 0.0280579 | Train Acc: 99.6604%
[Worker 46] Round 7 | Loss: 0.033521 | Train Acc: 99.6865%
[Worker 43] Round 7 | Loss: 0.137955 | Train Acc: 96.9436%
[Worker 41] Round 7 | Loss: 0.0295893 | Train Acc: 99.6865%
[Worker 40] Round 7 | Loss: 0.0285572 | Train Acc: 99.791%
[Worker 47] Round 7 | Loss: 0.0312774 | Train Acc: 99.7188%
[Central Round] 7 [Global Test Accuracy]: 83.19%
[Worker 10] Round 8 | Loss: 0.0745021 | Train Acc: 98.4587%
[Worker 6] Round 8 | Loss: 0.0233682 | Train Acc: 99.9739%
[Worker 2] Round 8 | Loss: 0.0222722 | Train Acc: 99.9478%
[Worker 8] Round 8 | Loss: 0.025992 | Train Acc: 99.8955%
[Worker 11] Round 8 | Loss: 0.0318836 | Train Acc: 99.7126%
[Worker 7] Round 8 | Loss: 0.0235829 | Train Acc: 99.9478%
[Worker 1] Round 8 | Loss: 0.0226694 | Train Acc: 99.8955%
[Worker 9] Round 8 | Loss: 0.0232405 | Train Acc: 100%
[Worker 4] Round 8 | Loss: 0.0231989 | Train Acc: 99.9216%
[Worker 5] Round 8 | Loss: 0.0425273 | Train Acc: 99.7126%
[Worker 32] Round 8 | Loss: 0.0266657 | Train Acc: 99.8955%
[Worker 34] Round 8 | Loss: 0.0274876 | Train Acc: 99.9739%
[Worker 35] Round 8 | Loss: 0.0290781 | Train Acc: 99.9478%
[Worker 33] Round 8 | Loss: 0.0524327 | Train Acc: 99.5298%
[Worker 25] Round 8 | Loss: 0.0401321 | Train Acc: 99.6604%
[Worker 24] Round 8 | Loss: 0.058638 | Train Acc: 98.9551%
[Worker 27] Round 8 | Loss: 0.0453125 | Train Acc: 99.6604%
[Worker 26] Round 8 | Loss: 0.0386132 | Train Acc: 99.6604%
[Worker 31] Round 8 | Loss: 0.0303501 | Train Acc: 99.8694%
[Worker 29] Round 8 | Loss: 0.118571 | Train Acc: 97.8318%
[Worker 3] Round 8 | Loss: 0.0247695 | Train Acc: 99.9216%
[Worker 18] Round 8 | Loss: 0.0300578 | Train Acc: 99.7388%
[Worker 22] Round 8 | Loss: 0.031665 | Train Acc: 99.8433%
[Worker 20] Round 8 | Loss: 0.0718837 | Train Acc: 99.2685%
[Worker 30] Round 8 | Loss: 0.0282863 | Train Acc: 99.8433%
[Worker 17] Round 8 | Loss: 0.0283553 | Train Acc: 99.9216%
[Worker 16] Round 8 | Loss: 0.0314664 | Train Acc: 99.8171%
[Worker 19] Round 8 | Loss: 0.0314577 | Train Acc: 99.7649%
[Worker 21] Round 8 | Loss: 0.0313451 | Train Acc: 99.791%
[Worker 12] Round 8 | Loss: 0.0345096 | Train Acc: 99.6081%
[Worker 14] Round 8 | Loss: 0.0340338 | Train Acc: 99.8171%
[Worker 23] Round 8 | Loss: 0.0303043 | Train Acc: 99.8694%
[Worker 15] Round 8 | Loss: 0.136648 | Train Acc: 96.5517%
[Worker 13] Round 8 | Loss: 0.0350029 | Train Acc: 99.6865%
[Worker 28] Round 8 | Loss: 0.043431 | Train Acc: 99.6343%
[Worker 36] Round 8 | Loss: 0.0316079 | Train Acc: 99.9216%
[Worker 44] Round 8 | Loss: 0.0334074 | Train Acc: 99.5298%
[Worker 38] Round 8 | Loss: 0.0844056 | Train Acc: 98.5632%
[Worker 46] Round 8 | Loss: 0.0335618 | Train Acc: 99.6343%
[Worker 42] Round 8 | Loss: 0.0278996 | Train Acc: 99.7388%
[Worker 39] Round 8 | Loss: 0.0292074 | Train Acc: 99.7126%
[Worker 37] Round 8 | Loss: 0.030892 | Train Acc: 100%
[Worker 40] Round 8 | Loss: 0.0277445 | Train Acc: 99.7126%
[Worker 45] Round 8 | Loss: 0.0331548 | Train Acc: 99.6343%
[Worker 43] Round 8 | Loss: 0.134678 | Train Acc: 96.8652%
[Worker 41] Round 8 | Loss: 0.02724 | Train Acc: 99.8694%
[Worker 47] Round 8 | Loss: 0.0311905 | Train Acc: 99.6421%
[Central Round] 8 [Global Test Accuracy]: 83.8%
[Worker 11] Round 9 | Loss: 0.0308002 | Train Acc: 99.7649%
[Worker 7] Round 9 | Loss: 0.0224544 | Train Acc: 100%
[Worker 5] Round 9 | Loss: 0.0416257 | Train Acc: 99.7126%
[Worker 1] Round 9 | Loss: 0.0226505 | Train Acc: 99.8433%
[Worker 3] Round 9 | Loss: 0.0252109 | Train Acc: 99.8433%
[Worker 9] Round 9 | Loss: 0.0226829 | Train Acc: 99.9478%
[Worker 10] Round 9 | Loss: 0.0727012 | Train Acc: 98.3281%
[Worker 8] Round 9 | Loss: 0.0251339 | Train Acc: 99.8955%
[Worker 2] Round 9 | Loss: 0.0234989 | Train Acc: 99.8433%
[Worker 6] Round 9 | Loss: 0.0233447 | Train Acc: 99.9739%
[Worker 4] Round 9 | Loss: 0.0238482 | Train Acc: 99.8171%
[Worker 33] Round 9 | Loss: 0.0499229 | Train Acc: 99.7126%
[Worker 35] Round 9 | Loss: 0.0296124 | Train Acc: 99.9216%
[Worker 27] Round 9 | Loss: 0.0444859 | Train Acc: 99.6343%
[Worker 25] Round 9 | Loss: 0.0399387 | Train Acc: 99.582%
[Worker 32] Round 9 | Loss: 0.0258564 | Train Acc: 99.9216%
[Worker 31] Round 9 | Loss: 0.0285376 | Train Acc: 99.9216%
[Worker 34] Round 9 | Loss: 0.0275325 | Train Acc: 99.8955%
[Worker 29] Round 9 | Loss: 0.115714 | Train Acc: 97.7795%
[Worker 26] Round 9 | Loss: 0.0390614 | Train Acc: 99.5298%
[Worker 24] Round 9 | Loss: 0.0562954 | Train Acc: 98.9551%
[Worker 19] Round 9 | Loss: 0.0293206 | Train Acc: 99.8171%
[Worker 17] Round 9 | Loss: 0.0268507 | Train Acc: 99.8955%
[Worker 16] Round 9 | Loss: 0.0316422 | Train Acc: 99.7388%
[Worker 20] Round 9 | Loss: 0.0726432 | Train Acc: 99.0334%
[Worker 23] Round 9 | Loss: 0.0309532 | Train Acc: 99.791%
[Worker 21] Round 9 | Loss: 0.029945 | Train Acc: 99.9739%
[Worker 18] Round 9 | Loss: 0.0298418 | Train Acc: 99.8694%
[Worker 22] Round 9 | Loss: 0.0311355 | Train Acc: 99.8433%
[Worker 14] Round 9 | Loss: 0.0334793 | Train Acc: 99.8955%
[Worker 13] Round 9 | Loss: 0.03423 | Train Acc: 99.8171%
[Worker 12] Round 9 | Loss: 0.0336538 | Train Acc: 99.6604%
[Worker 15] Round 9 | Loss: 0.134849 | Train Acc: 96.604%
[Worker 30] Round 9 | Loss: 0.0276911 | Train Acc: 99.8955%
[Worker 28] Round 9 | Loss: 0.0424 | Train Acc: 99.5559%
[Worker 37] Round 9 | Loss: 0.0309134 | Train Acc: 99.8433%
[Worker 39] Round 9 | Loss: 0.0285946 | Train Acc: 99.6865%
[Worker 38] Round 9 | Loss: 0.0827493 | Train Acc: 98.5893%
[Worker 36] Round 9 | Loss: 0.0314805 | Train Acc: 99.7388%
[Worker 44] Round 9 | Loss: 0.0325178 | Train Acc: 99.7388%
[Worker 45] Round 9 | Loss: 0.0330625 | Train Acc: 99.582%
[Worker 46] Round 9 | Loss: 0.0333108 | Train Acc: 99.582%
[Worker 43] Round 9 | Loss: 0.133787 | Train Acc: 96.8391%
[Worker 42] Round 9 | Loss: 0.0275039 | Train Acc: 99.791%
[Worker 41] Round 9 | Loss: 0.0280149 | Train Acc: 99.6865%
[Worker 40] Round 9 | Loss: 0.0275371 | Train Acc: 99.8694%
[Worker 47] Round 9 | Loss: 0.0304102 | Train Acc: 99.8211%
[Central Round] 9 [Global Test Accuracy]: 84.41%
[Worker 5] Round 10 | Loss: 0.0397659 | Train Acc: 99.7126%
[Worker 1] Round 10 | Loss: 0.0217822 | Train Acc: 99.9478%
[Worker 3] Round 10 | Loss: 0.0239971 | Train Acc: 99.9216%
[Worker 9] Round 10 | Loss: 0.0222719 | Train Acc: 99.9739%
[Worker 11] Round 10 | Loss: 0.0311281 | Train Acc: 99.791%
[Worker 7] Round 10 | Loss: 0.0229284 | Train Acc: 99.9216%
[Worker 8] Round 10 | Loss: 0.0257524 | Train Acc: 99.8171%
[Worker 2] Round 10 | Loss: 0.0224697 | Train Acc: 99.8694%
[Worker 10] Round 10 | Loss: 0.0712278 | Train Acc: 98.3542%
[Worker 6] Round 10 | Loss: 0.0231391 | Train Acc: 99.9216%
[Worker 4] Round 10 | Loss: 0.0228161 | Train Acc: 99.9216%
[Worker 20] Round 10 | Loss: 0.0697586 | Train Acc: 99.2424%
[Worker 33] Round 10 | Loss: 0.0491642 | Train Acc: 99.6081%
[Worker 18] Round 10 | Loss: 0.0293829 | Train Acc: 99.8955%
[Worker 35] Round 10 | Loss: 0.0283433 | Train Acc: 99.9478%
[Worker 32] Round 10 | Loss: 0.0257516 | Train Acc: 99.8694%
[Worker 16] Round 10 | Loss: 0.0311625 | Train Acc: 99.7649%
[Worker 34] Round 10 | Loss: 0.0274614 | Train Acc: 99.9216%
[Worker 24] Round 10 | Loss: 0.0556838 | Train Acc: 99.2163%
[Worker 25] Round 10 | Loss: 0.0392632 | Train Acc: 99.6865%
[Worker 27] Round 10 | Loss: 0.0431825 | Train Acc: 99.582%
[Worker 26] Round 10 | Loss: 0.0383592 | Train Acc: 99.6865%
[Worker 31] Round 10 | Loss: 0.0296726 | Train Acc: 99.9216%
[Worker 29] Round 10 | Loss: 0.113526 | Train Acc: 97.9101%
[Worker 30] Round 10 | Loss: 0.0268294 | Train Acc: 99.9216%
[Worker 28] Round 10 | Loss: 0.0430063 | Train Acc: 99.6081%
[Worker 22] Round 10 | Loss: 0.0313144 | Train Acc: 99.8171%
[Worker 17] Round 10 | Loss: 0.0275472 | Train Acc: 99.8694%
[Worker 12] Round 10 | Loss: 0.033365 | Train Acc: 99.8171%
[Worker 14] Round 10 | Loss: 0.0339776 | Train Acc: 99.7649%
[Worker 23] Round 10 | Loss: 0.0295017 | Train Acc: 99.8955%
[Worker 19] Round 10 | Loss: 0.0302417 | Train Acc: 99.8171%
[Worker 21] Round 10 | Loss: 0.0301304 | Train Acc: 99.8694%
[Worker 13] Round 10 | Loss: 0.0345104 | Train Acc: 99.7649%
[Worker 15] Round 10 | Loss: 0.135869 | Train Acc: 96.604%
[Worker 39] Round 10 | Loss: 0.0282738 | Train Acc: 99.7649%
[Worker 38] Round 10 | Loss: 0.0812231 | Train Acc: 98.4065%
[Worker 36] Round 10 | Loss: 0.0307791 | Train Acc: 99.791%
[Worker 44] Round 10 | Loss: 0.0323268 | Train Acc: 99.5559%
[Worker 45] Round 10 | Loss: 0.0319591 | Train Acc: 99.7126%
[Worker 37] Round 10 | Loss: 0.0307914 | Train Acc: 99.8694%
[Worker 42] Round 10 | Loss: 0.0276702 | Train Acc: 99.791%
[Worker 46] Round 10 | Loss: 0.0323443 | Train Acc: 99.582%
[Worker 43] Round 10 | Loss: 0.130572 | Train Acc: 96.9697%
[Worker 41] Round 10 | Loss: 0.0277845 | Train Acc: 99.7388%
[Worker 40] Round 10 | Loss: 0.0269732 | Train Acc: 99.791%
[Worker 47] Round 10 | Loss: 0.0301389 | Train Acc: 99.6421%
[Central Round] 10 [Global Test Accuracy]: 84.92%
[Worker 1] Round 11 | Loss: 0.0206485 | Train Acc: 99.9739%
[Worker 3] Round 11 | Loss: 0.0247962 | Train Acc: 99.8433%
[Worker 2] Round 11 | Loss: 0.0210043 | Train Acc: 99.9739%
[Worker 10] Round 11 | Loss: 0.069926 | Train Acc: 98.4065%
[Worker 7] Round 11 | Loss: 0.0222233 | Train Acc: 99.9478%
[Worker 9] Round 11 | Loss: 0.0216794 | Train Acc: 100%
[Worker 11] Round 11 | Loss: 0.0314461 | Train Acc: 99.7388%
[Worker 5] Round 11 | Loss: 0.0395955 | Train Acc: 99.6865%
[Worker 33] Round 11 | Loss: 0.0486572 | Train Acc: 99.5298%
[Worker 8] Round 11 | Loss: 0.0256064 | Train Acc: 99.8171%
[Worker 6] Round 11 | Loss: 0.0223194 | Train Acc: 99.9478%
[Worker 4] Round 11 | Loss: 0.0222288 | Train Acc: 99.9739%
[Worker 35] Round 11 | Loss: 0.0278598 | Train Acc: 99.9216%
[Worker 25] Round 11 | Loss: 0.037864 | Train Acc: 99.6081%
[Worker 27] Round 11 | Loss: 0.043513 | Train Acc: 99.5298%
[Worker 31] Round 11 | Loss: 0.0285708 | Train Acc: 99.9478%
[Worker 29] Round 11 | Loss: 0.111839 | Train Acc: 97.7795%
[Worker 32] Round 11 | Loss: 0.0243835 | Train Acc: 99.9478%
[Worker 34] Round 11 | Loss: 0.0267917 | Train Acc: 99.9216%
[Worker 24] Round 11 | Loss: 0.0531251 | Train Acc: 99.2685%
[Worker 26] Round 11 | Loss: 0.0373027 | Train Acc: 99.6865%
[Worker 23] Round 11 | Loss: 0.0285381 | Train Acc: 99.8694%
[Worker 17] Round 11 | Loss: 0.0278368 | Train Acc: 99.8433%
[Worker 21] Round 11 | Loss: 0.0293116 | Train Acc: 99.8433%
[Worker 19] Round 11 | Loss: 0.0296703 | Train Acc: 99.7388%
[Worker 13] Round 11 | Loss: 0.033441 | Train Acc: 99.7126%
[Worker 18] Round 11 | Loss: 0.0307586 | Train Acc: 99.7649%
[Worker 15] Round 11 | Loss: 0.132936 | Train Acc: 96.5517%
[Worker 16] Round 11 | Loss: 0.0306465 | Train Acc: 99.8171%
[Worker 20] Round 11 | Loss: 0.068328 | Train Acc: 99.1641%
[Worker 22] Round 11 | Loss: 0.0312384 | Train Acc: 99.7649%
[Worker 14] Round 11 | Loss: 0.0342581 | Train Acc: 99.7126%
[Worker 12] Round 11 | Loss: 0.0328992 | Train Acc: 99.7649%
[Worker 30] Round 11 | Loss: 0.026771 | Train Acc: 99.8171%
[Worker 28] Round 11 | Loss: 0.0422239 | Train Acc: 99.5298%
[Worker 39] Round 11 | Loss: 0.0269199 | Train Acc: 99.8171%
[Worker 45] Round 11 | Loss: 0.0323572 | Train Acc: 99.6604%
[Worker 37] Round 11 | Loss: 0.0309308 | Train Acc: 99.8433%
[Worker 43] Round 11 | Loss: 0.128609 | Train Acc: 97.1003%
[Worker 41] Round 11 | Loss: 0.0274405 | Train Acc: 99.791%
[Worker 47] Round 11 | Loss: 0.0306692 | Train Acc: 99.591%
[Worker 38] Round 11 | Loss: 0.0777248 | Train Acc: 98.7983%
[Worker 44] Round 11 | Loss: 0.0329305 | Train Acc: 99.4514%
[Worker 46] Round 11 | Loss: 0.0307451 | Train Acc: 99.6865%
[Worker 36] Round 11 | Loss: 0.0307586 | Train Acc: 99.7649%
[Worker 42] Round 11 | Loss: 0.0267245 | Train Acc: 99.7126%
[Worker 40] Round 11 | Loss: 0.0263857 | Train Acc: 99.791%
[Central Round] 11 [Global Test Accuracy]: 85.27%
[Worker 7] Round 12 | Loss: 0.0219867 | Train Acc: 99.9478%
[Worker 9] Round 12 | Loss: 0.0213174 | Train Acc: 99.9739%
[Worker 11] Round 12 | Loss: 0.0310923 | Train Acc: 99.7126%
[Worker 1] Round 12 | Loss: 0.0214108 | Train Acc: 99.8955%
[Worker 5] Round 12 | Loss: 0.0390146 | Train Acc: 99.7388%
[Worker 3] Round 12 | Loss: 0.0249392 | Train Acc: 99.8433%
[Worker 2] Round 12 | Loss: 0.0214504 | Train Acc: 99.9478%
[Worker 10] Round 12 | Loss: 0.06917 | Train Acc: 98.3542%
[Worker 8] Round 12 | Loss: 0.0254375 | Train Acc: 99.791%
[Worker 6] Round 12 | Loss: 0.0221787 | Train Acc: 99.9216%
[Worker 4] Round 12 | Loss: 0.0221734 | Train Acc: 99.8955%
[Worker 23] Round 12 | Loss: 0.0287737 | Train Acc: 99.8955%
[Worker 17] Round 12 | Loss: 0.0271843 | Train Acc: 99.8955%
[Worker 21] Round 12 | Loss: 0.0291032 | Train Acc: 99.8694%
[Worker 32] Round 12 | Loss: 0.0239592 | Train Acc: 99.9478%
[Worker 16] Round 12 | Loss: 0.032457 | Train Acc: 99.7126%
[Worker 20] Round 12 | Loss: 0.0653641 | Train Acc: 99.1641%
[Worker 19] Round 12 | Loss: 0.0298905 | Train Acc: 99.7649%
[Worker 22] Round 12 | Loss: 0.0305474 | Train Acc: 99.8171%
[Worker 13] Round 12 | Loss: 0.0335061 | Train Acc: 99.8433%
[Worker 12] Round 12 | Loss: 0.033108 | Train Acc: 99.7126%
[Worker 33] Round 12 | Loss: 0.0466964 | Train Acc: 99.6081%
[Worker 14] Round 12 | Loss: 0.0343763 | Train Acc: 99.6343%
[Worker 35] Round 12 | Loss: 0.0282264 | Train Acc: 99.8694%
[Worker 15] Round 12 | Loss: 0.13093 | Train Acc: 96.5517%
[Worker 34] Round 12 | Loss: 0.0272829 | Train Acc: 99.8433%
[Worker 18] Round 12 | Loss: 0.02981 | Train Acc: 99.7126%
[Worker 26] Round 12 | Loss: 0.0370125 | Train Acc: 99.582%
[Worker 27] Round 12 | Loss: 0.0429117 | Train Acc: 99.6343%
[Worker 25] Round 12 | Loss: 0.0378387 | Train Acc: 99.6865%
[Worker 24] Round 12 | Loss: 0.0531908 | Train Acc: 99.1379%
[Worker 29] Round 12 | Loss: 0.110236 | Train Acc: 97.8318%
[Worker 31] Round 12 | Loss: 0.0277667 | Train Acc: 99.8433%
[Worker 30] Round 12 | Loss: 0.0261438 | Train Acc: 99.8694%
[Worker 28] Round 12 | Loss: 0.0418154 | Train Acc: 99.6604%
[Worker 36] Round 12 | Loss: 0.0305393 | Train Acc: 99.8433%
[Worker 38] Round 12 | Loss: 0.0768751 | Train Acc: 98.6677%
[Worker 42] Round 12 | Loss: 0.0264948 | Train Acc: 99.7649%
[Worker 46] Round 12 | Loss: 0.030309 | Train Acc: 99.7388%
[Worker 44] Round 12 | Loss: 0.0315382 | Train Acc: 99.6865%
[Worker 40] Round 12 | Loss: 0.0262978 | Train Acc: 99.7126%
[Worker 37] Round 12 | Loss: 0.0307035 | Train Acc: 99.8171%
[Worker 39] Round 12 | Loss: 0.0282126 | Train Acc: 99.7126%
[Worker 45] Round 12 | Loss: 0.0329659 | Train Acc: 99.6081%
[Worker 43] Round 12 | Loss: 0.127199 | Train Acc: 96.7607%
[Worker 41] Round 12 | Loss: 0.0266441 | Train Acc: 99.7388%
[Worker 47] Round 12 | Loss: 0.0298522 | Train Acc: 99.6677%
[Central Round] 12 [Global Test Accuracy]: 85.68%
[Worker 7] Round 13 | Loss: 0.022258 | Train Acc: 99.9216%
[Worker 9] Round 13 | Loss: 0.0217679 | Train Acc: 99.9478%
[Worker 11] Round 13 | Loss: 0.0309863 | Train Acc: 99.7126%
[Worker 1] Round 13 | Loss: 0.0207273 | Train Acc: 99.9216%
[Worker 5] Round 13 | Loss: 0.0374249 | Train Acc: 99.7388%
[Worker 3] Round 13 | Loss: 0.0239808 | Train Acc: 99.8433%
[Worker 10] Round 13 | Loss: 0.0674764 | Train Acc: 98.5371%
[Worker 8] Round 13 | Loss: 0.0248932 | Train Acc: 99.8171%
[Worker 2] Round 13 | Loss: 0.0208799 | Train Acc: 99.9739%
[Worker 6] Round 13 | Loss: 0.021319 | Train Acc: 99.9739%
[Worker 4] Round 13 | Loss: 0.0208678 | Train Acc: 99.9739%
[Worker 18] Round 13 | Loss: 0.0290971 | Train Acc: 99.9216%
[Worker 35] Round 13 | Loss: 0.0270425 | Train Acc: 99.9478%
[Worker 33] Round 13 | Loss: 0.0456918 | Train Acc: 99.582%
[Worker 27] Round 13 | Loss: 0.0424066 | Train Acc: 99.7126%
[Worker 25] Round 13 | Loss: 0.0366497 | Train Acc: 99.7126%
[Worker 32] Round 13 | Loss: 0.0239696 | Train Acc: 99.9739%
[Worker 34] Round 13 | Loss: 0.0266395 | Train Acc: 99.8433%
[Worker 29] Round 13 | Loss: 0.108368 | Train Acc: 98.0146%
[Worker 26] Round 13 | Loss: 0.0376075 | Train Acc: 99.582%
[Worker 31] Round 13 | Loss: 0.0271673 | Train Acc: 99.9739%
[Worker 24] Round 13 | Loss: 0.0522754 | Train Acc: 99.2685%
[Worker 16] Round 13 | Loss: 0.0315252 | Train Acc: 99.7126%
[Worker 22] Round 13 | Loss: 0.0302687 | Train Acc: 99.7649%
[Worker 20] Round 13 | Loss: 0.0652446 | Train Acc: 99.2163%
[Worker 19] Round 13 | Loss: 0.0292994 | Train Acc: 99.8171%
[Worker 23] Round 13 | Loss: 0.0290885 | Train Acc: 99.7649%
[Worker 17] Round 13 | Loss: 0.0270135 | Train Acc: 99.8694%
[Worker 21] Round 13 | Loss: 0.0281727 | Train Acc: 99.9216%
[Worker 12] Round 13 | Loss: 0.0338517 | Train Acc: 99.6865%
[Worker 14] Round 13 | Loss: 0.032453 | Train Acc: 99.8433%
[Worker 13] Round 13 | Loss: 0.0338122 | Train Acc: 99.6865%
[Worker 15] Round 13 | Loss: 0.130283 | Train Acc: 96.7868%
[Worker 30] Round 13 | Loss: 0.0257047 | Train Acc: 99.8955%
[Worker 28] Round 13 | Loss: 0.0402344 | Train Acc: 99.6865%
[Worker 39] Round 13 | Loss: 0.0284442 | Train Acc: 99.6604%
[Worker 38] Round 13 | Loss: 0.0757423 | Train Acc: 98.7983%
[Worker 36] Round 13 | Loss: 0.0305245 | Train Acc: 99.7388%
[Worker 45] Round 13 | Loss: 0.033443 | Train Acc: 99.5037%
[Worker 46] Round 13 | Loss: 0.0304571 | Train Acc: 99.7388%
[Worker 37] Round 13 | Loss: 0.0300976 | Train Acc: 99.8955%
[Worker 44] Round 13 | Loss: 0.0317552 | Train Acc: 99.6081%
[Worker 43] Round 13 | Loss: 0.123607 | Train Acc: 97.0219%
[Worker 41] Round 13 | Loss: 0.0261893 | Train Acc: 99.8433%
[Worker 42] Round 13 | Loss: 0.0260321 | Train Acc: 99.8955%
[Worker 40] Round 13 | Loss: 0.0279594 | Train Acc: 99.7126%
[Worker 47] Round 13 | Loss: 0.029899 | Train Acc: 99.6166%
[Central Round] 13 [Global Test Accuracy]: 86.05%
[Worker 9] Round 14 | Loss: 0.0214856 | Train Acc: 99.9478%
[Worker 11] Round 14 | Loss: 0.0308858 | Train Acc: 99.6865%
[Worker 1] Round 14 | Loss: 0.0208621 | Train Acc: 99.8955%
[Worker 5] Round 14 | Loss: 0.0373417 | Train Acc: 99.7388%
[Worker 3] Round 14 | Loss: 0.0233261 | Train Acc: 99.8955%
[Worker 7] Round 14 | Loss: 0.021441 | Train Acc: 99.8955%
[Worker 10] Round 14 | Loss: 0.0663294 | Train Acc: 98.4848%
[Worker 2] Round 14 | Loss: 0.0210414 | Train Acc: 99.9216%
[Worker 8] Round 14 | Loss: 0.0246641 | Train Acc: 99.791%
[Worker 6] Round 14 | Loss: 0.0215267 | Train Acc: 99.9478%
[Worker 4] Round 14 | Loss: 0.021551 | Train Acc: 99.8433%
[Worker 32] Round 14 | Loss: 0.0233755 | Train Acc: 99.9739%
[Worker 35] Round 14 | Loss: 0.0272916 | Train Acc: 99.8171%
[Worker 33] Round 14 | Loss: 0.0446092 | Train Acc: 99.6865%
[Worker 25] Round 14 | Loss: 0.0378673 | Train Acc: 99.6604%
[Worker 18] Round 14 | Loss: 0.0294296 | Train Acc: 99.8955%
[Worker 16] Round 14 | Loss: 0.0321599 | Train Acc: 99.7126%
[Worker 22] Round 14 | Loss: 0.0301165 | Train Acc: 99.7388%
[Worker 27] Round 14 | Loss: 0.0428389 | Train Acc: 99.5298%
[Worker 20] Round 14 | Loss: 0.0654659 | Train Acc: 99.0073%
[Worker 21] Round 14 | Loss: 0.028364 | Train Acc: 99.8955%
[Worker 19] Round 14 | Loss: 0.0301116 | Train Acc: 99.7649%
[Worker 23] Round 14 | Loss: 0.0287083 | Train Acc: 99.8955%
[Worker 26] Round 14 | Loss: 0.0361583 | Train Acc: 99.791%
[Worker 12] Round 14 | Loss: 0.0329351 | Train Acc: 99.7388%
[Worker 29] Round 14 | Loss: 0.108458 | Train Acc: 97.8318%
[Worker 17] Round 14 | Loss: 0.0276394 | Train Acc: 99.791%
[Worker 14] Round 14 | Loss: 0.0329914 | Train Acc: 99.791%
[Worker 13] Round 14 | Loss: 0.0344959 | Train Acc: 99.6343%
[Worker 15] Round 14 | Loss: 0.129518 | Train Acc: 96.7607%
[Worker 24] Round 14 | Loss: 0.0509246 | Train Acc: 99.2947%
[Worker 34] Round 14 | Loss: 0.0270907 | Train Acc: 99.791%
[Worker 30] Round 14 | Loss: 0.0257231 | Train Acc: 99.8694%
[Worker 31] Round 14 | Loss: 0.0276116 | Train Acc: 99.8694%
[Worker 28] Round 14 | Loss: 0.0414071 | Train Acc: 99.5559%
[Worker 36] Round 14 | Loss: 0.0296521 | Train Acc: 99.8694%
[Worker 39] Round 14 | Loss: 0.0276916 | Train Acc: 99.7126%
[Worker 37] Round 14 | Loss: 0.0306972 | Train Acc: 99.7388%
[Worker 43] Round 14 | Loss: 0.124811 | Train Acc: 96.9436%
[Worker 42] Round 14 | Loss: 0.0274302 | Train Acc: 99.7388%
[Worker 45] Round 14 | Loss: 0.0317119 | Train Acc: 99.5559%
[Worker 46] Round 14 | Loss: 0.0313212 | Train Acc: 99.8171%
[Worker 41] Round 14 | Loss: 0.0265577 | Train Acc: 99.791%
[Worker 40] Round 14 | Loss: 0.0267497 | Train Acc: 99.7649%
[Worker 44] Round 14 | Loss: 0.0333619 | Train Acc: 99.5037%
[Worker 38] Round 14 | Loss: 0.0733881 | Train Acc: 98.9028%
[Worker 47] Round 14 | Loss: 0.028347 | Train Acc: 99.7955%
[Central Round] 14 [Global Test Accuracy]: 86.2%
[Worker 10] Round 15 | Loss: 0.0662257 | Train Acc: 98.4326%
[Worker 2] Round 15 | Loss: 0.0210043 | Train Acc: 99.9478%
[Worker 8] Round 15 | Loss: 0.0247983 | Train Acc: 99.7388%
[Worker 6] Round 15 | Loss: 0.0214241 | Train Acc: 99.9478%
[Worker 4] Round 15 | Loss: 0.021869 | Train Acc: 99.8694%
[Worker 11] Round 15 | Loss: 0.0317164 | Train Acc: 99.7126%
[Worker 1] Round 15 | Loss: 0.0205165 | Train Acc: 99.8955%
[Worker 5] Round 15 | Loss: 0.0367617 | Train Acc: 99.7649%
[Worker 7] Round 15 | Loss: 0.0210641 | Train Acc: 99.9216%
[Worker 3] Round 15 | Loss: 0.0235368 | Train Acc: 99.8694%
[Worker 9] Round 15 | Loss: 0.0206157 | Train Acc: 99.9739%
[Worker 33] Round 15 | Loss: 0.0435088 | Train Acc: 99.7649%
[Worker 20] Round 15 | Loss: 0.0640211 | Train Acc: 99.1902%
[Worker 18] Round 15 | Loss: 0.0298988 | Train Acc: 99.7649%
[Worker 22] Round 15 | Loss: 0.0307592 | Train Acc: 99.791%
[Worker 16] Round 15 | Loss: 0.0330192 | Train Acc: 99.6343%
[Worker 12] Round 15 | Loss: 0.0334728 | Train Acc: 99.7126%
[Worker 35] Round 15 | Loss: 0.027893 | Train Acc: 99.8433%
[Worker 14] Round 15 | Loss: 0.0345667 | Train Acc: 99.6081%
[Worker 31] Round 15 | Loss: 0.027468 | Train Acc: 99.9216%
[Worker 27] Round 15 | Loss: 0.0413555 | Train Acc: 99.6604%
[Worker 25] Round 15 | Loss: 0.0365933 | Train Acc: 99.7126%
[Worker 32] Round 15 | Loss: 0.0237328 | Train Acc: 99.9216%
[Worker 17] Round 15 | Loss: 0.0279752 | Train Acc: 99.791%
[Worker 29] Round 15 | Loss: 0.106742 | Train Acc: 97.7795%
[Worker 34] Round 15 | Loss: 0.0266172 | Train Acc: 99.8171%
[Worker 26] Round 15 | Loss: 0.0362221 | Train Acc: 99.6604%
[Worker 24] Round 15 | Loss: 0.0497681 | Train Acc: 99.3208%
[Worker 19] Round 15 | Loss: 0.029426 | Train Acc: 99.791%
[Worker 30] Round 15 | Loss: 0.0256515 | Train Acc: 99.8433%
[Worker 28] Round 15 | Loss: 0.0408319 | Train Acc: 99.6343%
[Worker 23] Round 15 | Loss: 0.027919 | Train Acc: 99.8694%
[Worker 13] Round 15 | Loss: 0.0340921 | Train Acc: 99.6865%
[Worker 21] Round 15 | Loss: 0.0285572 | Train Acc: 99.8433%
[Worker 15] Round 15 | Loss: 0.127501 | Train Acc: 96.5779%
[Worker 36] Round 15 | Loss: 0.0301936 | Train Acc: 99.791%
[Worker 39] Round 15 | Loss: 0.026569 | Train Acc: 99.9216%
[Worker 37] Round 15 | Loss: 0.0298497 | Train Acc: 99.8433%
[Worker 38] Round 15 | Loss: 0.0726752 | Train Acc: 98.9289%
[Worker 46] Round 15 | Loss: 0.03053 | Train Acc: 99.7649%
[Worker 45] Round 15 | Loss: 0.0305604 | Train Acc: 99.791%
[Worker 42] Round 15 | Loss: 0.0265592 | Train Acc: 99.7649%
[Worker 43] Round 15 | Loss: 0.121561 | Train Acc: 97.2309%
[Worker 44] Round 15 | Loss: 0.0333819 | Train Acc: 99.5559%
[Worker 41] Round 15 | Loss: 0.0272315 | Train Acc: 99.7649%
[Worker 40] Round 15 | Loss: 0.0261302 | Train Acc: 99.8433%
[Worker 47] Round 15 | Loss: 0.0285731 | Train Acc: 99.6933%
[Central Round] 15 [Global Test Accuracy]: 86.45%
[Worker 9] Round 16 | Loss: 0.0206024 | Train Acc: 99.9478%
[Worker 3] Round 16 | Loss: 0.0229676 | Train Acc: 99.8955%
[Worker 11] Round 16 | Loss: 0.0312934 | Train Acc: 99.6865%
[Worker 1] Round 16 | Loss: 0.0203916 | Train Acc: 99.791%
[Worker 5] Round 16 | Loss: 0.0363073 | Train Acc: 99.6604%
[Worker 7] Round 16 | Loss: 0.0210125 | Train Acc: 99.9739%
[Worker 2] Round 16 | Loss: 0.0206157 | Train Acc: 99.9216%
[Worker 10] Round 16 | Loss: 0.0655717 | Train Acc: 98.5632%
[Worker 8] Round 16 | Loss: 0.024637 | Train Acc: 99.7649%
[Worker 6] Round 16 | Loss: 0.0213915 | Train Acc: 99.8955%
[Worker 4] Round 16 | Loss: 0.0211812 | Train Acc: 99.8694%
[Worker 33] Round 16 | Loss: 0.0435618 | Train Acc: 99.6343%
[Worker 16] Round 16 | Loss: 0.0332176 | Train Acc: 99.582%
[Worker 35] Round 16 | Loss: 0.0270718 | Train Acc: 99.9478%
[Worker 20] Round 16 | Loss: 0.0628799 | Train Acc: 99.1379%
[Worker 22] Round 16 | Loss: 0.0304736 | Train Acc: 99.7388%
[Worker 18] Round 16 | Loss: 0.0289239 | Train Acc: 99.8433%
[Worker 12] Round 16 | Loss: 0.0338049 | Train Acc: 99.7126%
[Worker 14] Round 16 | Loss: 0.0332157 | Train Acc: 99.791%
[Worker 32] Round 16 | Loss: 0.0230254 | Train Acc: 99.9478%
[Worker 34] Round 16 | Loss: 0.0278056 | Train Acc: 99.7649%
[Worker 21] Round 16 | Loss: 0.0289519 | Train Acc: 99.6865%
[Worker 25] Round 16 | Loss: 0.0366786 | Train Acc: 99.6865%
[Worker 19] Round 16 | Loss: 0.0303866 | Train Acc: 99.6343%
[Worker 24] Round 16 | Loss: 0.0491916 | Train Acc: 99.373%
[Worker 26] Round 16 | Loss: 0.0361621 | Train Acc: 99.6604%
[Worker 27] Round 16 | Loss: 0.0416027 | Train Acc: 99.6865%
[Worker 29] Round 16 | Loss: 0.105448 | Train Acc: 97.884%
[Worker 23] Round 16 | Loss: 0.028163 | Train Acc: 99.791%
[Worker 13] Round 16 | Loss: 0.034344 | Train Acc: 99.582%
[Worker 15] Round 16 | Loss: 0.127258 | Train Acc: 96.7607%
[Worker 31] Round 16 | Loss: 0.0281257 | Train Acc: 99.8433%
[Worker 17] Round 16 | Loss: 0.0280435 | Train Acc: 99.8433%
[Worker 30] Round 16 | Loss: 0.0253266 | Train Acc: 99.9478%
[Worker 28] Round 16 | Loss: 0.0407397 | Train Acc: 99.5559%
[Worker 36] Round 16 | Loss: 0.0308143 | Train Acc: 99.6865%
[Worker 39] Round 16 | Loss: 0.0273309 | Train Acc: 99.8433%
[Worker 38] Round 16 | Loss: 0.0722825 | Train Acc: 98.8244%
[Worker 37] Round 16 | Loss: 0.0301476 | Train Acc: 99.7388%
[Worker 42] Round 16 | Loss: 0.0256271 | Train Acc: 99.791%
[Worker 43] Round 16 | Loss: 0.120675 | Train Acc: 96.9697%
[Worker 45] Round 16 | Loss: 0.0305699 | Train Acc: 99.7388%
[Worker 46] Round 16 | Loss: 0.0306827 | Train Acc: 99.7126%
[Worker 41] Round 16 | Loss: 0.0265801 | Train Acc: 99.6865%
[Worker 44] Round 16 | Loss: 0.0329885 | Train Acc: 99.5037%
[Worker 40] Round 16 | Loss: 0.026515 | Train Acc: 99.6604%
[Worker 47] Round 16 | Loss: 0.0285454 | Train Acc: 99.8466%
[Central Round] 16 [Global Test Accuracy]: 86.55%
[Worker 3] Round 17 | Loss: 0.0232177 | Train Acc: 99.8433%
[Worker 2] Round 17 | Loss: 0.0201607 | Train Acc: 99.9478%
[Worker 11] Round 17 | Loss: 0.0320082 | Train Acc: 99.6081%
[Worker 7] Round 17 | Loss: 0.020627 | Train Acc: 99.9478%
[Worker 10] Round 17 | Loss: 0.0649223 | Train Acc: 98.511%
[Worker 1] Round 17 | Loss: 0.0203144 | Train Acc: 99.8694%
[Worker 5] Round 17 | Loss: 0.0357504 | Train Acc: 99.8171%
[Worker 9] Round 17 | Loss: 0.0204268 | Train Acc: 99.9216%
[Worker 6] Round 17 | Loss: 0.0207437 | Train Acc: 99.9478%
[Worker 8] Round 17 | Loss: 0.0240839 | Train Acc: 99.7126%
[Worker 4] Round 17 | Loss: 0.0209353 | Train Acc: 99.8433%
[Worker 35] Round 17 | Loss: 0.0273934 | Train Acc: 99.7649%
[Worker 33] Round 17 | Loss: 0.0422507 | Train Acc: 99.6865%
[Worker 32] Round 17 | Loss: 0.0230354 | Train Acc: 99.9216%
[Worker 34] Round 17 | Loss: 0.0261583 | Train Acc: 99.8433%
[Worker 24] Round 17 | Loss: 0.0486732 | Train Acc: 99.2947%
[Worker 26] Round 17 | Loss: 0.0363434 | Train Acc: 99.6604%
[Worker 25] Round 17 | Loss: 0.0361007 | Train Acc: 99.7388%
[Worker 16] Round 17 | Loss: 0.0330785 | Train Acc: 99.582%
[Worker 20] Round 17 | Loss: 0.0619087 | Train Acc: 99.2163%
[Worker 22] Round 17 | Loss: 0.030089 | Train Acc: 99.6081%
[Worker 17] Round 17 | Loss: 0.0274877 | Train Acc: 99.8433%
[Worker 18] Round 17 | Loss: 0.0298526 | Train Acc: 99.7388%
[Worker 27] Round 17 | Loss: 0.041221 | Train Acc: 99.5559%
[Worker 23] Round 17 | Loss: 0.026659 | Train Acc: 99.9478%
[Worker 29] Round 17 | Loss: 0.105728 | Train Acc: 97.7273%
[Worker 21] Round 17 | Loss: 0.0279772 | Train Acc: 99.8171%
[Worker 31] Round 17 | Loss: 0.0263557 | Train Acc: 99.8955%
[Worker 19] Round 17 | Loss: 0.0292394 | Train Acc: 99.8433%
[Worker 30] Round 17 | Loss: 0.0250489 | Train Acc: 99.8171%
[Worker 12] Round 17 | Loss: 0.0333995 | Train Acc: 99.5559%
[Worker 28] Round 17 | Loss: 0.040331 | Train Acc: 99.7388%
[Worker 14] Round 17 | Loss: 0.0333349 | Train Acc: 99.6865%
[Worker 13] Round 17 | Loss: 0.033408 | Train Acc: 99.7649%
[Worker 15] Round 17 | Loss: 0.126531 | Train Acc: 96.7085%
[Worker 36] Round 17 | Loss: 0.0309345 | Train Acc: 99.6081%
[Worker 37] Round 17 | Loss: 0.030088 | Train Acc: 99.7126%
[Worker 39] Round 17 | Loss: 0.0267649 | Train Acc: 99.791%
[Worker 42] Round 17 | Loss: 0.0262414 | Train Acc: 99.7388%
[Worker 38] Round 17 | Loss: 0.0707941 | Train Acc: 98.8244%
[Worker 44] Round 17 | Loss: 0.031732 | Train Acc: 99.7126%
[Worker 40] Round 17 | Loss: 0.0268112 | Train Acc: 99.791%
[Worker 46] Round 17 | Loss: 0.0305596 | Train Acc: 99.6865%
[Worker 43] Round 17 | Loss: 0.118944 | Train Acc: 97.3877%
[Worker 45] Round 17 | Loss: 0.0310055 | Train Acc: 99.6865%
[Worker 41] Round 17 | Loss: 0.0271104 | Train Acc: 99.7388%
[Worker 47] Round 17 | Loss: 0.0288684 | Train Acc: 99.6933%
[Central Round] 17 [Global Test Accuracy]: 86.77%
[Worker 1] Round 18 | Loss: 0.020364 | Train Acc: 99.8955%
[Worker 5] Round 18 | Loss: 0.0356102 | Train Acc: 99.6604%
[Worker 9] Round 18 | Loss: 0.0206641 | Train Acc: 99.9216%
[Worker 3] Round 18 | Loss: 0.023933 | Train Acc: 99.7649%
[Worker 2] Round 18 | Loss: 0.0206006 | Train Acc: 99.9478%
[Worker 11] Round 18 | Loss: 0.033361 | Train Acc: 99.6081%
[Worker 7] Round 18 | Loss: 0.0206775 | Train Acc: 99.9216%
[Worker 10] Round 18 | Loss: 0.0644466 | Train Acc: 98.5632%
[Worker 8] Round 18 | Loss: 0.0251675 | Train Acc: 99.7126%
[Worker 6] Round 18 | Loss: 0.0209413 | Train Acc: 99.8955%
[Worker 4] Round 18 | Loss: 0.0206113 | Train Acc: 99.9478%
[Worker 35] Round 18 | Loss: 0.0275456 | Train Acc: 99.7649%
[Worker 33] Round 18 | Loss: 0.0424827 | Train Acc: 99.582%
[Worker 32] Round 18 | Loss: 0.0223523 | Train Acc: 99.9739%
[Worker 16] Round 18 | Loss: 0.03343 | Train Acc: 99.5037%
[Worker 20] Round 18 | Loss: 0.0617581 | Train Acc: 99.1641%
[Worker 34] Round 18 | Loss: 0.0272063 | Train Acc: 99.7388%
[Worker 24] Round 18 | Loss: 0.0479018 | Train Acc: 99.3208%
[Worker 25] Round 18 | Loss: 0.0362203 | Train Acc: 99.582%
[Worker 27] Round 18 | Loss: 0.0414881 | Train Acc: 99.5298%
[Worker 31] Round 18 | Loss: 0.0275637 | Train Acc: 99.8694%
[Worker 26] Round 18 | Loss: 0.03599 | Train Acc: 99.7126%
[Worker 29] Round 18 | Loss: 0.105476 | Train Acc: 97.7534%
[Worker 18] Round 18 | Loss: 0.0301814 | Train Acc: 99.8433%
[Worker 22] Round 18 | Loss: 0.0298583 | Train Acc: 99.6081%
[Worker 17] Round 18 | Loss: 0.0271879 | Train Acc: 99.8433%
[Worker 19] Round 18 | Loss: 0.0305545 | Train Acc: 99.582%
[Worker 23] Round 18 | Loss: 0.0269967 | Train Acc: 99.8694%
[Worker 21] Round 18 | Loss: 0.0282197 | Train Acc: 99.8955%
[Worker 12] Round 18 | Loss: 0.033936 | Train Acc: 99.582%
[Worker 14] Round 18 | Loss: 0.0349576 | Train Acc: 99.582%
[Worker 13] Round 18 | Loss: 0.0335629 | Train Acc: 99.7126%
[Worker 15] Round 18 | Loss: 0.124809 | Train Acc: 96.604%
[Worker 30] Round 18 | Loss: 0.0249498 | Train Acc: 99.8694%
[Worker 28] Round 18 | Loss: 0.0402107 | Train Acc: 99.582%
[Worker 38] Round 18 | Loss: 0.0708135 | Train Acc: 98.8767%
[Worker 36] Round 18 | Loss: 0.0306175 | Train Acc: 99.6865%
[Worker 37] Round 18 | Loss: 0.0298795 | Train Acc: 99.7126%
[Worker 39] Round 18 | Loss: 0.0281545 | Train Acc: 99.6865%
[Worker 42] Round 18 | Loss: 0.0257716 | Train Acc: 99.8955%
[Worker 46] Round 18 | Loss: 0.0301627 | Train Acc: 99.7126%
[Worker 45] Round 18 | Loss: 0.0304931 | Train Acc: 99.6865%
[Worker 43] Round 18 | Loss: 0.11784 | Train Acc: 97.2309%
[Worker 44] Round 18 | Loss: 0.0317758 | Train Acc: 99.5559%
[Worker 41] Round 18 | Loss: 0.0263935 | Train Acc: 99.8171%
[Worker 40] Round 18 | Loss: 0.0265585 | Train Acc: 99.7126%
[Worker 47] Round 18 | Loss: 0.0283814 | Train Acc: 99.7444%
[Central Round] 18 [Global Test Accuracy]: 87%
[Worker 3] Round 19 | Loss: 0.023022 | Train Acc: 99.8433%
[Worker 11] Round 19 | Loss: 0.0326421 | Train Acc: 99.5298%
[Worker 7] Round 19 | Loss: 0.0211862 | Train Acc: 99.8694%
[Worker 1] Round 19 | Loss: 0.0206 | Train Acc: 99.8171%
[Worker 5] Round 19 | Loss: 0.0351694 | Train Acc: 99.7649%
[Worker 9] Round 19 | Loss: 0.0202891 | Train Acc: 99.9739%
[Worker 10] Round 19 | Loss: 0.0630646 | Train Acc: 98.4848%
[Worker 2] Round 19 | Loss: 0.0211991 | Train Acc: 99.8955%
[Worker 8] Round 19 | Loss: 0.0251402 | Train Acc: 99.6343%
[Worker 6] Round 19 | Loss: 0.0210896 | Train Acc: 99.8694%
[Worker 4] Round 19 | Loss: 0.0199195 | Train Acc: 99.8955%
[Worker 32] Round 19 | Loss: 0.0224183 | Train Acc: 99.8955%
[Worker 34] Round 19 | Loss: 0.0264096 | Train Acc: 99.7649%
[Worker 33] Round 19 | Loss: 0.0417231 | Train Acc: 99.6081%
[Worker 35] Round 19 | Loss: 0.0262863 | Train Acc: 99.8694%
[Worker 24] Round 19 | Loss: 0.0479871 | Train Acc: 99.4253%
[Worker 26] Round 19 | Loss: 0.0356473 | Train Acc: 99.6604%
[Worker 23] Round 19 | Loss: 0.0275148 | Train Acc: 99.791%
[Worker 21] Round 19 | Loss: 0.0273278 | Train Acc: 99.791%
[Worker 18] Round 19 | Loss: 0.0308154 | Train Acc: 99.5559%
[Worker 16] Round 19 | Loss: 0.0321254 | Train Acc: 99.6081%
[Worker 22] Round 19 | Loss: 0.030081 | Train Acc: 99.7126%
[Worker 17] Round 19 | Loss: 0.0278659 | Train Acc: 99.8171%
[Worker 20] Round 19 | Loss: 0.0598823 | Train Acc: 99.2685%
[Worker 19] Round 19 | Loss: 0.0292127 | Train Acc: 99.7649%
[Worker 14] Round 19 | Loss: 0.0338966 | Train Acc: 99.6343%
[Worker 12] Round 19 | Loss: 0.03271 | Train Acc: 99.7388%
[Worker 13] Round 19 | Loss: 0.03437 | Train Acc: 99.6865%
[Worker 15] Round 19 | Loss: 0.124122 | Train Acc: 96.604%
[Worker 30] Round 19 | Loss: 0.024745 | Train Acc: 99.8171%
[Worker 25] Round 19 | Loss: 0.0361471 | Train Acc: 99.6604%
[Worker 27] Round 19 | Loss: 0.0415887 | Train Acc: 99.5298%
[Worker 31] Round 19 | Loss: 0.0267142 | Train Acc: 99.8433%
[Worker 29] Round 19 | Loss: 0.104369 | Train Acc: 97.7273%
[Worker 28] Round 19 | Loss: 0.0388985 | Train Acc: 99.7388%
[Worker 38] Round 19 | Loss: 0.0692512 | Train Acc: 98.9812%
[Worker 36] Round 19 | Loss: 0.0306374 | Train Acc: 99.7126%
[Worker 39] Round 19 | Loss: 0.0289055 | Train Acc: 99.5559%
[Worker 45] Round 19 | Loss: 0.030184 | Train Acc: 99.6081%
[Worker 46] Round 19 | Loss: 0.0296476 | Train Acc: 99.6865%
[Worker 37] Round 19 | Loss: 0.0290159 | Train Acc: 99.7388%
[Worker 43] Round 19 | Loss: 0.11726 | Train Acc: 97.3877%
[Worker 44] Round 19 | Loss: 0.031848 | Train Acc: 99.6865%
[Worker 42] Round 19 | Loss: 0.0278009 | Train Acc: 99.6343%
[Worker 40] Round 19 | Loss: 0.0265176 | Train Acc: 99.7388%
[Worker 41] Round 19 | Loss: 0.0257613 | Train Acc: 99.8171%
[Worker 47] Round 19 | Loss: 0.0285622 | Train Acc: 99.6677%
[Central Round] 19 [Global Test Accuracy]: 87.21%
[Worker 1] Round 20 | Loss: 0.0198966 | Train Acc: 99.8433%
[Worker 5] Round 20 | Loss: 0.0345884 | Train Acc: 99.7649%
[Worker 35] Round 20 | Loss: 0.0260461 | Train Acc: 99.8694%
[Worker 9] Round 20 | Loss: 0.0203636 | Train Acc: 99.9478%
[Worker 7] Round 20 | Loss: 0.0207886 | Train Acc: 99.8433%
[Worker 3] Round 20 | Loss: 0.0231367 | Train Acc: 99.7388%
[Worker 11] Round 20 | Loss: 0.0307482 | Train Acc: 99.7388%
[Worker 33] Round 20 | Loss: 0.0421677 | Train Acc: 99.582%
[Worker 10] Round 20 | Loss: 0.062995 | Train Acc: 98.4848%
[Worker 2] Round 20 | Loss: 0.020353 | Train Acc: 99.9478%
[Worker 8] Round 20 | Loss: 0.0247254 | Train Acc: 99.6343%
[Worker 6] Round 20 | Loss: 0.0215423 | Train Acc: 99.8171%
[Worker 4] Round 20 | Loss: 0.0204642 | Train Acc: 99.9216%
[Worker 27] Round 20 | Loss: 0.0398719 | Train Acc: 99.6865%
[Worker 25] Round 20 | Loss: 0.0351291 | Train Acc: 99.791%
[Worker 29] Round 20 | Loss: 0.10344 | Train Acc: 97.8579%
[Worker 32] Round 20 | Loss: 0.0230601 | Train Acc: 99.9478%
[Worker 31] Round 20 | Loss: 0.0272619 | Train Acc: 99.8171%
[Worker 34] Round 20 | Loss: 0.0267627 | Train Acc: 99.791%
[Worker 24] Round 20 | Loss: 0.0468963 | Train Acc: 99.3992%
[Worker 26] Round 20 | Loss: 0.0357434 | Train Acc: 99.582%
[Worker 17] Round 20 | Loss: 0.0282533 | Train Acc: 99.791%
[Worker 21] Round 20 | Loss: 0.0280772 | Train Acc: 99.791%
[Worker 19] Round 20 | Loss: 0.0294729 | Train Acc: 99.7126%
[Worker 23] Round 20 | Loss: 0.0263486 | Train Acc: 99.8694%
[Worker 18] Round 20 | Loss: 0.029252 | Train Acc: 99.8694%
[Worker 13] Round 20 | Loss: 0.0343931 | Train Acc: 99.6604%
[Worker 15] Round 20 | Loss: 0.123351 | Train Acc: 96.7607%
[Worker 16] Round 20 | Loss: 0.0324192 | Train Acc: 99.6343%
[Worker 20] Round 20 | Loss: 0.0591951 | Train Acc: 99.2424%
[Worker 22] Round 20 | Loss: 0.0296415 | Train Acc: 99.8171%
[Worker 14] Round 20 | Loss: 0.0337766 | Train Acc: 99.6343%
[Worker 12] Round 20 | Loss: 0.033075 | Train Acc: 99.5559%
[Worker 30] Round 20 | Loss: 0.025046 | Train Acc: 99.791%
[Worker 28] Round 20 | Loss: 0.0404788 | Train Acc: 99.582%
[Worker 37] Round 20 | Loss: 0.0298171 | Train Acc: 99.7388%
[Worker 38] Round 20 | Loss: 0.0683275 | Train Acc: 98.9812%
[Worker 46] Round 20 | Loss: 0.0296081 | Train Acc: 99.7126%
[Worker 36] Round 20 | Loss: 0.0306037 | Train Acc: 99.7649%
[Worker 39] Round 20 | Loss: 0.0262099 | Train Acc: 99.791%
[Worker 45] Round 20 | Loss: 0.0305504 | Train Acc: 99.6604%
[Worker 42] Round 20 | Loss: 0.026359 | Train Acc: 99.8433%
[Worker 43] Round 20 | Loss: 0.115089 | Train Acc: 97.2309%
[Worker 44] Round 20 | Loss: 0.0314529 | Train Acc: 99.5559%
[Worker 41] Round 20 | Loss: 0.026799 | Train Acc: 99.8171%
[Worker 40] Round 20 | Loss: 0.0266901 | Train Acc: 99.7388%
[Worker 47] Round 20 | Loss: 0.0286314 | Train Acc: 99.7444%
[Central Round] 20 [Global Test Accuracy]: 87.3%
[Worker 5] Round 21 | Loss: 0.0343283 | Train Acc: 99.6865%
[Worker 9] Round 21 | Loss: 0.0203105 | Train Acc: 99.9478%
[Worker 1] Round 21 | Loss: 0.0197208 | Train Acc: 99.8433%
[Worker 11] Round 21 | Loss: 0.0307958 | Train Acc: 99.7126%
[Worker 7] Round 21 | Loss: 0.0209275 | Train Acc: 99.9216%
[Worker 3] Round 21 | Loss: 0.0230038 | Train Acc: 99.7388%
[Worker 6] Round 21 | Loss: 0.0209507 | Train Acc: 99.8694%
[Worker 8] Round 21 | Loss: 0.024893 | Train Acc: 99.6081%
[Worker 10] Round 21 | Loss: 0.0625585 | Train Acc: 98.511%
[Worker 2] Round 21 | Loss: 0.0200036 | Train Acc: 99.9216%
[Worker 4] Round 21 | Loss: 0.0204844 | Train Acc: 99.8694%
[Worker 20] Round 21 | Loss: 0.059755 | Train Acc: 99.1641%
[Worker 35] Round 21 | Loss: 0.0263501 | Train Acc: 99.8433%
[Worker 33] Round 21 | Loss: 0.0407167 | Train Acc: 99.582%
[Worker 25] Round 21 | Loss: 0.0349318 | Train Acc: 99.7649%
[Worker 32] Round 21 | Loss: 0.0225352 | Train Acc: 99.8955%
[Worker 34] Round 21 | Loss: 0.0266874 | Train Acc: 99.791%
[Worker 27] Round 21 | Loss: 0.0394774 | Train Acc: 99.6865%
[Worker 31] Round 21 | Loss: 0.0271804 | Train Acc: 99.8433%
[Worker 29] Round 21 | Loss: 0.10384 | Train Acc: 97.6489%
[Worker 26] Round 21 | Loss: 0.0352038 | Train Acc: 99.5559%
[Worker 24] Round 21 | Loss: 0.0475271 | Train Acc: 99.1902%
[Worker 21] Round 21 | Loss: 0.0283926 | Train Acc: 99.7126%
[Worker 16] Round 21 | Loss: 0.0325426 | Train Acc: 99.5298%
[Worker 22] Round 21 | Loss: 0.0294808 | Train Acc: 99.6865%
[Worker 19] Round 21 | Loss: 0.0301969 | Train Acc: 99.6604%
[Worker 17] Round 21 | Loss: 0.0285525 | Train Acc: 99.6604%
[Worker 23] Round 21 | Loss: 0.0268184 | Train Acc: 99.8694%
[Worker 14] Round 21 | Loss: 0.0342004 | Train Acc: 99.5559%
[Worker 12] Round 21 | Loss: 0.034225 | Train Acc: 99.582%
[Worker 13] Round 21 | Loss: 0.03352 | Train Acc: 99.6343%
[Worker 15] Round 21 | Loss: 0.121718 | Train Acc: 96.8652%
[Worker 18] Round 21 | Loss: 0.0296007 | Train Acc: 99.7649%
[Worker 30] Round 21 | Loss: 0.0246325 | Train Acc: 99.8433%
[Worker 28] Round 21 | Loss: 0.0399419 | Train Acc: 99.582%
[Worker 38] Round 21 | Loss: 0.0679173 | Train Acc: 99.0334%
[Worker 46] Round 21 | Loss: 0.0283916 | Train Acc: 99.8694%
[Worker 36] Round 21 | Loss: 0.0303065 | Train Acc: 99.6081%
[Worker 44] Round 21 | Loss: 0.031375 | Train Acc: 99.5037%
[Worker 39] Round 21 | Loss: 0.0278276 | Train Acc: 99.7126%
[Worker 40] Round 21 | Loss: 0.0267842 | Train Acc: 99.6865%
[Worker 42] Round 21 | Loss: 0.0269105 | Train Acc: 99.6343%
[Worker 37] Round 21 | Loss: 0.0301371 | Train Acc: 99.791%
[Worker 45] Round 21 | Loss: 0.0297722 | Train Acc: 99.6604%
[Worker 43] Round 21 | Loss: 0.114338 | Train Acc: 97.2309%
[Worker 41] Round 21 | Loss: 0.0260537 | Train Acc: 99.7649%
[Worker 47] Round 21 | Loss: 0.0287726 | Train Acc: 99.6677%
[Central Round] 21 [Global Test Accuracy]: 87.43%
[Worker 5] Round 22 | Loss: 0.0341374 | Train Acc: 99.6865%
[Worker 9] Round 22 | Loss: 0.0212371 | Train Acc: 99.8433%
[Worker 3] Round 22 | Loss: 0.02304 | Train Acc: 99.7649%
[Worker 1] Round 22 | Loss: 0.0197373 | Train Acc: 99.8694%
[Worker 11] Round 22 | Loss: 0.0321079 | Train Acc: 99.6081%
[Worker 7] Round 22 | Loss: 0.0203823 | Train Acc: 99.8694%
[Worker 2] Round 22 | Loss: 0.0197652 | Train Acc: 99.9739%
[Worker 10] Round 22 | Loss: 0.0622886 | Train Acc: 98.511%
[Worker 8] Round 22 | Loss: 0.0251896 | Train Acc: 99.6081%
[Worker 6] Round 22 | Loss: 0.0209458 | Train Acc: 99.9216%
[Worker 4] Round 22 | Loss: 0.0202876 | Train Acc: 99.9216%
[Worker 35] Round 22 | Loss: 0.0258443 | Train Acc: 99.9478%
[Worker 32] Round 22 | Loss: 0.0219992 | Train Acc: 99.8955%
[Worker 33] Round 22 | Loss: 0.0400936 | Train Acc: 99.6343%
[Worker 34] Round 22 | Loss: 0.0273528 | Train Acc: 99.6604%
[Worker 25] Round 22 | Loss: 0.0356457 | Train Acc: 99.7649%
[Worker 24] Round 22 | Loss: 0.0458876 | Train Acc: 99.4253%
[Worker 27] Round 22 | Loss: 0.0393774 | Train Acc: 99.8433%
[Worker 18] Round 22 | Loss: 0.0305136 | Train Acc: 99.6343%
[Worker 20] Round 22 | Loss: 0.0592601 | Train Acc: 99.2685%
[Worker 16] Round 22 | Loss: 0.0321481 | Train Acc: 99.6343%
[Worker 22] Round 22 | Loss: 0.0305979 | Train Acc: 99.7388%
[Worker 21] Round 22 | Loss: 0.0274018 | Train Acc: 99.8171%
[Worker 19] Round 22 | Loss: 0.0304464 | Train Acc: 99.6604%
[Worker 26] Round 22 | Loss: 0.0361756 | Train Acc: 99.6343%
[Worker 23] Round 22 | Loss: 0.0263487 | Train Acc: 99.8171%
[Worker 17] Round 22 | Loss: 0.0276153 | Train Acc: 99.7388%
[Worker 12] Round 22 | Loss: 0.0340889 | Train Acc: 99.5037%
[Worker 14] Round 22 | Loss: 0.034053 | Train Acc: 99.582%
[Worker 13] Round 22 | Loss: 0.0330761 | Train Acc: 99.6865%
[Worker 15] Round 22 | Loss: 0.122472 | Train Acc: 96.7085%
[Worker 31] Round 22 | Loss: 0.0271301 | Train Acc: 99.8171%
[Worker 29] Round 22 | Loss: 0.103077 | Train Acc: 97.7534%
[Worker 30] Round 22 | Loss: 0.0241176 | Train Acc: 99.8694%
[Worker 28] Round 22 | Loss: 0.0389355 | Train Acc: 99.6081%
[Worker 38] Round 22 | Loss: 0.0674913 | Train Acc: 99.0073%
[Worker 46] Round 22 | Loss: 0.0299534 | Train Acc: 99.7649%
[Worker 44] Round 22 | Loss: 0.0317199 | Train Acc: 99.5298%
[Worker 37] Round 22 | Loss: 0.0297802 | Train Acc: 99.7649%
[Worker 39] Round 22 | Loss: 0.026753 | Train Acc: 99.791%
[Worker 45] Round 22 | Loss: 0.0300307 | Train Acc: 99.6865%
[Worker 43] Round 22 | Loss: 0.114668 | Train Acc: 97.3615%
[Worker 36] Round 22 | Loss: 0.0308173 | Train Acc: 99.6343%
[Worker 42] Round 22 | Loss: 0.0280098 | Train Acc: 99.6081%
[Worker 40] Round 22 | Loss: 0.0266151 | Train Acc: 99.7388%
[Worker 41] Round 22 | Loss: 0.0271199 | Train Acc: 99.7388%
[Worker 47] Round 22 | Loss: 0.0286609 | Train Acc: 99.8211%
[Central Round] 22 [Global Test Accuracy]: 87.51%
[Worker 5] Round 23 | Loss: 0.0338484 | Train Acc: 99.6343%
[Worker 9] Round 23 | Loss: 0.0202565 | Train Acc: 99.9739%
[Worker 3] Round 23 | Loss: 0.022329 | Train Acc: 99.8171%
[Worker 1] Round 23 | Loss: 0.0200699 | Train Acc: 99.8433%
[Worker 11] Round 23 | Loss: 0.0307355 | Train Acc: 99.6604%
[Worker 7] Round 23 | Loss: 0.0211475 | Train Acc: 99.8694%
[Worker 6] Round 23 | Loss: 0.0209439 | Train Acc: 99.8694%
[Worker 10] Round 23 | Loss: 0.0620254 | Train Acc: 98.5632%
[Worker 2] Round 23 | Loss: 0.019867 | Train Acc: 99.9739%
[Worker 8] Round 23 | Loss: 0.0250992 | Train Acc: 99.6081%
[Worker 4] Round 23 | Loss: 0.0205546 | Train Acc: 99.8433%
[Worker 35] Round 23 | Loss: 0.0264877 | Train Acc: 99.7388%
[Worker 32] Round 23 | Loss: 0.0221893 | Train Acc: 99.8955%
[Worker 33] Round 23 | Loss: 0.0403746 | Train Acc: 99.6604%
[Worker 34] Round 23 | Loss: 0.0266277 | Train Acc: 99.6343%
[Worker 24] Round 23 | Loss: 0.0466427 | Train Acc: 99.2685%
[Worker 26] Round 23 | Loss: 0.035505 | Train Acc: 99.5559%
[Worker 25] Round 23 | Loss: 0.0359663 | Train Acc: 99.6865%
[Worker 27] Round 23 | Loss: 0.0407065 | Train Acc: 99.5559%
[Worker 20] Round 23 | Loss: 0.0585326 | Train Acc: 99.2424%
[Worker 16] Round 23 | Loss: 0.0340684 | Train Acc: 99.5559%
[Worker 21] Round 23 | Loss: 0.0292979 | Train Acc: 99.6343%
[Worker 19] Round 23 | Loss: 0.030067 | Train Acc: 99.582%
[Worker 23] Round 23 | Loss: 0.0267898 | Train Acc: 99.8694%
[Worker 17] Round 23 | Loss: 0.0287707 | Train Acc: 99.6081%
[Worker 18] Round 23 | Loss: 0.0303579 | Train Acc: 99.6865%
[Worker 22] Round 23 | Loss: 0.0300487 | Train Acc: 99.6081%
[Worker 13] Round 23 | Loss: 0.0337691 | Train Acc: 99.6343%
[Worker 14] Round 23 | Loss: 0.0339212 | Train Acc: 99.6343%
[Worker 12] Round 23 | Loss: 0.0341537 | Train Acc: 99.4514%
[Worker 15] Round 23 | Loss: 0.122415 | Train Acc: 96.604%
[Worker 29] Round 23 | Loss: 0.101872 | Train Acc: 97.7011%
[Worker 30] Round 23 | Loss: 0.0250746 | Train Acc: 99.8433%
[Worker 31] Round 23 | Loss: 0.0261585 | Train Acc: 99.8955%
[Worker 28] Round 23 | Loss: 0.0394166 | Train Acc: 99.5298%
[Worker 39] Round 23 | Loss: 0.0264928 | Train Acc: 99.791%
[Worker 37] Round 23 | Loss: 0.029706 | Train Acc: 99.6865%
[Worker 38] Round 23 | Loss: 0.066736 | Train Acc: 99.0857%
[Worker 46] Round 23 | Loss: 0.0293681 | Train Acc: 99.7126%
[Worker 44] Round 23 | Loss: 0.0311482 | Train Acc: 99.7126%
[Worker 45] Round 23 | Loss: 0.0297147 | Train Acc: 99.7388%
[Worker 42] Round 23 | Loss: 0.0271534 | Train Acc: 99.791%
[Worker 43] Round 23 | Loss: 0.113021 | Train Acc: 97.5705%
[Worker 36] Round 23 | Loss: 0.0296338 | Train Acc: 99.6343%
[Worker 40] Round 23 | Loss: 0.0268307 | Train Acc: 99.7126%
[Worker 41] Round 23 | Loss: 0.0278981 | Train Acc: 99.6081%
[Worker 47] Round 23 | Loss: 0.0284021 | Train Acc: 99.7444%
[Central Round] 23 [Global Test Accuracy]: 87.55%
[Worker 5] Round 24 | Loss: 0.0337316 | Train Acc: 99.6865%
[Worker 9] Round 24 | Loss: 0.0201897 | Train Acc: 99.9478%
[Worker 3] Round 24 | Loss: 0.0224974 | Train Acc: 99.791%
[Worker 1] Round 24 | Loss: 0.0198431 | Train Acc: 99.8433%
[Worker 7] Round 24 | Loss: 0.0201911 | Train Acc: 99.9216%
[Worker 11] Round 24 | Loss: 0.0310323 | Train Acc: 99.6343%
[Worker 2] Round 24 | Loss: 0.019532 | Train Acc: 99.9478%
[Worker 6] Round 24 | Loss: 0.0203835 | Train Acc: 99.9478%
[Worker 8] Round 24 | Loss: 0.0249634 | Train Acc: 99.6343%
[Worker 10] Round 24 | Loss: 0.0615346 | Train Acc: 98.511%
[Worker 4] Round 24 | Loss: 0.0202129 | Train Acc: 99.9216%
[Worker 33] Round 24 | Loss: 0.0392731 | Train Acc: 99.6604%
[Worker 35] Round 24 | Loss: 0.026016 | Train Acc: 99.8694%
[Worker 25] Round 24 | Loss: 0.0354604 | Train Acc: 99.6604%
[Worker 27] Round 24 | Loss: 0.0405991 | Train Acc: 99.5559%
[Worker 32] Round 24 | Loss: 0.0224173 | Train Acc: 99.8694%
[Worker 29] Round 24 | Loss: 0.100731 | Train Acc: 97.675%
[Worker 31] Round 24 | Loss: 0.0259531 | Train Acc: 99.8171%
[Worker 34] Round 24 | Loss: 0.0266018 | Train Acc: 99.7388%
[Worker 26] Round 24 | Loss: 0.0343265 | Train Acc: 99.7649%
[Worker 24] Round 24 | Loss: 0.0446965 | Train Acc: 99.373%
[Worker 23] Round 24 | Loss: 0.0262682 | Train Acc: 99.8694%
[Worker 17] Round 24 | Loss: 0.0275433 | Train Acc: 99.7649%
[Worker 21] Round 24 | Loss: 0.0274279 | Train Acc: 99.7388%
[Worker 19] Round 24 | Loss: 0.0294411 | Train Acc: 99.6081%
[Worker 22] Round 24 | Loss: 0.030031 | Train Acc: 99.6604%
[Worker 20] Round 24 | Loss: 0.0577929 | Train Acc: 99.0857%
[Worker 16] Round 24 | Loss: 0.0331175 | Train Acc: 99.4514%
[Worker 18] Round 24 | Loss: 0.0301196 | Train Acc: 99.582%
[Worker 13] Round 24 | Loss: 0.0355231 | Train Acc: 99.3992%
[Worker 15] Round 24 | Loss: 0.120075 | Train Acc: 97.0742%
[Worker 12] Round 24 | Loss: 0.0341642 | Train Acc: 99.582%
[Worker 14] Round 24 | Loss: 0.0330534 | Train Acc: 99.6081%
[Worker 30] Round 24 | Loss: 0.0248138 | Train Acc: 99.8694%
[Worker 28] Round 24 | Loss: 0.0399891 | Train Acc: 99.6081%
[Worker 38] Round 24 | Loss: 0.0661323 | Train Acc: 99.0073%
[Worker 46] Round 24 | Loss: 0.0294006 | Train Acc: 99.7126%
[Worker 39] Round 24 | Loss: 0.0277077 | Train Acc: 99.7126%
[Worker 44] Round 24 | Loss: 0.0312324 | Train Acc: 99.582%
[Worker 45] Round 24 | Loss: 0.0313507 | Train Acc: 99.4514%
[Worker 43] Round 24 | Loss: 0.112622 | Train Acc: 97.2048%
[Worker 37] Round 24 | Loss: 0.0290748 | Train Acc: 99.7649%
[Worker 42] Round 24 | Loss: 0.0272468 | Train Acc: 99.6343%
[Worker 36] Round 24 | Loss: 0.0300278 | Train Acc: 99.7126%
[Worker 41] Round 24 | Loss: 0.0261278 | Train Acc: 99.6865%
[Worker 40] Round 24 | Loss: 0.0269755 | Train Acc: 99.6604%
[Worker 47] Round 24 | Loss: 0.0280513 | Train Acc: 99.7955%
[Central Round] 24 [Global Test Accuracy]: 87.69%
[Worker 7] Round 25 | Loss: 0.0205541 | Train Acc: 99.8171%
[Worker 5] Round 25 | Loss: 0.0341696 | Train Acc: 99.6343%
[Worker 3] Round 25 | Loss: 0.0223238 | Train Acc: 99.8433%
[Worker 11] Round 25 | Loss: 0.0311306 | Train Acc: 99.6865%
[Worker 1] Round 25 | Loss: 0.019096 | Train Acc: 99.8433%
[Worker 8] Round 25 | Loss: 0.0262788 | Train Acc: 99.5559%
[Worker 10] Round 25 | Loss: 0.0616051 | Train Acc: 98.4848%
[Worker 2] Round 25 | Loss: 0.0199663 | Train Acc: 99.8955%
[Worker 6] Round 25 | Loss: 0.0205975 | Train Acc: 99.8955%
[Worker 9] Round 25 | Loss: 0.0204689 | Train Acc: 99.8433%
[Worker 4] Round 25 | Loss: 0.0200181 | Train Acc: 99.8955%
[Worker 33] Round 25 | Loss: 0.0391176 | Train Acc: 99.6343%
[Worker 35] Round 25 | Loss: 0.0264638 | Train Acc: 99.7649%
[Worker 32] Round 25 | Loss: 0.0222589 | Train Acc: 99.8433%
[Worker 27] Round 25 | Loss: 0.0400787 | Train Acc: 99.6604%
[Worker 25] Round 25 | Loss: 0.0343738 | Train Acc: 99.7388%
[Worker 29] Round 25 | Loss: 0.100827 | Train Acc: 97.5967%
[Worker 31] Round 25 | Loss: 0.0263622 | Train Acc: 99.8171%
[Worker 26] Round 25 | Loss: 0.0346375 | Train Acc: 99.6865%
[Worker 18] Round 25 | Loss: 0.02925 | Train Acc: 99.6865%
[Worker 16] Round 25 | Loss: 0.0338285 | Train Acc: 99.4775%
[Worker 22] Round 25 | Loss: 0.0300571 | Train Acc: 99.6081%
[Worker 20] Round 25 | Loss: 0.057588 | Train Acc: 99.2685%
[Worker 21] Round 25 | Loss: 0.0277443 | Train Acc: 99.7126%
[Worker 23] Round 25 | Loss: 0.0259203 | Train Acc: 99.8694%
[Worker 19] Round 25 | Loss: 0.0291779 | Train Acc: 99.6343%
[Worker 17] Round 25 | Loss: 0.0280488 | Train Acc: 99.6865%
[Worker 14] Round 25 | Loss: 0.0343144 | Train Acc: 99.6081%
[Worker 12] Round 25 | Loss: 0.0334182 | Train Acc: 99.582%
[Worker 13] Round 25 | Loss: 0.035661 | Train Acc: 99.5037%
[Worker 34] Round 25 | Loss: 0.0262201 | Train Acc: 99.6604%
[Worker 15] Round 25 | Loss: 0.120756 | Train Acc: 96.6823%
[Worker 24] Round 25 | Loss: 0.0463507 | Train Acc: 99.2163%
[Worker 30] Round 25 | Loss: 0.0246035 | Train Acc: 99.8171%
[Worker 28] Round 25 | Loss: 0.0392524 | Train Acc: 99.582%
[Worker 39] Round 25 | Loss: 0.0276246 | Train Acc: 99.791%
[Worker 44] Round 25 | Loss: 0.0326631 | Train Acc: 99.4775%
[Worker 37] Round 25 | Loss: 0.0299068 | Train Acc: 99.7126%
[Worker 38] Round 25 | Loss: 0.0661259 | Train Acc: 99.0334%
[Worker 45] Round 25 | Loss: 0.0298219 | Train Acc: 99.7388%
[Worker 42] Round 25 | Loss: 0.0261381 | Train Acc: 99.7649%
[Worker 41] Round 25 | Loss: 0.0276835 | Train Acc: 99.7126%
[Worker 36] Round 25 | Loss: 0.0300482 | Train Acc: 99.6343%
[Worker 43] Round 25 | Loss: 0.112429 | Train Acc: 97.3354%
[Worker 46] Round 25 | Loss: 0.0283895 | Train Acc: 99.791%
[Worker 40] Round 25 | Loss: 0.0272503 | Train Acc: 99.6081%
[Worker 47] Round 25 | Loss: 0.0272 | Train Acc: 99.7188%
[Central Round] 25 [Global Test Accuracy]: 87.85%
[Worker 11] Round 26 | Loss: 0.0306363 | Train Acc: 99.6081%
[Worker 1] Round 26 | Loss: 0.019502 | Train Acc: 99.8433%
[Worker 9] Round 26 | Loss: 0.0211229 | Train Acc: 99.791%
[Worker 7] Round 26 | Loss: 0.0204123 | Train Acc: 99.8694%
[Worker 5] Round 26 | Loss: 0.0328729 | Train Acc: 99.6604%
[Worker 3] Round 26 | Loss: 0.0229086 | Train Acc: 99.8433%
[Worker 8] Round 26 | Loss: 0.0245861 | Train Acc: 99.6343%
[Worker 6] Round 26 | Loss: 0.020696 | Train Acc: 99.8433%
[Worker 10] Round 26 | Loss: 0.0606099 | Train Acc: 98.5632%
[Worker 2] Round 26 | Loss: 0.020264 | Train Acc: 99.8955%
[Worker 4] Round 26 | Loss: 0.0199002 | Train Acc: 99.8694%
[Worker 35] Round 26 | Loss: 0.0263164 | Train Acc: 99.8433%
[Worker 32] Round 26 | Loss: 0.0216312 | Train Acc: 99.9216%
[Worker 33] Round 26 | Loss: 0.0388987 | Train Acc: 99.6343%
[Worker 34] Round 26 | Loss: 0.0273193 | Train Acc: 99.6604%
[Worker 18] Round 26 | Loss: 0.0293999 | Train Acc: 99.7126%
[Worker 25] Round 26 | Loss: 0.0350726 | Train Acc: 99.6081%
[Worker 27] Round 26 | Loss: 0.040536 | Train Acc: 99.6604%
[Worker 24] Round 26 | Loss: 0.0448544 | Train Acc: 99.3992%
[Worker 26] Round 26 | Loss: 0.03495 | Train Acc: 99.6343%
[Worker 17] Round 26 | Loss: 0.0281469 | Train Acc: 99.6865%
[Worker 23] Round 26 | Loss: 0.0263041 | Train Acc: 99.791%
[Worker 16] Round 26 | Loss: 0.0344942 | Train Acc: 99.4775%
[Worker 22] Round 26 | Loss: 0.0299846 | Train Acc: 99.6865%
[Worker 19] Round 26 | Loss: 0.029435 | Train Acc: 99.582%
[Worker 20] Round 26 | Loss: 0.0566147 | Train Acc: 99.2163%
[Worker 21] Round 26 | Loss: 0.0282296 | Train Acc: 99.6865%
[Worker 13] Round 26 | Loss: 0.0341266 | Train Acc: 99.5559%
[Worker 12] Round 26 | Loss: 0.0340111 | Train Acc: 99.5559%
[Worker 14] Round 26 | Loss: 0.0341874 | Train Acc: 99.5298%
[Worker 15] Round 26 | Loss: 0.118913 | Train Acc: 96.8913%
[Worker 31] Round 26 | Loss: 0.0258756 | Train Acc: 99.9216%
[Worker 29] Round 26 | Loss: 0.100498 | Train Acc: 97.7795%
[Worker 30] Round 26 | Loss: 0.0246135 | Train Acc: 99.8955%
[Worker 28] Round 26 | Loss: 0.0390519 | Train Acc: 99.6343%
[Worker 36] Round 26 | Loss: 0.0303186 | Train Acc: 99.582%
[Worker 37] Round 26 | Loss: 0.0301357 | Train Acc: 99.6604%
[Worker 39] Round 26 | Loss: 0.0273598 | Train Acc: 99.8171%
[Worker 44] Round 26 | Loss: 0.0310708 | Train Acc: 99.582%
[Worker 38] Round 26 | Loss: 0.0651665 | Train Acc: 99.0073%
[Worker 45] Round 26 | Loss: 0.0307871 | Train Acc: 99.4775%
[Worker 42] Round 26 | Loss: 0.0267897 | Train Acc: 99.6865%
[Worker 46] Round 26 | Loss: 0.029836 | Train Acc: 99.582%
[Worker 43] Round 26 | Loss: 0.110667 | Train Acc: 97.3354%
[Worker 41] Round 26 | Loss: 0.0256783 | Train Acc: 99.7388%
[Worker 40] Round 26 | Loss: 0.0262459 | Train Acc: 99.7649%
[Worker 47] Round 26 | Loss: 0.0282431 | Train Acc: 99.6421%
[Central Round] 26 [Global Test Accuracy]: 88%
[Worker 2] Round 27 | Loss: 0.0201913 | Train Acc: 99.8955%
[Worker 11] Round 27 | Loss: 0.030676 | Train Acc: 99.5559%
[Worker 8] Round 27 | Loss: 0.0251998 | Train Acc: 99.5559%
[Worker 7] Round 27 | Loss: 0.0203966 | Train Acc: 99.8955%
[Worker 5] Round 27 | Loss: 0.0322888 | Train Acc: 99.7126%
[Worker 6] Round 27 | Loss: 0.0210973 | Train Acc: 99.791%
[Worker 10] Round 27 | Loss: 0.0605753 | Train Acc: 98.4587%
[Worker 3] Round 27 | Loss: 0.0224561 | Train Acc: 99.7649%
[Worker 1] Round 27 | Loss: 0.0195582 | Train Acc: 99.7649%
[Worker 9] Round 27 | Loss: 0.0203655 | Train Acc: 99.8433%
[Worker 4] Round 27 | Loss: 0.0196324 | Train Acc: 99.8955%
[Worker 33] Round 27 | Loss: 0.0384075 | Train Acc: 99.6604%
[Worker 35] Round 27 | Loss: 0.0260013 | Train Acc: 99.8433%
[Worker 32] Round 27 | Loss: 0.0219307 | Train Acc: 99.9216%
[Worker 25] Round 27 | Loss: 0.034589 | Train Acc: 99.6865%
[Worker 27] Round 27 | Loss: 0.0400559 | Train Acc: 99.5037%
[Worker 24] Round 27 | Loss: 0.0456386 | Train Acc: 99.3992%
[Worker 34] Round 27 | Loss: 0.026251 | Train Acc: 99.7388%
[Worker 29] Round 27 | Loss: 0.10042 | Train Acc: 97.7273%
[Worker 31] Round 27 | Loss: 0.0261094 | Train Acc: 99.8694%
[Worker 26] Round 27 | Loss: 0.0348959 | Train Acc: 99.6343%
[Worker 17] Round 27 | Loss: 0.0270092 | Train Acc: 99.7649%
[Worker 23] Round 27 | Loss: 0.0261934 | Train Acc: 99.8171%
[Worker 16] Round 27 | Loss: 0.0339121 | Train Acc: 99.4253%
[Worker 22] Round 27 | Loss: 0.0297037 | Train Acc: 99.7388%
[Worker 19] Round 27 | Loss: 0.0289688 | Train Acc: 99.5298%
[Worker 18] Round 27 | Loss: 0.0298773 | Train Acc: 99.7388%
[Worker 20] Round 27 | Loss: 0.0564867 | Train Acc: 99.1902%
[Worker 21] Round 27 | Loss: 0.0282281 | Train Acc: 99.6604%
[Worker 13] Round 27 | Loss: 0.0348351 | Train Acc: 99.4775%
[Worker 14] Round 27 | Loss: 0.0348276 | Train Acc: 99.3992%
[Worker 15] Round 27 | Loss: 0.119193 | Train Acc: 96.9436%
[Worker 12] Round 27 | Loss: 0.0339099 | Train Acc: 99.4514%
[Worker 30] Round 27 | Loss: 0.0241415 | Train Acc: 99.8433%
[Worker 28] Round 27 | Loss: 0.0393971 | Train Acc: 99.582%
[Worker 36] Round 27 | Loss: 0.0306628 | Train Acc: 99.582%
[Worker 44] Round 27 | Loss: 0.0319933 | Train Acc: 99.582%
[Worker 38] Round 27 | Loss: 0.0633947 | Train Acc: 99.1379%
[Worker 42] Round 27 | Loss: 0.0265957 | Train Acc: 99.7649%
[Worker 46] Round 27 | Loss: 0.0283669 | Train Acc: 99.6865%
[Worker 39] Round 27 | Loss: 0.0285644 | Train Acc: 99.582%
[Worker 40] Round 27 | Loss: 0.0280912 | Train Acc: 99.6865%
[Worker 37] Round 27 | Loss: 0.0292679 | Train Acc: 99.6865%
[Worker 45] Round 27 | Loss: 0.0303789 | Train Acc: 99.6343%
[Worker 43] Round 27 | Loss: 0.112106 | Train Acc: 97.2832%
[Worker 41] Round 27 | Loss: 0.0267609 | Train Acc: 99.791%
[Worker 47] Round 27 | Loss: 0.0291333 | Train Acc: 99.6421%
[Central Round] 27 [Global Test Accuracy]: 88.09%
[Worker 7] Round 28 | Loss: 0.0206365 | Train Acc: 99.8694%
[Worker 9] Round 28 | Loss: 0.0203265 | Train Acc: 99.8171%
[Worker 5] Round 28 | Loss: 0.0330429 | Train Acc: 99.6604%
[Worker 3] Round 28 | Loss: 0.0225197 | Train Acc: 99.791%
[Worker 1] Round 28 | Loss: 0.0189995 | Train Acc: 99.8955%
[Worker 11] Round 28 | Loss: 0.0319093 | Train Acc: 99.5559%
[Worker 6] Round 28 | Loss: 0.020977 | Train Acc: 99.791%
[Worker 2] Round 28 | Loss: 0.0194099 | Train Acc: 99.9216%
[Worker 10] Round 28 | Loss: 0.0594154 | Train Acc: 98.6155%
[Worker 8] Round 28 | Loss: 0.0248198 | Train Acc: 99.582%
[Worker 4] Round 28 | Loss: 0.0193694 | Train Acc: 99.8433%
[Worker 33] Round 28 | Loss: 0.0383949 | Train Acc: 99.6604%
[Worker 35] Round 28 | Loss: 0.0255555 | Train Acc: 99.791%
[Worker 32] Round 28 | Loss: 0.0210554 | Train Acc: 99.9216%
[Worker 34] Round 28 | Loss: 0.0263163 | Train Acc: 99.6865%
[Worker 25] Round 28 | Loss: 0.034093 | Train Acc: 99.6865%
[Worker 27] Round 28 | Loss: 0.0398967 | Train Acc: 99.6081%
[Worker 24] Round 28 | Loss: 0.0441313 | Train Acc: 99.3208%
[Worker 26] Round 28 | Loss: 0.0344368 | Train Acc: 99.6604%
[Worker 29] Round 28 | Loss: 0.100328 | Train Acc: 97.8318%
[Worker 31] Round 28 | Loss: 0.0254725 | Train Acc: 99.8955%
[Worker 22] Round 28 | Loss: 0.0308122 | Train Acc: 99.5559%
[Worker 18] Round 28 | Loss: 0.0298588 | Train Acc: 99.582%
[Worker 20] Round 28 | Loss: 0.0560606 | Train Acc: 99.1641%
[Worker 17] Round 28 | Loss: 0.0277467 | Train Acc: 99.6343%
[Worker 16] Round 28 | Loss: 0.0348144 | Train Acc: 99.4775%
[Worker 23] Round 28 | Loss: 0.0257109 | Train Acc: 99.8694%
[Worker 19] Round 28 | Loss: 0.0298194 | Train Acc: 99.582%
[Worker 21] Round 28 | Loss: 0.0278127 | Train Acc: 99.7388%
[Worker 12] Round 28 | Loss: 0.0332452 | Train Acc: 99.5559%
[Worker 13] Round 28 | Loss: 0.0343715 | Train Acc: 99.5298%
[Worker 14] Round 28 | Loss: 0.0349322 | Train Acc: 99.4253%
[Worker 15] Round 28 | Loss: 0.118551 | Train Acc: 96.813%
[Worker 30] Round 28 | Loss: 0.0247699 | Train Acc: 99.8433%
[Worker 28] Round 28 | Loss: 0.0393574 | Train Acc: 99.6343%
[Worker 39] Round 28 | Loss: 0.0271759 | Train Acc: 99.7649%
[Worker 38] Round 28 | Loss: 0.063533 | Train Acc: 99.1902%
[Worker 36] Round 28 | Loss: 0.0310526 | Train Acc: 99.5559%
[Worker 44] Round 28 | Loss: 0.0313199 | Train Acc: 99.5559%
[Worker 37] Round 28 | Loss: 0.0296369 | Train Acc: 99.6604%
[Worker 42] Round 28 | Loss: 0.0267563 | Train Acc: 99.6604%
[Worker 43] Round 28 | Loss: 0.108808 | Train Acc: 97.466%
[Worker 46] Round 28 | Loss: 0.0287798 | Train Acc: 99.6865%
[Worker 45] Round 28 | Loss: 0.0297055 | Train Acc: 99.7649%
[Worker 40] Round 28 | Loss: 0.0269179 | Train Acc: 99.6604%
[Worker 41] Round 28 | Loss: 0.0265128 | Train Acc: 99.6604%
[Worker 47] Round 28 | Loss: 0.0286285 | Train Acc: 99.6421%
[Central Round] 28 [Global Test Accuracy]: 88.11%
[Worker 7] Round 29 | Loss: 0.019878 | Train Acc: 99.8955%
[Worker 9] Round 29 | Loss: 0.0201205 | Train Acc: 99.8694%
[Worker 11] Round 29 | Loss: 0.0313959 | Train Acc: 99.6343%
[Worker 5] Round 29 | Loss: 0.0327247 | Train Acc: 99.6343%
[Worker 3] Round 29 | Loss: 0.0223204 | Train Acc: 99.8171%
[Worker 1] Round 29 | Loss: 0.0196856 | Train Acc: 99.7649%
[Worker 6] Round 29 | Loss: 0.0209848 | Train Acc: 99.8694%
[Worker 2] Round 29 | Loss: 0.0198254 | Train Acc: 99.8694%
[Worker 10] Round 29 | Loss: 0.0595556 | Train Acc: 98.5893%
[Worker 4] Round 29 | Loss: 0.0193818 | Train Acc: 99.9216%
[Worker 8] Round 29 | Loss: 0.0258893 | Train Acc: 99.5298%
[Worker 33] Round 29 | Loss: 0.0378877 | Train Acc: 99.6343%
[Worker 35] Round 29 | Loss: 0.0258823 | Train Acc: 99.791%
[Worker 25] Round 29 | Loss: 0.0339869 | Train Acc: 99.6865%
[Worker 32] Round 29 | Loss: 0.0213989 | Train Acc: 99.8955%
[Worker 27] Round 29 | Loss: 0.0406955 | Train Acc: 99.4775%
[Worker 34] Round 29 | Loss: 0.0272269 | Train Acc: 99.6604%
[Worker 31] Round 29 | Loss: 0.0264015 | Train Acc: 99.7649%
[Worker 29] Round 29 | Loss: 0.0996323 | Train Acc: 97.6489%
[Worker 24] Round 29 | Loss: 0.0444898 | Train Acc: 99.373%
[Worker 26] Round 29 | Loss: 0.0346619 | Train Acc: 99.7126%
[Worker 23] Round 29 | Loss: 0.0255015 | Train Acc: 99.8433%
[Worker 19] Round 29 | Loss: 0.0300878 | Train Acc: 99.6343%
[Worker 22] Round 29 | Loss: 0.0321818 | Train Acc: 99.5298%
[Worker 18] Round 29 | Loss: 0.0300205 | Train Acc: 99.582%
[Worker 20] Round 29 | Loss: 0.0559046 | Train Acc: 99.1379%
[Worker 16] Round 29 | Loss: 0.0330812 | Train Acc: 99.5298%
[Worker 17] Round 29 | Loss: 0.0275126 | Train Acc: 99.7126%
[Worker 21] Round 29 | Loss: 0.0277974 | Train Acc: 99.7126%
[Worker 13] Round 29 | Loss: 0.0353502 | Train Acc: 99.5037%
[Worker 14] Round 29 | Loss: 0.036092 | Train Acc: 99.5037%
[Worker 12] Round 29 | Loss: 0.033815 | Train Acc: 99.5037%
[Worker 15] Round 29 | Loss: 0.117747 | Train Acc: 96.9174%
[Worker 30] Round 29 | Loss: 0.0245137 | Train Acc: 99.7388%
[Worker 28] Round 29 | Loss: 0.0385121 | Train Acc: 99.6343%
[Worker 42] Round 29 | Loss: 0.0279593 | Train Acc: 99.7126%
[Worker 38] Round 29 | Loss: 0.0641732 | Train Acc: 99.0334%
[Worker 36] Round 29 | Loss: 0.0315289 | Train Acc: 99.5559%
[Worker 44] Round 29 | Loss: 0.030719 | Train Acc: 99.6343%
[Worker 39] Round 29 | Loss: 0.027642 | Train Acc: 99.7388%
[Worker 37] Round 29 | Loss: 0.0293959 | Train Acc: 99.6865%
[Worker 45] Round 29 | Loss: 0.0303298 | Train Acc: 99.6343%
[Worker 43] Round 29 | Loss: 0.109603 | Train Acc: 97.3615%
[Worker 46] Round 29 | Loss: 0.0288454 | Train Acc: 99.7649%
[Worker 41] Round 29 | Loss: 0.0261199 | Train Acc: 99.8171%
[Worker 40] Round 29 | Loss: 0.0269762 | Train Acc: 99.6865%
[Worker 47] Round 29 | Loss: 0.0285708 | Train Acc: 99.6933%
[Central Round] 29 [Global Test Accuracy]: 88.14%
[Worker 7] Round 30 | Loss: 0.0205322 | Train Acc: 99.8694%
[Worker 9] Round 30 | Loss: 0.0201701 | Train Acc: 99.8433%
[Worker 1] Round 30 | Loss: 0.0192651 | Train Acc: 99.8694%
[Worker 11] Round 30 | Loss: 0.0314327 | Train Acc: 99.4514%
[Worker 5] Round 30 | Loss: 0.0322745 | Train Acc: 99.6604%
[Worker 3] Round 30 | Loss: 0.0223183 | Train Acc: 99.7126%
[Worker 2] Round 30 | Loss: 0.0195836 | Train Acc: 99.9216%
[Worker 10] Round 30 | Loss: 0.0595981 | Train Acc: 98.4587%
[Worker 8] Round 30 | Loss: 0.0249711 | Train Acc: 99.6081%
[Worker 6] Round 30 | Loss: 0.0207824 | Train Acc: 99.8955%
[Worker 4] Round 30 | Loss: 0.019189 | Train Acc: 99.8955%
[Worker 35] Round 30 | Loss: 0.0256617 | Train Acc: 99.8171%
[Worker 33] Round 30 | Loss: 0.0382735 | Train Acc: 99.6081%
[Worker 32] Round 30 | Loss: 0.0214525 | Train Acc: 99.8694%
[Worker 25] Round 30 | Loss: 0.034639 | Train Acc: 99.7388%
[Worker 27] Round 30 | Loss: 0.0400222 | Train Acc: 99.4775%
[Worker 34] Round 30 | Loss: 0.02629 | Train Acc: 99.6604%
[Worker 31] Round 30 | Loss: 0.0259302 | Train Acc: 99.8171%
[Worker 29] Round 30 | Loss: 0.0988115 | Train Acc: 97.7273%
[Worker 24] Round 30 | Loss: 0.0451431 | Train Acc: 99.3208%
[Worker 26] Round 30 | Loss: 0.034032 | Train Acc: 99.7388%
[Worker 23] Round 30 | Loss: 0.0257254 | Train Acc: 99.9216%
[Worker 19] Round 30 | Loss: 0.0294892 | Train Acc: 99.6081%
[Worker 22] Round 30 | Loss: 0.0299938 | Train Acc: 99.6604%
[Worker 21] Round 30 | Loss: 0.0275107 | Train Acc: 99.6604%
[Worker 18] Round 30 | Loss: 0.0309994 | Train Acc: 99.6604%
[Worker 20] Round 30 | Loss: 0.0551378 | Train Acc: 99.2163%
[Worker 16] Round 30 | Loss: 0.0328997 | Train Acc: 99.6081%
[Worker 17] Round 30 | Loss: 0.0279482 | Train Acc: 99.7126%
[Worker 13] Round 30 | Loss: 0.0337784 | Train Acc: 99.5559%
[Worker 15] Round 30 | Loss: 0.117652 | Train Acc: 96.5779%
[Worker 14] Round 30 | Loss: 0.0354688 | Train Acc: 99.3992%
[Worker 12] Round 30 | Loss: 0.0347716 | Train Acc: 99.5037%
[Worker 30] Round 30 | Loss: 0.0239589 | Train Acc: 99.8694%
[Worker 28] Round 30 | Loss: 0.0388084 | Train Acc: 99.6081%
[Worker 44] Round 30 | Loss: 0.0309422 | Train Acc: 99.5298%
[Worker 39] Round 30 | Loss: 0.027573 | Train Acc: 99.6865%
[Worker 37] Round 30 | Loss: 0.0299593 | Train Acc: 99.6604%
[Worker 38] Round 30 | Loss: 0.0636574 | Train Acc: 99.0073%
[Worker 36] Round 30 | Loss: 0.0315017 | Train Acc: 99.6081%
[Worker 45] Round 30 | Loss: 0.0301076 | Train Acc: 99.7126%
[Worker 42] Round 30 | Loss: 0.0260407 | Train Acc: 99.7649%
[Worker 43] Round 30 | Loss: 0.109376 | Train Acc: 97.3877%
[Worker 46] Round 30 | Loss: 0.0289165 | Train Acc: 99.7388%
[Worker 41] Round 30 | Loss: 0.0276413 | Train Acc: 99.6081%
[Worker 40] Round 30 | Loss: 0.0265568 | Train Acc: 99.7126%
[Worker 47] Round 30 | Loss: 0.0276939 | Train Acc: 99.6421%
[Central Round] 30 [Global Test Accuracy]: 88.3%
[Worker 7] Round 31 | Loss: 0.0204995 | Train Acc: 99.8171%
[Worker 9] Round 31 | Loss: 0.0200155 | Train Acc: 99.8433%
[Worker 1] Round 31 | Loss: 0.0191086 | Train Acc: 99.8171%
[Worker 11] Round 31 | Loss: 0.0327522 | Train Acc: 99.5559%
[Worker 5] Round 31 | Loss: 0.0324824 | Train Acc: 99.6343%
[Worker 3] Round 31 | Loss: 0.0216281 | Train Acc: 99.8433%
[Worker 2] Round 31 | Loss: 0.0189488 | Train Acc: 99.8955%
[Worker 10] Round 31 | Loss: 0.0593163 | Train Acc: 98.5893%
[Worker 6] Round 31 | Loss: 0.0205675 | Train Acc: 99.8694%
[Worker 8] Round 31 | Loss: 0.0256924 | Train Acc: 99.582%
[Worker 4] Round 31 | Loss: 0.0197584 | Train Acc: 99.8955%
[Worker 35] Round 31 | Loss: 0.0256437 | Train Acc: 99.7649%
[Worker 33] Round 31 | Loss: 0.0379081 | Train Acc: 99.6604%
[Worker 32] Round 31 | Loss: 0.0217326 | Train Acc: 99.9478%
[Worker 34] Round 31 | Loss: 0.0258399 | Train Acc: 99.6865%
[Worker 24] Round 31 | Loss: 0.0446516 | Train Acc: 99.2163%
[Worker 25] Round 31 | Loss: 0.0342238 | Train Acc: 99.7649%
[Worker 22] Round 31 | Loss: 0.0308162 | Train Acc: 99.5559%
[Worker 21] Round 31 | Loss: 0.0283346 | Train Acc: 99.5559%
[Worker 18] Round 31 | Loss: 0.0290796 | Train Acc: 99.6343%
[Worker 27] Round 31 | Loss: 0.0396492 | Train Acc: 99.6343%
[Worker 20] Round 31 | Loss: 0.0555491 | Train Acc: 99.1379%
[Worker 26] Round 31 | Loss: 0.0346044 | Train Acc: 99.5559%
[Worker 16] Round 31 | Loss: 0.0339672 | Train Acc: 99.5559%
[Worker 31] Round 31 | Loss: 0.026048 | Train Acc: 99.8171%
[Worker 17] Round 31 | Loss: 0.0275731 | Train Acc: 99.6343%
[Worker 23] Round 31 | Loss: 0.0253631 | Train Acc: 99.8955%
[Worker 19] Round 31 | Loss: 0.0307477 | Train Acc: 99.5037%
[Worker 14] Round 31 | Loss: 0.0343558 | Train Acc: 99.582%
[Worker 13] Round 31 | Loss: 0.0341788 | Train Acc: 99.4775%
[Worker 12] Round 31 | Loss: 0.0332491 | Train Acc: 99.4514%
[Worker 15] Round 31 | Loss: 0.116624 | Train Acc: 96.813%
[Worker 29] Round 31 | Loss: 0.0978389 | Train Acc: 97.8056%
[Worker 30] Round 31 | Loss: 0.0235964 | Train Acc: 99.8433%
[Worker 28] Round 31 | Loss: 0.0391989 | Train Acc: 99.5298%
[Worker 44] Round 31 | Loss: 0.0317852 | Train Acc: 99.5037%
[Worker 39] Round 31 | Loss: 0.0267984 | Train Acc: 99.8171%
[Worker 36] Round 31 | Loss: 0.0302163 | Train Acc: 99.6343%
[Worker 37] Round 31 | Loss: 0.0290965 | Train Acc: 99.6604%
[Worker 38] Round 31 | Loss: 0.062586 | Train Acc: 99.0857%
[Worker 42] Round 31 | Loss: 0.0277956 | Train Acc: 99.6081%
[Worker 43] Round 31 | Loss: 0.108821 | Train Acc: 97.4399%
[Worker 46] Round 31 | Loss: 0.0292157 | Train Acc: 99.6865%
[Worker 45] Round 31 | Loss: 0.0288782 | Train Acc: 99.7388%
[Worker 41] Round 31 | Loss: 0.0271554 | Train Acc: 99.6343%
[Worker 40] Round 31 | Loss: 0.0271687 | Train Acc: 99.6081%
[Worker 47] Round 31 | Loss: 0.0280894 | Train Acc: 99.6933%
[Central Round] 31 [Global Test Accuracy]: 88.34%
[Worker 35] Round 32 | Loss: 0.0256047 | Train Acc: 99.791%
[Worker 33] Round 32 | Loss: 0.0369844 | Train Acc: 99.7388%
[Worker 7] Round 32 | Loss: 0.0206272 | Train Acc: 99.8171%
[Worker 1] Round 32 | Loss: 0.0201316 | Train Acc: 99.7649%
[Worker 3] Round 32 | Loss: 0.0223116 | Train Acc: 99.7649%
[Worker 9] Round 32 | Loss: 0.0201751 | Train Acc: 99.8694%
[Worker 11] Round 32 | Loss: 0.0327566 | Train Acc: 99.4253%
[Worker 5] Round 32 | Loss: 0.0312707 | Train Acc: 99.6865%
[Worker 6] Round 32 | Loss: 0.0208997 | Train Acc: 99.8694%
[Worker 10] Round 32 | Loss: 0.059473 | Train Acc: 98.5893%
[Worker 8] Round 32 | Loss: 0.0253429 | Train Acc: 99.6343%
[Worker 2] Round 32 | Loss: 0.0199765 | Train Acc: 99.8171%
[Worker 32] Round 32 | Loss: 0.0210088 | Train Acc: 99.8955%
[Worker 34] Round 32 | Loss: 0.0260529 | Train Acc: 99.6865%
[Worker 4] Round 32 | Loss: 0.0192004 | Train Acc: 99.8694%
[Worker 25] Round 32 | Loss: 0.0350526 | Train Acc: 99.6081%
[Worker 27] Round 32 | Loss: 0.0399756 | Train Acc: 99.582%
[Worker 26] Round 32 | Loss: 0.0340219 | Train Acc: 99.5298%
[Worker 21] Round 32 | Loss: 0.0272729 | Train Acc: 99.7126%
[Worker 17] Round 32 | Loss: 0.0292998 | Train Acc: 99.6081%
[Worker 19] Round 32 | Loss: 0.0302326 | Train Acc: 99.5298%
[Worker 23] Round 32 | Loss: 0.0258761 | Train Acc: 99.8171%
[Worker 13] Round 32 | Loss: 0.0349152 | Train Acc: 99.4775%
[Worker 18] Round 32 | Loss: 0.0292476 | Train Acc: 99.582%
[Worker 15] Round 32 | Loss: 0.117101 | Train Acc: 96.8391%
[Worker 16] Round 32 | Loss: 0.0344732 | Train Acc: 99.5298%
[Worker 20] Round 32 | Loss: 0.0547737 | Train Acc: 99.2947%
[Worker 14] Round 32 | Loss: 0.0353876 | Train Acc: 99.373%
[Worker 22] Round 32 | Loss: 0.0296037 | Train Acc: 99.582%
[Worker 12] Round 32 | Loss: 0.0344493 | Train Acc: 99.4253%
[Worker 24] Round 32 | Loss: 0.0435608 | Train Acc: 99.2947%
[Worker 31] Round 32 | Loss: 0.0256714 | Train Acc: 99.8433%
[Worker 29] Round 32 | Loss: 0.0978816 | Train Acc: 97.8318%
[Worker 30] Round 32 | Loss: 0.0229693 | Train Acc: 99.8955%
[Worker 28] Round 32 | Loss: 0.0392226 | Train Acc: 99.5298%
[Worker 44] Round 32 | Loss: 0.031437 | Train Acc: 99.5298%
[Worker 39] Round 32 | Loss: 0.0273037 | Train Acc: 99.7649%
[Worker 46] Round 32 | Loss: 0.0287884 | Train Acc: 99.582%
[Worker 36] Round 32 | Loss: 0.0306747 | Train Acc: 99.5037%
[Worker 37] Round 32 | Loss: 0.0292616 | Train Acc: 99.791%
[Worker 38] Round 32 | Loss: 0.0626332 | Train Acc: 99.0857%
[Worker 42] Round 32 | Loss: 0.0267706 | Train Acc: 99.6865%
[Worker 41] Round 32 | Loss: 0.0267702 | Train Acc: 99.6081%
[Worker 43] Round 32 | Loss: 0.107126 | Train Acc: 97.3615%
[Worker 40] Round 32 | Loss: 0.0266241 | Train Acc: 99.7649%
[Worker 45] Round 32 | Loss: 0.0296891 | Train Acc: 99.6865%
[Worker 47] Round 32 | Loss: 0.0281144 | Train Acc: 99.7188%
[Central Round] 32 [Global Test Accuracy]: 88.48%
[Worker 11] Round 33 | Loss: 0.0318003 | Train Acc: 99.4514%
[Worker 1] Round 33 | Loss: 0.0188783 | Train Acc: 99.8171%
[Worker 5] Round 33 | Loss: 0.031678 | Train Acc: 99.6343%
[Worker 3] Round 33 | Loss: 0.0220451 | Train Acc: 99.7649%
[Worker 7] Round 33 | Loss: 0.02069 | Train Acc: 99.7388%
[Worker 9] Round 33 | Loss: 0.0208649 | Train Acc: 99.7649%
[Worker 2] Round 33 | Loss: 0.0190472 | Train Acc: 99.9216%
[Worker 8] Round 33 | Loss: 0.0255939 | Train Acc: 99.6343%
[Worker 10] Round 33 | Loss: 0.0597008 | Train Acc: 98.4326%
[Worker 6] Round 33 | Loss: 0.0201504 | Train Acc: 99.8171%
[Worker 4] Round 33 | Loss: 0.0197911 | Train Acc: 99.8171%
[Worker 35] Round 33 | Loss: 0.0251051 | Train Acc: 99.7649%
[Worker 32] Round 33 | Loss: 0.0208116 | Train Acc: 99.9216%
[Worker 33] Round 33 | Loss: 0.0380168 | Train Acc: 99.5298%
[Worker 34] Round 33 | Loss: 0.0260395 | Train Acc: 99.6604%
[Worker 25] Round 33 | Loss: 0.0349506 | Train Acc: 99.5559%
[Worker 24] Round 33 | Loss: 0.0435325 | Train Acc: 99.2685%
[Worker 17] Round 33 | Loss: 0.0272433 | Train Acc: 99.7388%
[Worker 27] Round 33 | Loss: 0.039192 | Train Acc: 99.6604%
[Worker 21] Round 33 | Loss: 0.0275165 | Train Acc: 99.7126%
[Worker 22] Round 33 | Loss: 0.0307064 | Train Acc: 99.5298%
[Worker 19] Round 33 | Loss: 0.0307753 | Train Acc: 99.5298%
[Worker 23] Round 33 | Loss: 0.0257697 | Train Acc: 99.8433%
[Worker 15] Round 33 | Loss: 0.116611 | Train Acc: 96.7868%
[Worker 20] Round 33 | Loss: 0.0544385 | Train Acc: 99.3208%
[Worker 13] Round 33 | Loss: 0.0339047 | Train Acc: 99.373%
[Worker 12] Round 33 | Loss: 0.0350474 | Train Acc: 99.4775%
[Worker 14] Round 33 | Loss: 0.035398 | Train Acc: 99.373%
[Worker 16] Round 33 | Loss: 0.034228 | Train Acc: 99.5037%
[Worker 18] Round 33 | Loss: 0.0277957 | Train Acc: 99.6865%
[Worker 26] Round 33 | Loss: 0.0352073 | Train Acc: 99.582%
[Worker 29] Round 33 | Loss: 0.0984803 | Train Acc: 97.7795%
[Worker 31] Round 33 | Loss: 0.0262293 | Train Acc: 99.8171%
[Worker 30] Round 33 | Loss: 0.0238829 | Train Acc: 99.791%
[Worker 28] Round 33 | Loss: 0.0383057 | Train Acc: 99.4775%
[Worker 44] Round 33 | Loss: 0.03106 | Train Acc: 99.5298%
[Worker 39] Round 33 | Loss: 0.0275821 | Train Acc: 99.7388%
[Worker 46] Round 33 | Loss: 0.0280643 | Train Acc: 99.6604%
[Worker 36] Round 33 | Loss: 0.0299743 | Train Acc: 99.6343%
[Worker 38] Round 33 | Loss: 0.0620982 | Train Acc: 99.0857%
[Worker 37] Round 33 | Loss: 0.0289369 | Train Acc: 99.6604%
[Worker 42] Round 33 | Loss: 0.0276972 | Train Acc: 99.582%
[Worker 43] Round 33 | Loss: 0.106811 | Train Acc: 97.3615%
[Worker 45] Round 33 | Loss: 0.0302321 | Train Acc: 99.5037%
[Worker 40] Round 33 | Loss: 0.0273271 | Train Acc: 99.6865%
[Worker 41] Round 33 | Loss: 0.025985 | Train Acc: 99.7649%
[Worker 47] Round 33 | Loss: 0.0278566 | Train Acc: 99.5399%
[Central Round] 33 [Global Test Accuracy]: 88.5%
[Worker 5] Round 34 | Loss: 0.0319245 | Train Acc: 99.6604%
[Worker 3] Round 34 | Loss: 0.0231562 | Train Acc: 99.6343%
[Worker 7] Round 34 | Loss: 0.0198581 | Train Acc: 99.8433%
[Worker 11] Round 34 | Loss: 0.0327353 | Train Acc: 99.5559%
[Worker 9] Round 34 | Loss: 0.01967 | Train Acc: 99.8694%
[Worker 1] Round 34 | Loss: 0.0194123 | Train Acc: 99.8171%
[Worker 2] Round 34 | Loss: 0.0192578 | Train Acc: 99.8433%
[Worker 8] Round 34 | Loss: 0.0256971 | Train Acc: 99.6343%
[Worker 10] Round 34 | Loss: 0.0590545 | Train Acc: 98.511%
[Worker 6] Round 34 | Loss: 0.0210999 | Train Acc: 99.791%
[Worker 4] Round 34 | Loss: 0.0193363 | Train Acc: 99.8433%
[Worker 33] Round 34 | Loss: 0.0371511 | Train Acc: 99.4775%
[Worker 35] Round 34 | Loss: 0.025139 | Train Acc: 99.8171%
[Worker 32] Round 34 | Loss: 0.0206349 | Train Acc: 99.9216%
[Worker 34] Round 34 | Loss: 0.0263349 | Train Acc: 99.6081%
[Worker 25] Round 34 | Loss: 0.033615 | Train Acc: 99.7126%
[Worker 22] Round 34 | Loss: 0.0304824 | Train Acc: 99.6081%
[Worker 16] Round 34 | Loss: 0.0336576 | Train Acc: 99.4775%
[Worker 20] Round 34 | Loss: 0.0547859 | Train Acc: 99.3208%
[Worker 18] Round 34 | Loss: 0.0293866 | Train Acc: 99.7126%
[Worker 23] Round 34 | Loss: 0.0259246 | Train Acc: 99.8171%
[Worker 17] Round 34 | Loss: 0.0289358 | Train Acc: 99.582%
[Worker 21] Round 34 | Loss: 0.0278002 | Train Acc: 99.7126%
[Worker 19] Round 34 | Loss: 0.0302446 | Train Acc: 99.5298%
[Worker 12] Round 34 | Loss: 0.0335407 | Train Acc: 99.4253%
[Worker 14] Round 34 | Loss: 0.0357535 | Train Acc: 99.2947%
[Worker 13] Round 34 | Loss: 0.0338463 | Train Acc: 99.5298%
[Worker 15] Round 34 | Loss: 0.115862 | Train Acc: 96.9436%
[Worker 26] Round 34 | Loss: 0.0352032 | Train Acc: 99.6343%
[Worker 24] Round 34 | Loss: 0.0435327 | Train Acc: 99.3208%
[Worker 27] Round 34 | Loss: 0.0386452 | Train Acc: 99.6604%
[Worker 29] Round 34 | Loss: 0.0978781 | Train Acc: 97.7534%
[Worker 31] Round 34 | Loss: 0.0257431 | Train Acc: 99.8171%
[Worker 30] Round 34 | Loss: 0.0244172 | Train Acc: 99.7388%
[Worker 28] Round 34 | Loss: 0.0393353 | Train Acc: 99.4253%
[Worker 46] Round 34 | Loss: 0.0303565 | Train Acc: 99.4775%
[Worker 38] Round 34 | Loss: 0.0615107 | Train Acc: 99.0857%
[Worker 37] Round 34 | Loss: 0.0282771 | Train Acc: 99.7126%
[Worker 44] Round 34 | Loss: 0.0307314 | Train Acc: 99.5559%
[Worker 39] Round 34 | Loss: 0.027069 | Train Acc: 99.791%
[Worker 36] Round 34 | Loss: 0.0301917 | Train Acc: 99.6343%
[Worker 42] Round 34 | Loss: 0.026806 | Train Acc: 99.6081%
[Worker 45] Round 34 | Loss: 0.0289813 | Train Acc: 99.6865%
[Worker 43] Round 34 | Loss: 0.105749 | Train Acc: 97.5183%
[Worker 41] Round 34 | Loss: 0.0268869 | Train Acc: 99.7126%
[Worker 40] Round 34 | Loss: 0.0270338 | Train Acc: 99.582%
[Worker 47] Round 34 | Loss: 0.0278737 | Train Acc: 99.6933%
[Central Round] 34 [Global Test Accuracy]: 88.56%
[Worker 11] Round 35 | Loss: 0.0316195 | Train Acc: 99.6604%
[Worker 9] Round 35 | Loss: 0.0206569 | Train Acc: 99.791%
[Worker 5] Round 35 | Loss: 0.0315767 | Train Acc: 99.7126%
[Worker 3] Round 35 | Loss: 0.0223497 | Train Acc: 99.7388%
[Worker 7] Round 35 | Loss: 0.0207563 | Train Acc: 99.7649%
[Worker 1] Round 35 | Loss: 0.019274 | Train Acc: 99.6865%
[Worker 6] Round 35 | Loss: 0.0203008 | Train Acc: 99.8433%
[Worker 2] Round 35 | Loss: 0.0192823 | Train Acc: 99.8694%
[Worker 8] Round 35 | Loss: 0.0257827 | Train Acc: 99.6081%
[Worker 10] Round 35 | Loss: 0.0589677 | Train Acc: 98.6155%
[Worker 4] Round 35 | Loss: 0.0185267 | Train Acc: 99.8694%
[Worker 35] Round 35 | Loss: 0.0252473 | Train Acc: 99.6865%
[Worker 32] Round 35 | Loss: 0.0206552 | Train Acc: 99.9216%
[Worker 33] Round 35 | Loss: 0.0368513 | Train Acc: 99.6081%
[Worker 34] Round 35 | Loss: 0.0261636 | Train Acc: 99.6343%
[Worker 26] Round 35 | Loss: 0.0338581 | Train Acc: 99.6604%
[Worker 24] Round 35 | Loss: 0.043509 | Train Acc: 99.3208%
[Worker 25] Round 35 | Loss: 0.0337317 | Train Acc: 99.7388%
[Worker 27] Round 35 | Loss: 0.0382261 | Train Acc: 99.6081%
[Worker 29] Round 35 | Loss: 0.0968303 | Train Acc: 97.8318%
[Worker 31] Round 35 | Loss: 0.0257392 | Train Acc: 99.8433%
[Worker 18] Round 35 | Loss: 0.0289252 | Train Acc: 99.6604%
[Worker 23] Round 35 | Loss: 0.0260133 | Train Acc: 99.791%
[Worker 17] Round 35 | Loss: 0.0286877 | Train Acc: 99.4514%
[Worker 20] Round 35 | Loss: 0.0541363 | Train Acc: 99.1902%
[Worker 21] Round 35 | Loss: 0.0288277 | Train Acc: 99.6343%
[Worker 19] Round 35 | Loss: 0.0299209 | Train Acc: 99.6343%
[Worker 22] Round 35 | Loss: 0.0310397 | Train Acc: 99.5298%
[Worker 16] Round 35 | Loss: 0.0346432 | Train Acc: 99.4775%
[Worker 12] Round 35 | Loss: 0.0328841 | Train Acc: 99.5037%
[Worker 14] Round 35 | Loss: 0.034946 | Train Acc: 99.3992%
[Worker 15] Round 35 | Loss: 0.115176 | Train Acc: 96.9697%
[Worker 13] Round 35 | Loss: 0.0341238 | Train Acc: 99.5037%
[Worker 30] Round 35 | Loss: 0.023793 | Train Acc: 99.7649%
[Worker 28] Round 35 | Loss: 0.0386751 | Train Acc: 99.5037%
[Worker 37] Round 35 | Loss: 0.0294388 | Train Acc: 99.6604%
[Worker 44] Round 35 | Loss: 0.0320368 | Train Acc: 99.582%
[Worker 39] Round 35 | Loss: 0.0273686 | Train Acc: 99.8433%
[Worker 38] Round 35 | Loss: 0.0607917 | Train Acc: 99.0857%
[Worker 46] Round 35 | Loss: 0.0288411 | Train Acc: 99.6604%
[Worker 42] Round 35 | Loss: 0.0265426 | Train Acc: 99.6604%
[Worker 45] Round 35 | Loss: 0.0288736 | Train Acc: 99.7649%
[Worker 43] Round 35 | Loss: 0.105103 | Train Acc: 97.5967%
[Worker 41] Round 35 | Loss: 0.0270442 | Train Acc: 99.7388%
[Worker 36] Round 35 | Loss: 0.03015 | Train Acc: 99.6343%
[Worker 40] Round 35 | Loss: 0.0263218 | Train Acc: 99.7388%
[Worker 47] Round 35 | Loss: 0.0278318 | Train Acc: 99.7188%
[Central Round] 35 [Global Test Accuracy]: 88.62%
[Worker 11] Round 36 | Loss: 0.0322744 | Train Acc: 99.5037%
[Worker 9] Round 36 | Loss: 0.0201961 | Train Acc: 99.8433%
[Worker 5] Round 36 | Loss: 0.0316607 | Train Acc: 99.6343%
[Worker 1] Round 36 | Loss: 0.0200118 | Train Acc: 99.7126%
[Worker 3] Round 36 | Loss: 0.0226156 | Train Acc: 99.6865%
[Worker 7] Round 36 | Loss: 0.0203554 | Train Acc: 99.8694%
[Worker 6] Round 36 | Loss: 0.020589 | Train Acc: 99.8433%
[Worker 2] Round 36 | Loss: 0.0197445 | Train Acc: 99.7388%
[Worker 8] Round 36 | Loss: 0.0247396 | Train Acc: 99.6343%
[Worker 10] Round 36 | Loss: 0.0578697 | Train Acc: 98.6677%
[Worker 4] Round 36 | Loss: 0.0189071 | Train Acc: 99.8955%
[Worker 33] Round 36 | Loss: 0.0364357 | Train Acc: 99.6604%
[Worker 35] Round 36 | Loss: 0.0259003 | Train Acc: 99.7649%
[Worker 25] Round 36 | Loss: 0.033114 | Train Acc: 99.7649%
[Worker 27] Round 36 | Loss: 0.0385782 | Train Acc: 99.6343%
[Worker 31] Round 36 | Loss: 0.0261783 | Train Acc: 99.791%
[Worker 32] Round 36 | Loss: 0.0209966 | Train Acc: 99.8694%
[Worker 29] Round 36 | Loss: 0.0984062 | Train Acc: 97.5967%
[Worker 24] Round 36 | Loss: 0.0442338 | Train Acc: 99.2424%
[Worker 34] Round 36 | Loss: 0.0267022 | Train Acc: 99.5298%
[Worker 26] Round 36 | Loss: 0.0351307 | Train Acc: 99.5559%
[Worker 20] Round 36 | Loss: 0.0540448 | Train Acc: 99.2424%
[Worker 21] Round 36 | Loss: 0.02788 | Train Acc: 99.6865%
[Worker 19] Round 36 | Loss: 0.0295068 | Train Acc: 99.5298%
[Worker 22] Round 36 | Loss: 0.031099 | Train Acc: 99.6343%
[Worker 16] Round 36 | Loss: 0.0347107 | Train Acc: 99.5559%
[Worker 18] Round 36 | Loss: 0.0283941 | Train Acc: 99.8171%
[Worker 17] Round 36 | Loss: 0.027703 | Train Acc: 99.6343%
[Worker 23] Round 36 | Loss: 0.0251936 | Train Acc: 99.8433%
[Worker 12] Round 36 | Loss: 0.0342305 | Train Acc: 99.4253%
[Worker 14] Round 36 | Loss: 0.0353626 | Train Acc: 99.3992%
[Worker 13] Round 36 | Loss: 0.0345055 | Train Acc: 99.3469%
[Worker 15] Round 36 | Loss: 0.114575 | Train Acc: 96.7607%
[Worker 30] Round 36 | Loss: 0.0236449 | Train Acc: 99.8694%
[Worker 28] Round 36 | Loss: 0.0395097 | Train Acc: 99.5037%
[Worker 38] Round 36 | Loss: 0.06023 | Train Acc: 99.0857%
[Worker 44] Round 36 | Loss: 0.0316509 | Train Acc: 99.5298%
[Worker 39] Round 36 | Loss: 0.0262013 | Train Acc: 99.8433%
[Worker 46] Round 36 | Loss: 0.0284152 | Train Acc: 99.6604%
[Worker 37] Round 36 | Loss: 0.0293694 | Train Acc: 99.7126%
[Worker 43] Round 36 | Loss: 0.106235 | Train Acc: 97.5444%
[Worker 41] Round 36 | Loss: 0.025249 | Train Acc: 99.6865%
[Worker 42] Round 36 | Loss: 0.0251941 | Train Acc: 99.8171%
[Worker 45] Round 36 | Loss: 0.0301411 | Train Acc: 99.5559%
[Worker 40] Round 36 | Loss: 0.0275267 | Train Acc: 99.582%
[Worker 36] Round 36 | Loss: 0.0316315 | Train Acc: 99.5298%
[Worker 47] Round 36 | Loss: 0.0273337 | Train Acc: 99.6933%
[Central Round] 36 [Global Test Accuracy]: 88.67%
[Worker 3] Round 37 | Loss: 0.0219066 | Train Acc: 99.7649%
[Worker 7] Round 37 | Loss: 0.0196904 | Train Acc: 99.8694%
[Worker 10] Round 37 | Loss: 0.0584733 | Train Acc: 98.4587%
[Worker 6] Round 37 | Loss: 0.0196274 | Train Acc: 99.8433%
[Worker 2] Round 37 | Loss: 0.0196026 | Train Acc: 99.8171%
[Worker 8] Round 37 | Loss: 0.0249129 | Train Acc: 99.582%
[Worker 11] Round 37 | Loss: 0.033057 | Train Acc: 99.4775%
[Worker 9] Round 37 | Loss: 0.0204965 | Train Acc: 99.8433%
[Worker 5] Round 37 | Loss: 0.0314287 | Train Acc: 99.6604%
[Worker 1] Round 37 | Loss: 0.0192168 | Train Acc: 99.6604%
[Worker 4] Round 37 | Loss: 0.0193564 | Train Acc: 99.9216%
[Worker 33] Round 37 | Loss: 0.0371355 | Train Acc: 99.6343%
[Worker 35] Round 37 | Loss: 0.0247425 | Train Acc: 99.8171%
[Worker 18] Round 37 | Loss: 0.0298052 | Train Acc: 99.7388%
[Worker 27] Round 37 | Loss: 0.0388911 | Train Acc: 99.6865%
[Worker 20] Round 37 | Loss: 0.0535224 | Train Acc: 99.2947%
[Worker 25] Round 37 | Loss: 0.0343614 | Train Acc: 99.5559%
[Worker 22] Round 37 | Loss: 0.0303856 | Train Acc: 99.6865%
[Worker 16] Round 37 | Loss: 0.033794 | Train Acc: 99.6343%
[Worker 32] Round 37 | Loss: 0.0209671 | Train Acc: 99.8955%
[Worker 31] Round 37 | Loss: 0.0256932 | Train Acc: 99.7649%
[Worker 29] Round 37 | Loss: 0.0974072 | Train Acc: 97.7011%
[Worker 34] Round 37 | Loss: 0.0266724 | Train Acc: 99.5559%
[Worker 26] Round 37 | Loss: 0.0343828 | Train Acc: 99.5298%
[Worker 24] Round 37 | Loss: 0.0431361 | Train Acc: 99.3208%
[Worker 12] Round 37 | Loss: 0.0334546 | Train Acc: 99.373%
[Worker 14] Round 37 | Loss: 0.036147 | Train Acc: 99.3208%
[Worker 17] Round 37 | Loss: 0.0283776 | Train Acc: 99.7126%
[Worker 30] Round 37 | Loss: 0.0237191 | Train Acc: 99.8433%
[Worker 28] Round 37 | Loss: 0.0393464 | Train Acc: 99.5298%
[Worker 23] Round 37 | Loss: 0.0259504 | Train Acc: 99.7649%
[Worker 19] Round 37 | Loss: 0.0295576 | Train Acc: 99.5559%
[Worker 21] Round 37 | Loss: 0.0274758 | Train Acc: 99.7388%
[Worker 13] Round 37 | Loss: 0.0341848 | Train Acc: 99.373%
[Worker 15] Round 37 | Loss: 0.114706 | Train Acc: 96.8391%
[Worker 39] Round 37 | Loss: 0.0273025 | Train Acc: 99.6081%
[Worker 45] Round 37 | Loss: 0.0288801 | Train Acc: 99.6865%
[Worker 46] Round 37 | Loss: 0.0285811 | Train Acc: 99.7388%
[Worker 38] Round 37 | Loss: 0.0608357 | Train Acc: 98.9551%
[Worker 44] Round 37 | Loss: 0.031247 | Train Acc: 99.4775%
[Worker 37] Round 37 | Loss: 0.0288791 | Train Acc: 99.6604%
[Worker 36] Round 37 | Loss: 0.0304968 | Train Acc: 99.6081%
[Worker 43] Round 37 | Loss: 0.106898 | Train Acc: 97.3877%
[Worker 41] Round 37 | Loss: 0.0267888 | Train Acc: 99.6865%
[Worker 42] Round 37 | Loss: 0.0283294 | Train Acc: 99.6343%
[Worker 40] Round 37 | Loss: 0.0282196 | Train Acc: 99.582%
[Worker 47] Round 37 | Loss: 0.0288865 | Train Acc: 99.6166%
[Central Round] 37 [Global Test Accuracy]: 88.73%
[Worker 11] Round 38 | Loss: 0.0333992 | Train Acc: 99.2947%
[Worker 9] Round 38 | Loss: 0.019792 | Train Acc: 99.8433%
[Worker 5] Round 38 | Loss: 0.0303841 | Train Acc: 99.6343%
[Worker 3] Round 38 | Loss: 0.0228255 | Train Acc: 99.791%
[Worker 7] Round 38 | Loss: 0.0206174 | Train Acc: 99.8171%
[Worker 1] Round 38 | Loss: 0.0188733 | Train Acc: 99.7388%
[Worker 8] Round 38 | Loss: 0.0255114 | Train Acc: 99.5559%
[Worker 10] Round 38 | Loss: 0.0580583 | Train Acc: 98.5371%
[Worker 6] Round 38 | Loss: 0.0206485 | Train Acc: 99.8171%
[Worker 2] Round 38 | Loss: 0.0190901 | Train Acc: 99.9478%
[Worker 4] Round 38 | Loss: 0.0193545 | Train Acc: 99.8955%
[Worker 33] Round 38 | Loss: 0.0372576 | Train Acc: 99.6343%
[Worker 35] Round 38 | Loss: 0.0246407 | Train Acc: 99.8433%
[Worker 32] Round 38 | Loss: 0.0213227 | Train Acc: 99.8694%
[Worker 16] Round 38 | Loss: 0.0347939 | Train Acc: 99.4253%
[Worker 34] Round 38 | Loss: 0.0271231 | Train Acc: 99.6081%
[Worker 25] Round 38 | Loss: 0.0330437 | Train Acc: 99.6604%
[Worker 24] Round 38 | Loss: 0.0430801 | Train Acc: 99.2947%
[Worker 18] Round 38 | Loss: 0.0286397 | Train Acc: 99.7649%
[Worker 26] Round 38 | Loss: 0.0342401 | Train Acc: 99.7126%
[Worker 27] Round 38 | Loss: 0.0383793 | Train Acc: 99.7126%
[Worker 20] Round 38 | Loss: 0.0525853 | Train Acc: 99.3469%
[Worker 22] Round 38 | Loss: 0.0299682 | Train Acc: 99.6865%
[Worker 21] Round 38 | Loss: 0.0281079 | Train Acc: 99.582%
[Worker 19] Round 38 | Loss: 0.0304627 | Train Acc: 99.5559%
[Worker 23] Round 38 | Loss: 0.0255729 | Train Acc: 99.8171%
[Worker 14] Round 38 | Loss: 0.0346152 | Train Acc: 99.373%
[Worker 12] Round 38 | Loss: 0.0338167 | Train Acc: 99.5559%
[Worker 13] Round 38 | Loss: 0.0346038 | Train Acc: 99.4514%
[Worker 17] Round 38 | Loss: 0.0293316 | Train Acc: 99.5298%
[Worker 31] Round 38 | Loss: 0.0252325 | Train Acc: 99.8694%
[Worker 15] Round 38 | Loss: 0.114562 | Train Acc: 96.8652%
[Worker 29] Round 38 | Loss: 0.096441 | Train Acc: 97.7534%
[Worker 30] Round 38 | Loss: 0.0238754 | Train Acc: 99.791%
[Worker 28] Round 38 | Loss: 0.039209 | Train Acc: 99.4514%
[Worker 39] Round 38 | Loss: 0.0277785 | Train Acc: 99.7126%
[Worker 45] Round 38 | Loss: 0.0287987 | Train Acc: 99.7126%
[Worker 42] Round 38 | Loss: 0.027823 | Train Acc: 99.5559%
[Worker 37] Round 38 | Loss: 0.0295499 | Train Acc: 99.582%
[Worker 38] Round 38 | Loss: 0.0603685 | Train Acc: 99.0073%
[Worker 44] Round 38 | Loss: 0.0324634 | Train Acc: 99.5037%
[Worker 46] Round 38 | Loss: 0.0286518 | Train Acc: 99.6604%
[Worker 36] Round 38 | Loss: 0.0301194 | Train Acc: 99.6343%
[Worker 43] Round 38 | Loss: 0.104353 | Train Acc: 97.3354%
[Worker 41] Round 38 | Loss: 0.0266288 | Train Acc: 99.582%
[Worker 40] Round 38 | Loss: 0.0269562 | Train Acc: 99.6604%
[Worker 47] Round 38 | Loss: 0.0281209 | Train Acc: 99.6677%
[Central Round] 38 [Global Test Accuracy]: 88.77%
[Worker 5] Round 39 | Loss: 0.0309909 | Train Acc: 99.6343%
[Worker 3] Round 39 | Loss: 0.0222916 | Train Acc: 99.6865%
[Worker 10] Round 39 | Loss: 0.0581806 | Train Acc: 98.5893%
[Worker 7] Round 39 | Loss: 0.0204556 | Train Acc: 99.8433%
[Worker 1] Round 39 | Loss: 0.0190762 | Train Acc: 99.7388%
[Worker 11] Round 39 | Loss: 0.0327146 | Train Acc: 99.4775%
[Worker 9] Round 39 | Loss: 0.0205685 | Train Acc: 99.8694%
[Worker 2] Round 39 | Loss: 0.0191434 | Train Acc: 99.8171%
[Worker 8] Round 39 | Loss: 0.0247293 | Train Acc: 99.6343%
[Worker 6] Round 39 | Loss: 0.0203096 | Train Acc: 99.8433%
[Worker 4] Round 39 | Loss: 0.0198142 | Train Acc: 99.7649%
[Worker 35] Round 39 | Loss: 0.0250766 | Train Acc: 99.791%
[Worker 33] Round 39 | Loss: 0.0356938 | Train Acc: 99.7126%
[Worker 32] Round 39 | Loss: 0.0203914 | Train Acc: 99.9478%
[Worker 34] Round 39 | Loss: 0.0258942 | Train Acc: 99.6604%
[Worker 25] Round 39 | Loss: 0.0330465 | Train Acc: 99.582%
[Worker 26] Round 39 | Loss: 0.033627 | Train Acc: 99.6865%
[Worker 27] Round 39 | Loss: 0.0387553 | Train Acc: 99.6081%
[Worker 24] Round 39 | Loss: 0.0431873 | Train Acc: 99.2685%
[Worker 29] Round 39 | Loss: 0.0963657 | Train Acc: 97.7795%
[Worker 31] Round 39 | Loss: 0.0261548 | Train Acc: 99.7649%
[Worker 17] Round 39 | Loss: 0.0278817 | Train Acc: 99.7649%
[Worker 19] Round 39 | Loss: 0.0298955 | Train Acc: 99.6343%
[Worker 23] Round 39 | Loss: 0.0252313 | Train Acc: 99.8955%
[Worker 21] Round 39 | Loss: 0.0285403 | Train Acc: 99.6604%
[Worker 16] Round 39 | Loss: 0.0343215 | Train Acc: 99.5559%
[Worker 18] Round 39 | Loss: 0.0295953 | Train Acc: 99.7388%
[Worker 20] Round 39 | Loss: 0.0530409 | Train Acc: 99.2685%
[Worker 22] Round 39 | Loss: 0.0301744 | Train Acc: 99.7126%
[Worker 13] Round 39 | Loss: 0.0334297 | Train Acc: 99.5298%
[Worker 15] Round 39 | Loss: 0.113776 | Train Acc: 96.813%
[Worker 12] Round 39 | Loss: 0.0340165 | Train Acc: 99.373%
[Worker 14] Round 39 | Loss: 0.0359675 | Train Acc: 99.3469%
[Worker 30] Round 39 | Loss: 0.0237712 | Train Acc: 99.6865%
[Worker 28] Round 39 | Loss: 0.0387894 | Train Acc: 99.5559%
[Worker 39] Round 39 | Loss: 0.0273384 | Train Acc: 99.7126%
[Worker 44] Round 39 | Loss: 0.0306944 | Train Acc: 99.5559%
[Worker 38] Round 39 | Loss: 0.0602177 | Train Acc: 99.1902%
[Worker 46] Round 39 | Loss: 0.0301968 | Train Acc: 99.5037%
[Worker 43] Round 39 | Loss: 0.10434 | Train Acc: 97.5444%
[Worker 45] Round 39 | Loss: 0.0295704 | Train Acc: 99.6865%
[Worker 42] Round 39 | Loss: 0.0267936 | Train Acc: 99.7388%
[Worker 37] Round 39 | Loss: 0.0289562 | Train Acc: 99.6343%
[Worker 41] Round 39 | Loss: 0.0260419 | Train Acc: 99.7388%
[Worker 36] Round 39 | Loss: 0.030764 | Train Acc: 99.5037%
[Worker 40] Round 39 | Loss: 0.0270872 | Train Acc: 99.6343%
[Worker 47] Round 39 | Loss: 0.0293783 | Train Acc: 99.5143%
[Central Round] 39 [Global Test Accuracy]: 88.84%
[Worker 5] Round 40 | Loss: 0.0307391 | Train Acc: 99.6865%
[Worker 3] Round 40 | Loss: 0.0214882 | Train Acc: 99.6604%
[Worker 1] Round 40 | Loss: 0.0189226 | Train Acc: 99.7388%
[Worker 9] Round 40 | Loss: 0.0203155 | Train Acc: 99.7649%
[Worker 11] Round 40 | Loss: 0.0322694 | Train Acc: 99.373%
[Worker 7] Round 40 | Loss: 0.020724 | Train Acc: 99.791%
[Worker 2] Round 40 | Loss: 0.0191923 | Train Acc: 99.8955%
[Worker 10] Round 40 | Loss: 0.0571714 | Train Acc: 98.6155%
[Worker 8] Round 40 | Loss: 0.0260848 | Train Acc: 99.5298%
[Worker 6] Round 40 | Loss: 0.0210938 | Train Acc: 99.7388%
[Worker 4] Round 40 | Loss: 0.0191937 | Train Acc: 99.8171%
[Worker 32] Round 40 | Loss: 0.0205493 | Train Acc: 99.9478%
[Worker 33] Round 40 | Loss: 0.0361119 | Train Acc: 99.582%
[Worker 35] Round 40 | Loss: 0.0246372 | Train Acc: 99.791%
[Worker 34] Round 40 | Loss: 0.0263195 | Train Acc: 99.582%
[Worker 25] Round 40 | Loss: 0.0329101 | Train Acc: 99.791%
[Worker 19] Round 40 | Loss: 0.0304378 | Train Acc: 99.4775%
[Worker 21] Round 40 | Loss: 0.0286143 | Train Acc: 99.6343%
[Worker 23] Round 40 | Loss: 0.0266057 | Train Acc: 99.7126%
[Worker 17] Round 40 | Loss: 0.0272356 | Train Acc: 99.7649%
[Worker 18] Round 40 | Loss: 0.0302587 | Train Acc: 99.7126%
[Worker 16] Round 40 | Loss: 0.0351711 | Train Acc: 99.5298%
[Worker 20] Round 40 | Loss: 0.0527237 | Train Acc: 99.3208%
[Worker 15] Round 40 | Loss: 0.114316 | Train Acc: 96.8391%
[Worker 22] Round 40 | Loss: 0.0309135 | Train Acc: 99.6604%
[Worker 13] Round 40 | Loss: 0.0339116 | Train Acc: 99.582%
[Worker 12] Round 40 | Loss: 0.0346271 | Train Acc: 99.4253%
[Worker 14] Round 40 | Loss: 0.0352955 | Train Acc: 99.4514%
[Worker 24] Round 40 | Loss: 0.042771 | Train Acc: 99.3208%
[Worker 26] Round 40 | Loss: 0.0332192 | Train Acc: 99.7388%
[Worker 27] Round 40 | Loss: 0.0390588 | Train Acc: 99.582%
[Worker 29] Round 40 | Loss: 0.0970259 | Train Acc: 97.8056%
[Worker 31] Round 40 | Loss: 0.0267853 | Train Acc: 99.7649%
[Worker 30] Round 40 | Loss: 0.0232565 | Train Acc: 99.9216%
[Worker 28] Round 40 | Loss: 0.0401938 | Train Acc: 99.4253%
[Worker 39] Round 40 | Loss: 0.0284367 | Train Acc: 99.6865%
[Worker 44] Round 40 | Loss: 0.0296818 | Train Acc: 99.5559%
[Worker 38] Round 40 | Loss: 0.0592427 | Train Acc: 99.1641%
[Worker 37] Round 40 | Loss: 0.0283526 | Train Acc: 99.6865%
[Worker 46] Round 40 | Loss: 0.0284897 | Train Acc: 99.7126%
[Worker 45] Round 40 | Loss: 0.0294836 | Train Acc: 99.6081%
[Worker 42] Round 40 | Loss: 0.028051 | Train Acc: 99.6081%
[Worker 41] Round 40 | Loss: 0.0261933 | Train Acc: 99.7649%
[Worker 36] Round 40 | Loss: 0.030415 | Train Acc: 99.6604%
[Worker 43] Round 40 | Loss: 0.103899 | Train Acc: 97.5967%
[Worker 40] Round 40 | Loss: 0.0267881 | Train Acc: 99.6604%
[Worker 47] Round 40 | Loss: 0.0275284 | Train Acc: 99.6677%
[Central Round] 40 [Global Test Accuracy]: 88.92%
[Worker 11] Round 41 | Loss: 0.0327173 | Train Acc: 99.3992%
[Worker 9] Round 41 | Loss: 0.0203925 | Train Acc: 99.791%
[Worker 1] Round 41 | Loss: 0.0189888 | Train Acc: 99.791%
[Worker 7] Round 41 | Loss: 0.0203856 | Train Acc: 99.7649%
[Worker 5] Round 41 | Loss: 0.0304053 | Train Acc: 99.582%
[Worker 3] Round 41 | Loss: 0.0217882 | Train Acc: 99.7649%
[Worker 10] Round 41 | Loss: 0.0566303 | Train Acc: 98.5632%
[Worker 8] Round 41 | Loss: 0.0254651 | Train Acc: 99.6604%
[Worker 6] Round 41 | Loss: 0.0201593 | Train Acc: 99.8433%
[Worker 2] Round 41 | Loss: 0.0188485 | Train Acc: 99.8694%
[Worker 4] Round 41 | Loss: 0.0185932 | Train Acc: 99.9478%
[Worker 35] Round 41 | Loss: 0.0241875 | Train Acc: 99.791%
[Worker 33] Round 41 | Loss: 0.035899 | Train Acc: 99.6343%
[Worker 32] Round 41 | Loss: 0.0206041 | Train Acc: 99.9478%
[Worker 25] Round 41 | Loss: 0.0346973 | Train Acc: 99.5298%
[Worker 27] Round 41 | Loss: 0.0384567 | Train Acc: 99.6081%
[Worker 31] Round 41 | Loss: 0.0249536 | Train Acc: 99.8171%
[Worker 29] Round 41 | Loss: 0.0954884 | Train Acc: 97.8579%
[Worker 34] Round 41 | Loss: 0.0269752 | Train Acc: 99.4775%
[Worker 24] Round 41 | Loss: 0.0424898 | Train Acc: 99.3208%
[Worker 26] Round 41 | Loss: 0.0341735 | Train Acc: 99.6081%
[Worker 17] Round 41 | Loss: 0.0285916 | Train Acc: 99.7126%
[Worker 19] Round 41 | Loss: 0.0297397 | Train Acc: 99.6343%
[Worker 21] Round 41 | Loss: 0.027324 | Train Acc: 99.7126%
[Worker 23] Round 41 | Loss: 0.0257488 | Train Acc: 99.8171%
[Worker 22] Round 41 | Loss: 0.029956 | Train Acc: 99.6343%
[Worker 16] Round 41 | Loss: 0.0342064 | Train Acc: 99.5559%
[Worker 20] Round 41 | Loss: 0.052981 | Train Acc: 99.1902%
[Worker 18] Round 41 | Loss: 0.0298091 | Train Acc: 99.582%
[Worker 13] Round 41 | Loss: 0.034854 | Train Acc: 99.4514%
[Worker 15] Round 41 | Loss: 0.113588 | Train Acc: 96.9436%
[Worker 14] Round 41 | Loss: 0.0352043 | Train Acc: 99.2685%
[Worker 12] Round 41 | Loss: 0.0340553 | Train Acc: 99.5298%
[Worker 30] Round 41 | Loss: 0.0242629 | Train Acc: 99.8171%
[Worker 28] Round 41 | Loss: 0.0379801 | Train Acc: 99.582%
[Worker 46] Round 41 | Loss: 0.0292268 | Train Acc: 99.582%
[Worker 44] Round 41 | Loss: 0.0305742 | Train Acc: 99.582%
[Worker 38] Round 41 | Loss: 0.058762 | Train Acc: 99.1118%
[Worker 42] Round 41 | Loss: 0.0273247 | Train Acc: 99.6343%
[Worker 39] Round 41 | Loss: 0.027924 | Train Acc: 99.791%
[Worker 36] Round 41 | Loss: 0.0307706 | Train Acc: 99.5037%
[Worker 37] Round 41 | Loss: 0.0299933 | Train Acc: 99.5298%
[Worker 45] Round 41 | Loss: 0.0299399 | Train Acc: 99.6343%
[Worker 43] Round 41 | Loss: 0.102647 | Train Acc: 97.6228%
[Worker 40] Round 41 | Loss: 0.0275983 | Train Acc: 99.6343%
[Worker 41] Round 41 | Loss: 0.0256965 | Train Acc: 99.8171%
[Worker 47] Round 41 | Loss: 0.0278546 | Train Acc: 99.7188%
[Central Round] 41 [Global Test Accuracy]: 88.96%
[Worker 11] Round 42 | Loss: 0.0325074 | Train Acc: 99.4775%
[Worker 9] Round 42 | Loss: 0.0200485 | Train Acc: 99.791%
[Worker 1] Round 42 | Loss: 0.018678 | Train Acc: 99.7649%
[Worker 7] Round 42 | Loss: 0.0207869 | Train Acc: 99.7649%
[Worker 3] Round 42 | Loss: 0.021534 | Train Acc: 99.7126%
[Worker 5] Round 42 | Loss: 0.0310275 | Train Acc: 99.6343%
[Worker 6] Round 42 | Loss: 0.0199632 | Train Acc: 99.8433%
[Worker 10] Round 42 | Loss: 0.057424 | Train Acc: 98.6677%
[Worker 2] Round 42 | Loss: 0.0198514 | Train Acc: 99.8171%
[Worker 8] Round 42 | Loss: 0.0249582 | Train Acc: 99.582%
[Worker 4] Round 42 | Loss: 0.0191019 | Train Acc: 99.8171%
[Worker 33] Round 42 | Loss: 0.0354748 | Train Acc: 99.6604%
[Worker 35] Round 42 | Loss: 0.024932 | Train Acc: 99.7649%
[Worker 32] Round 42 | Loss: 0.0204884 | Train Acc: 99.9478%
[Worker 25] Round 42 | Loss: 0.0333541 | Train Acc: 99.6343%
[Worker 27] Round 42 | Loss: 0.0388108 | Train Acc: 99.4775%
[Worker 26] Round 42 | Loss: 0.0333454 | Train Acc: 99.6604%
[Worker 16] Round 42 | Loss: 0.0351368 | Train Acc: 99.5298%
[Worker 18] Round 42 | Loss: 0.0296079 | Train Acc: 99.5559%
[Worker 31] Round 42 | Loss: 0.0257943 | Train Acc: 99.791%
[Worker 17] Round 42 | Loss: 0.0290579 | Train Acc: 99.6604%
[Worker 20] Round 42 | Loss: 0.0517594 | Train Acc: 99.3469%
[Worker 22] Round 42 | Loss: 0.0308301 | Train Acc: 99.6604%
[Worker 23] Round 42 | Loss: 0.0255943 | Train Acc: 99.791%
[Worker 19] Round 42 | Loss: 0.0308877 | Train Acc: 99.4253%
[Worker 21] Round 42 | Loss: 0.0279285 | Train Acc: 99.6865%
[Worker 13] Round 42 | Loss: 0.0340751 | Train Acc: 99.3992%
[Worker 29] Round 42 | Loss: 0.0956822 | Train Acc: 97.675%
[Worker 14] Round 42 | Loss: 0.0356462 | Train Acc: 99.3992%
[Worker 24] Round 42 | Loss: 0.042954 | Train Acc: 99.2685%
[Worker 12] Round 42 | Loss: 0.035208 | Train Acc: 99.373%
[Worker 34] Round 42 | Loss: 0.0267355 | Train Acc: 99.6081%
[Worker 15] Round 42 | Loss: 0.113189 | Train Acc: 96.8913%
[Worker 30] Round 42 | Loss: 0.0235411 | Train Acc: 99.8694%
[Worker 28] Round 42 | Loss: 0.0381186 | Train Acc: 99.582%
[Worker 38] Round 42 | Loss: 0.0598324 | Train Acc: 99.1118%
[Worker 39] Round 42 | Loss: 0.0289406 | Train Acc: 99.7126%
[Worker 37] Round 42 | Loss: 0.0287852 | Train Acc: 99.6604%
[Worker 44] Round 42 | Loss: 0.0316629 | Train Acc: 99.4514%
[Worker 42] Round 42 | Loss: 0.0272972 | Train Acc: 99.6343%
[Worker 46] Round 42 | Loss: 0.0292082 | Train Acc: 99.6865%
[Worker 45] Round 42 | Loss: 0.0292308 | Train Acc: 99.7126%
[Worker 43] Round 42 | Loss: 0.102938 | Train Acc: 97.675%
[Worker 36] Round 42 | Loss: 0.0313802 | Train Acc: 99.582%
[Worker 41] Round 42 | Loss: 0.0268086 | Train Acc: 99.7126%
[Worker 40] Round 42 | Loss: 0.0273069 | Train Acc: 99.582%
[Worker 47] Round 42 | Loss: 0.028541 | Train Acc: 99.6421%
[Central Round] 42 [Global Test Accuracy]: 88.94%
[Worker 9] Round 43 | Loss: 0.0207815 | Train Acc: 99.8433%
[Worker 1] Round 43 | Loss: 0.0188902 | Train Acc: 99.7126%
[Worker 5] Round 43 | Loss: 0.0300049 | Train Acc: 99.6081%
[Worker 7] Round 43 | Loss: 0.0206064 | Train Acc: 99.7388%
[Worker 3] Round 43 | Loss: 0.0218679 | Train Acc: 99.7649%
[Worker 11] Round 43 | Loss: 0.0320019 | Train Acc: 99.4514%
[Worker 8] Round 43 | Loss: 0.0262711 | Train Acc: 99.5298%
[Worker 6] Round 43 | Loss: 0.0194828 | Train Acc: 99.791%
[Worker 2] Round 43 | Loss: 0.0192636 | Train Acc: 99.8171%
[Worker 10] Round 43 | Loss: 0.0571401 | Train Acc: 98.6677%
[Worker 4] Round 43 | Loss: 0.0190221 | Train Acc: 99.8694%
[Worker 35] Round 43 | Loss: 0.0243216 | Train Acc: 99.8694%
[Worker 33] Round 43 | Loss: 0.0356558 | Train Acc: 99.5559%
[Worker 32] Round 43 | Loss: 0.0207257 | Train Acc: 99.8433%
[Worker 34] Round 43 | Loss: 0.0266912 | Train Acc: 99.582%
[Worker 25] Round 43 | Loss: 0.0337262 | Train Acc: 99.6081%
[Worker 24] Round 43 | Loss: 0.0425145 | Train Acc: 99.1902%
[Worker 29] Round 43 | Loss: 0.0959389 | Train Acc: 97.7795%
[Worker 26] Round 43 | Loss: 0.0344723 | Train Acc: 99.5298%
[Worker 31] Round 43 | Loss: 0.0257208 | Train Acc: 99.791%
[Worker 20] Round 43 | Loss: 0.0521134 | Train Acc: 99.2424%
[Worker 16] Round 43 | Loss: 0.0346546 | Train Acc: 99.5298%
[Worker 18] Round 43 | Loss: 0.0296618 | Train Acc: 99.6343%
[Worker 23] Round 43 | Loss: 0.0258659 | Train Acc: 99.7649%
[Worker 19] Round 43 | Loss: 0.0307113 | Train Acc: 99.5559%
[Worker 17] Round 43 | Loss: 0.0285288 | Train Acc: 99.6343%
[Worker 21] Round 43 | Loss: 0.0287664 | Train Acc: 99.582%
[Worker 22] Round 43 | Loss: 0.0312481 | Train Acc: 99.5298%
[Worker 13] Round 43 | Loss: 0.0344856 | Train Acc: 99.4514%
[Worker 12] Round 43 | Loss: 0.0349779 | Train Acc: 99.3208%
[Worker 14] Round 43 | Loss: 0.0361455 | Train Acc: 99.4253%
[Worker 15] Round 43 | Loss: 0.112731 | Train Acc: 96.8391%
[Worker 27] Round 43 | Loss: 0.0381861 | Train Acc: 99.5298%
[Worker 30] Round 43 | Loss: 0.0237199 | Train Acc: 99.7126%
[Worker 28] Round 43 | Loss: 0.0395902 | Train Acc: 99.373%
[Worker 38] Round 43 | Loss: 0.0588138 | Train Acc: 98.8767%
[Worker 39] Round 43 | Loss: 0.028014 | Train Acc: 99.6081%
[Worker 44] Round 43 | Loss: 0.0317588 | Train Acc: 99.5298%
[Worker 37] Round 43 | Loss: 0.0295009 | Train Acc: 99.6081%
[Worker 45] Round 43 | Loss: 0.030378 | Train Acc: 99.582%
[Worker 46] Round 43 | Loss: 0.0281848 | Train Acc: 99.6865%
[Worker 42] Round 43 | Loss: 0.0273432 | Train Acc: 99.582%
[Worker 36] Round 43 | Loss: 0.0307748 | Train Acc: 99.6081%
[Worker 41] Round 43 | Loss: 0.0263039 | Train Acc: 99.6604%
[Worker 43] Round 43 | Loss: 0.102767 | Train Acc: 97.5967%
[Worker 40] Round 43 | Loss: 0.0273208 | Train Acc: 99.6604%
[Worker 47] Round 43 | Loss: 0.0269989 | Train Acc: 99.7444%
[Central Round] 43 [Global Test Accuracy]: 88.99%
[Worker 3] Round 44 | Loss: 0.0219434 | Train Acc: 99.7649%
[Worker 9] Round 44 | Loss: 0.0201542 | Train Acc: 99.8171%
[Worker 1] Round 44 | Loss: 0.0186037 | Train Acc: 99.7388%
[Worker 5] Round 44 | Loss: 0.0304825 | Train Acc: 99.6604%
[Worker 11] Round 44 | Loss: 0.0329488 | Train Acc: 99.4253%
[Worker 7] Round 44 | Loss: 0.020367 | Train Acc: 99.791%
[Worker 6] Round 44 | Loss: 0.0198758 | Train Acc: 99.8171%
[Worker 2] Round 44 | Loss: 0.0192248 | Train Acc: 99.8955%
[Worker 8] Round 44 | Loss: 0.0250934 | Train Acc: 99.6343%
[Worker 10] Round 44 | Loss: 0.056713 | Train Acc: 98.5632%
[Worker 4] Round 44 | Loss: 0.0184797 | Train Acc: 99.8694%
[Worker 33] Round 44 | Loss: 0.0354195 | Train Acc: 99.5298%
[Worker 35] Round 44 | Loss: 0.0248794 | Train Acc: 99.7126%
[Worker 32] Round 44 | Loss: 0.0205046 | Train Acc: 99.8433%
[Worker 34] Round 44 | Loss: 0.0264031 | Train Acc: 99.6081%
[Worker 27] Round 44 | Loss: 0.0385319 | Train Acc: 99.5037%
[Worker 25] Round 44 | Loss: 0.0332247 | Train Acc: 99.6604%
[Worker 31] Round 44 | Loss: 0.0259941 | Train Acc: 99.7388%
[Worker 29] Round 44 | Loss: 0.0961876 | Train Acc: 97.7011%
[Worker 24] Round 44 | Loss: 0.0425044 | Train Acc: 99.2685%
[Worker 26] Round 44 | Loss: 0.0335369 | Train Acc: 99.582%
[Worker 22] Round 44 | Loss: 0.0297142 | Train Acc: 99.6343%
[Worker 20] Round 44 | Loss: 0.0519786 | Train Acc: 99.2947%
[Worker 16] Round 44 | Loss: 0.0351699 | Train Acc: 99.4775%
[Worker 18] Round 44 | Loss: 0.0288933 | Train Acc: 99.582%
[Worker 19] Round 44 | Loss: 0.0306541 | Train Acc: 99.5559%
[Worker 17] Round 44 | Loss: 0.027529 | Train Acc: 99.6343%
[Worker 23] Round 44 | Loss: 0.0257584 | Train Acc: 99.7388%
[Worker 21] Round 44 | Loss: 0.0284148 | Train Acc: 99.5559%
[Worker 13] Round 44 | Loss: 0.0352393 | Train Acc: 99.3992%
[Worker 14] Round 44 | Loss: 0.0356591 | Train Acc: 99.3992%
[Worker 30] Round 44 | Loss: 0.0239749 | Train Acc: 99.8694%
[Worker 12] Round 44 | Loss: 0.0346255 | Train Acc: 99.4514%
[Worker 15] Round 44 | Loss: 0.112425 | Train Acc: 96.9436%
[Worker 28] Round 44 | Loss: 0.0380523 | Train Acc: 99.5559%
[Worker 44] Round 44 | Loss: 0.0311401 | Train Acc: 99.5037%
[Worker 37] Round 44 | Loss: 0.0291919 | Train Acc: 99.582%
[Worker 38] Round 44 | Loss: 0.0584891 | Train Acc: 99.1902%
[Worker 39] Round 44 | Loss: 0.0278287 | Train Acc: 99.7126%
[Worker 43] Round 44 | Loss: 0.101212 | Train Acc: 97.7795%
[Worker 36] Round 44 | Loss: 0.0310597 | Train Acc: 99.5037%
[Worker 45] Round 44 | Loss: 0.0296673 | Train Acc: 99.4514%
[Worker 42] Round 44 | Loss: 0.0276669 | Train Acc: 99.7126%
[Worker 46] Round 44 | Loss: 0.0290862 | Train Acc: 99.6343%
[Worker 41] Round 44 | Loss: 0.0268574 | Train Acc: 99.6343%
[Worker 40] Round 44 | Loss: 0.0269115 | Train Acc: 99.6343%
[Worker 47] Round 44 | Loss: 0.0280292 | Train Acc: 99.6421%
[Central Round] 44 [Global Test Accuracy]: 89.05%
[Worker 7] Round 45 | Loss: 0.0202784 | Train Acc: 99.7388%
[Worker 3] Round 45 | Loss: 0.0217601 | Train Acc: 99.7388%
[Worker 1] Round 45 | Loss: 0.0186486 | Train Acc: 99.7649%
[Worker 5] Round 45 | Loss: 0.0305045 | Train Acc: 99.6343%
[Worker 11] Round 45 | Loss: 0.0333017 | Train Acc: 99.4253%
[Worker 2] Round 45 | Loss: 0.0193342 | Train Acc: 99.8955%
[Worker 8] Round 45 | Loss: 0.0250435 | Train Acc: 99.5559%
[Worker 9] Round 45 | Loss: 0.0200174 | Train Acc: 99.7388%
[Worker 6] Round 45 | Loss: 0.0203558 | Train Acc: 99.791%
[Worker 10] Round 45 | Loss: 0.0567427 | Train Acc: 98.6155%
[Worker 4] Round 45 | Loss: 0.0188473 | Train Acc: 99.8694%
[Worker 33] Round 45 | Loss: 0.0356959 | Train Acc: 99.6865%
[Worker 35] Round 45 | Loss: 0.0243852 | Train Acc: 99.7649%
[Worker 32] Round 45 | Loss: 0.0203915 | Train Acc: 99.8171%
[Worker 34] Round 45 | Loss: 0.0260718 | Train Acc: 99.6865%
[Worker 24] Round 45 | Loss: 0.0427595 | Train Acc: 99.1902%
[Worker 25] Round 45 | Loss: 0.0328995 | Train Acc: 99.7388%
[Worker 26] Round 45 | Loss: 0.034012 | Train Acc: 99.7388%
[Worker 27] Round 45 | Loss: 0.0375392 | Train Acc: 99.6343%
[Worker 29] Round 45 | Loss: 0.0952375 | Train Acc: 97.7795%
[Worker 31] Round 45 | Loss: 0.0261447 | Train Acc: 99.7388%
[Worker 22] Round 45 | Loss: 0.0312268 | Train Acc: 99.6081%
[Worker 20] Round 45 | Loss: 0.0515353 | Train Acc: 99.2947%
[Worker 16] Round 45 | Loss: 0.03509 | Train Acc: 99.5037%
[Worker 30] Round 45 | Loss: 0.023011 | Train Acc: 99.7388%
[Worker 17] Round 45 | Loss: 0.0290716 | Train Acc: 99.6081%
[Worker 18] Round 45 | Loss: 0.029941 | Train Acc: 99.5037%
[Worker 19] Round 45 | Loss: 0.0300572 | Train Acc: 99.5559%
[Worker 23] Round 45 | Loss: 0.0252546 | Train Acc: 99.8433%
[Worker 21] Round 45 | Loss: 0.0279649 | Train Acc: 99.6081%
[Worker 12] Round 45 | Loss: 0.0342016 | Train Acc: 99.4775%
[Worker 14] Round 45 | Loss: 0.0362897 | Train Acc: 99.2947%
[Worker 13] Round 45 | Loss: 0.0344983 | Train Acc: 99.3992%
[Worker 15] Round 45 | Loss: 0.111798 | Train Acc: 96.9436%
[Worker 28] Round 45 | Loss: 0.0382448 | Train Acc: 99.5298%
[Worker 39] Round 45 | Loss: 0.0280105 | Train Acc: 99.6604%
[Worker 37] Round 45 | Loss: 0.0291859 | Train Acc: 99.5037%
[Worker 38] Round 45 | Loss: 0.0588948 | Train Acc: 99.0857%
[Worker 42] Round 45 | Loss: 0.0286159 | Train Acc: 99.5037%
[Worker 46] Round 45 | Loss: 0.0288044 | Train Acc: 99.6604%
[Worker 43] Round 45 | Loss: 0.102237 | Train Acc: 97.5183%
[Worker 36] Round 45 | Loss: 0.0311338 | Train Acc: 99.5037%
[Worker 45] Round 45 | Loss: 0.0304304 | Train Acc: 99.5037%
[Worker 44] Round 45 | Loss: 0.0313477 | Train Acc: 99.5037%
[Worker 41] Round 45 | Loss: 0.0257936 | Train Acc: 99.7126%
[Worker 40] Round 45 | Loss: 0.0278319 | Train Acc: 99.5037%
[Worker 47] Round 45 | Loss: 0.0278919 | Train Acc: 99.591%
[Central Round] 45 [Global Test Accuracy]: 89.09%
[Worker 7] Round 46 | Loss: 0.0211484 | Train Acc: 99.7649%
[Worker 3] Round 46 | Loss: 0.0210739 | Train Acc: 99.791%
[Worker 1] Round 46 | Loss: 0.0185567 | Train Acc: 99.8171%
[Worker 11] Round 46 | Loss: 0.0326737 | Train Acc: 99.2685%
[Worker 5] Round 46 | Loss: 0.0298993 | Train Acc: 99.7126%
[Worker 9] Round 46 | Loss: 0.0201638 | Train Acc: 99.8171%
[Worker 10] Round 46 | Loss: 0.0571308 | Train Acc: 98.6155%
[Worker 6] Round 46 | Loss: 0.0211356 | Train Acc: 99.7388%
[Worker 8] Round 46 | Loss: 0.0252228 | Train Acc: 99.582%
[Worker 2] Round 46 | Loss: 0.0191521 | Train Acc: 99.8694%
[Worker 4] Round 46 | Loss: 0.0193426 | Train Acc: 99.8694%
[Worker 33] Round 46 | Loss: 0.0346535 | Train Acc: 99.6604%
[Worker 35] Round 46 | Loss: 0.0245452 | Train Acc: 99.7649%
[Worker 32] Round 46 | Loss: 0.0212687 | Train Acc: 99.791%
[Worker 34] Round 46 | Loss: 0.0267342 | Train Acc: 99.5559%
[Worker 24] Round 46 | Loss: 0.0427862 | Train Acc: 99.3208%
[Worker 26] Round 46 | Loss: 0.0335857 | Train Acc: 99.6865%
[Worker 16] Round 46 | Loss: 0.0355358 | Train Acc: 99.4514%
[Worker 18] Round 46 | Loss: 0.030237 | Train Acc: 99.6604%
[Worker 22] Round 46 | Loss: 0.0299967 | Train Acc: 99.6604%
[Worker 20] Round 46 | Loss: 0.0515958 | Train Acc: 99.1902%
[Worker 19] Round 46 | Loss: 0.02963 | Train Acc: 99.5559%
[Worker 23] Round 46 | Loss: 0.0262054 | Train Acc: 99.7126%
[Worker 21] Round 46 | Loss: 0.0273318 | Train Acc: 99.6343%
[Worker 17] Round 46 | Loss: 0.0274371 | Train Acc: 99.6343%
[Worker 25] Round 46 | Loss: 0.0334562 | Train Acc: 99.582%
[Worker 12] Round 46 | Loss: 0.0348072 | Train Acc: 99.373%
[Worker 13] Round 46 | Loss: 0.0340762 | Train Acc: 99.4514%
[Worker 14] Round 46 | Loss: 0.03537 | Train Acc: 99.3992%
[Worker 15] Round 46 | Loss: 0.112968 | Train Acc: 96.8391%
[Worker 27] Round 46 | Loss: 0.0389563 | Train Acc: 99.4514%
[Worker 31] Round 46 | Loss: 0.0262176 | Train Acc: 99.7126%
[Worker 29] Round 46 | Loss: 0.0952863 | Train Acc: 98.0146%
[Worker 30] Round 46 | Loss: 0.0241929 | Train Acc: 99.7126%
[Worker 28] Round 46 | Loss: 0.0385869 | Train Acc: 99.4253%
[Worker 39] Round 46 | Loss: 0.027477 | Train Acc: 99.7126%
[Worker 44] Round 46 | Loss: 0.0308283 | Train Acc: 99.5298%
[Worker 37] Round 46 | Loss: 0.0296112 | Train Acc: 99.582%
[Worker 38] Round 46 | Loss: 0.0583236 | Train Acc: 99.1118%
[Worker 36] Round 46 | Loss: 0.0314139 | Train Acc: 99.4253%
[Worker 45] Round 46 | Loss: 0.0301811 | Train Acc: 99.582%
[Worker 46] Round 46 | Loss: 0.0288808 | Train Acc: 99.6081%
[Worker 43] Round 46 | Loss: 0.101557 | Train Acc: 97.5967%
[Worker 41] Round 46 | Loss: 0.0262109 | Train Acc: 99.7126%
[Worker 42] Round 46 | Loss: 0.0281993 | Train Acc: 99.582%
[Worker 40] Round 46 | Loss: 0.0266841 | Train Acc: 99.6604%
[Worker 47] Round 46 | Loss: 0.0291766 | Train Acc: 99.6166%
[Central Round] 46 [Global Test Accuracy]: 89.12%
[Worker 7] Round 47 | Loss: 0.0199176 | Train Acc: 99.791%
[Worker 3] Round 47 | Loss: 0.0217046 | Train Acc: 99.6865%
[Worker 1] Round 47 | Loss: 0.0190885 | Train Acc: 99.7388%
[Worker 11] Round 47 | Loss: 0.0334181 | Train Acc: 99.3208%
[Worker 9] Round 47 | Loss: 0.0200391 | Train Acc: 99.8171%
[Worker 5] Round 47 | Loss: 0.0298358 | Train Acc: 99.6865%
[Worker 8] Round 47 | Loss: 0.0261992 | Train Acc: 99.5298%
[Worker 2] Round 47 | Loss: 0.019545 | Train Acc: 99.8171%
[Worker 10] Round 47 | Loss: 0.0562304 | Train Acc: 98.6677%
[Worker 6] Round 47 | Loss: 0.0198561 | Train Acc: 99.7388%
[Worker 4] Round 47 | Loss: 0.0186846 | Train Acc: 99.8955%
[Worker 35] Round 47 | Loss: 0.0241337 | Train Acc: 99.7649%
[Worker 33] Round 47 | Loss: 0.0353346 | Train Acc: 99.5298%
[Worker 25] Round 47 | Loss: 0.0325959 | Train Acc: 99.6343%
[Worker 27] Round 47 | Loss: 0.0379672 | Train Acc: 99.6604%
[Worker 34] Round 47 | Loss: 0.0265973 | Train Acc: 99.6343%
[Worker 31] Round 47 | Loss: 0.0266811 | Train Acc: 99.7649%
[Worker 29] Round 47 | Loss: 0.0949218 | Train Acc: 97.8579%
[Worker 32] Round 47 | Loss: 0.020423 | Train Acc: 99.8694%
[Worker 26] Round 47 | Loss: 0.0338342 | Train Acc: 99.6081%
[Worker 24] Round 47 | Loss: 0.0419163 | Train Acc: 99.2424%
[Worker 16] Round 47 | Loss: 0.0353081 | Train Acc: 99.3992%
[Worker 20] Round 47 | Loss: 0.0517842 | Train Acc: 99.2424%
[Worker 19] Round 47 | Loss: 0.0303965 | Train Acc: 99.5037%
[Worker 23] Round 47 | Loss: 0.0259047 | Train Acc: 99.791%
[Worker 17] Round 47 | Loss: 0.0280178 | Train Acc: 99.7388%
[Worker 18] Round 47 | Loss: 0.0296705 | Train Acc: 99.6604%
[Worker 22] Round 47 | Loss: 0.0306509 | Train Acc: 99.7126%
[Worker 21] Round 47 | Loss: 0.0276211 | Train Acc: 99.7126%
[Worker 13] Round 47 | Loss: 0.0336998 | Train Acc: 99.4775%
[Worker 12] Round 47 | Loss: 0.0347097 | Train Acc: 99.4253%
[Worker 14] Round 47 | Loss: 0.0357349 | Train Acc: 99.2947%
[Worker 15] Round 47 | Loss: 0.112397 | Train Acc: 96.8913%
[Worker 30] Round 47 | Loss: 0.0239794 | Train Acc: 99.8171%
[Worker 28] Round 47 | Loss: 0.0379825 | Train Acc: 99.4514%
[Worker 39] Round 47 | Loss: 0.0279059 | Train Acc: 99.6343%
[Worker 38] Round 47 | Loss: 0.0583596 | Train Acc: 99.1379%
[Worker 44] Round 47 | Loss: 0.0313067 | Train Acc: 99.4775%
[Worker 37] Round 47 | Loss: 0.0290602 | Train Acc: 99.5559%
[Worker 45] Round 47 | Loss: 0.0290151 | Train Acc: 99.6081%
[Worker 46] Round 47 | Loss: 0.0284462 | Train Acc: 99.6343%
[Worker 43] Round 47 | Loss: 0.0998816 | Train Acc: 97.675%
[Worker 42] Round 47 | Loss: 0.0280286 | Train Acc: 99.6343%
[Worker 36] Round 47 | Loss: 0.0300549 | Train Acc: 99.5037%
[Worker 41] Round 47 | Loss: 0.0260648 | Train Acc: 99.8171%
[Worker 40] Round 47 | Loss: 0.0270288 | Train Acc: 99.582%
[Worker 47] Round 47 | Loss: 0.0278068 | Train Acc: 99.5399%
[Central Round] 47 [Global Test Accuracy]: 89.11%
[Worker 9] Round 48 | Loss: 0.0204091 | Train Acc: 99.791%
[Worker 7] Round 48 | Loss: 0.0205155 | Train Acc: 99.7126%
[Worker 3] Round 48 | Loss: 0.0229006 | Train Acc: 99.6865%
[Worker 1] Round 48 | Loss: 0.018331 | Train Acc: 99.791%
[Worker 5] Round 48 | Loss: 0.030143 | Train Acc: 99.6343%
[Worker 33] Round 48 | Loss: 0.0348429 | Train Acc: 99.6081%
[Worker 11] Round 48 | Loss: 0.0326193 | Train Acc: 99.3992%
[Worker 2] Round 48 | Loss: 0.0199191 | Train Acc: 99.7388%
[Worker 10] Round 48 | Loss: 0.05632 | Train Acc: 98.5632%
[Worker 8] Round 48 | Loss: 0.0257472 | Train Acc: 99.5298%
[Worker 6] Round 48 | Loss: 0.0197618 | Train Acc: 99.7649%
[Worker 35] Round 48 | Loss: 0.0241753 | Train Acc: 99.8171%
[Worker 4] Round 48 | Loss: 0.0188642 | Train Acc: 99.7388%
[Worker 25] Round 48 | Loss: 0.0340055 | Train Acc: 99.582%
[Worker 27] Round 48 | Loss: 0.0383096 | Train Acc: 99.5559%
[Worker 32] Round 48 | Loss: 0.0209009 | Train Acc: 99.8955%
[Worker 34] Round 48 | Loss: 0.0264193 | Train Acc: 99.6865%
[Worker 31] Round 48 | Loss: 0.0263208 | Train Acc: 99.7388%
[Worker 29] Round 48 | Loss: 0.0944035 | Train Acc: 97.7795%
[Worker 24] Round 48 | Loss: 0.0419148 | Train Acc: 99.1902%
[Worker 26] Round 48 | Loss: 0.0339541 | Train Acc: 99.4775%
[Worker 21] Round 48 | Loss: 0.0280808 | Train Acc: 99.6604%
[Worker 19] Round 48 | Loss: 0.0305178 | Train Acc: 99.4253%
[Worker 23] Round 48 | Loss: 0.0254057 | Train Acc: 99.8171%
[Worker 17] Round 48 | Loss: 0.0274993 | Train Acc: 99.6343%
[Worker 18] Round 48 | Loss: 0.0293787 | Train Acc: 99.6604%
[Worker 13] Round 48 | Loss: 0.0361892 | Train Acc: 99.4253%
[Worker 15] Round 48 | Loss: 0.111459 | Train Acc: 96.9174%
[Worker 22] Round 48 | Loss: 0.0302588 | Train Acc: 99.6343%
[Worker 16] Round 48 | Loss: 0.0346826 | Train Acc: 99.6081%
[Worker 20] Round 48 | Loss: 0.0513107 | Train Acc: 99.1902%
[Worker 14] Round 48 | Loss: 0.0345639 | Train Acc: 99.4775%
[Worker 12] Round 48 | Loss: 0.0350388 | Train Acc: 99.3992%
[Worker 30] Round 48 | Loss: 0.0234509 | Train Acc: 99.7388%
[Worker 28] Round 48 | Loss: 0.0386592 | Train Acc: 99.5298%
[Worker 39] Round 48 | Loss: 0.0278204 | Train Acc: 99.7126%
[Worker 37] Round 48 | Loss: 0.0290375 | Train Acc: 99.7126%
[Worker 45] Round 48 | Loss: 0.0297302 | Train Acc: 99.6081%
[Worker 43] Round 48 | Loss: 0.100615 | Train Acc: 97.675%
[Worker 41] Round 48 | Loss: 0.0276926 | Train Acc: 99.4253%
[Worker 47] Round 48 | Loss: 0.028335 | Train Acc: 99.6933%
[Worker 46] Round 48 | Loss: 0.0289508 | Train Acc: 99.6343%
[Worker 42] Round 48 | Loss: 0.0271575 | Train Acc: 99.6865%
[Worker 38] Round 48 | Loss: 0.0579899 | Train Acc: 99.1379%
[Worker 44] Round 48 | Loss: 0.0315876 | Train Acc: 99.582%
[Worker 36] Round 48 | Loss: 0.0307598 | Train Acc: 99.6081%
[Worker 40] Round 48 | Loss: 0.0274749 | Train Acc: 99.6343%
[Central Round] 48 [Global Test Accuracy]: 89.16%
[Worker 3] Round 49 | Loss: 0.0219485 | Train Acc: 99.7649%
[Worker 1] Round 49 | Loss: 0.0193336 | Train Acc: 99.7126%
[Worker 5] Round 49 | Loss: 0.030118 | Train Acc: 99.5559%
[Worker 11] Round 49 | Loss: 0.0339939 | Train Acc: 99.3469%
[Worker 9] Round 49 | Loss: 0.0206853 | Train Acc: 99.7649%
[Worker 7] Round 49 | Loss: 0.0200886 | Train Acc: 99.791%
[Worker 2] Round 49 | Loss: 0.0190494 | Train Acc: 99.8433%
[Worker 6] Round 49 | Loss: 0.0195929 | Train Acc: 99.8955%
[Worker 10] Round 49 | Loss: 0.0565229 | Train Acc: 98.4848%
[Worker 8] Round 49 | Loss: 0.0255955 | Train Acc: 99.582%
[Worker 4] Round 49 | Loss: 0.0192462 | Train Acc: 99.8171%
[Worker 35] Round 49 | Loss: 0.0242899 | Train Acc: 99.8171%
[Worker 32] Round 49 | Loss: 0.0210356 | Train Acc: 99.8171%
[Worker 33] Round 49 | Loss: 0.0349554 | Train Acc: 99.5559%
[Worker 34] Round 49 | Loss: 0.0259295 | Train Acc: 99.6604%
[Worker 25] Round 49 | Loss: 0.0320685 | Train Acc: 99.6604%
[Worker 26] Round 49 | Loss: 0.0340166 | Train Acc: 99.582%
[Worker 27] Round 49 | Loss: 0.0383844 | Train Acc: 99.5559%
[Worker 24] Round 49 | Loss: 0.0418511 | Train Acc: 99.2424%
[Worker 31] Round 49 | Loss: 0.0254199 | Train Acc: 99.7649%
[Worker 29] Round 49 | Loss: 0.0946119 | Train Acc: 97.8318%
[Worker 20] Round 49 | Loss: 0.0508823 | Train Acc: 99.2947%
[Worker 22] Round 49 | Loss: 0.0319148 | Train Acc: 99.5037%
[Worker 16] Round 49 | Loss: 0.0358624 | Train Acc: 99.2424%
[Worker 19] Round 49 | Loss: 0.02923 | Train Acc: 99.582%
[Worker 23] Round 49 | Loss: 0.0257026 | Train Acc: 99.7649%
[Worker 17] Round 49 | Loss: 0.0298659 | Train Acc: 99.5037%
[Worker 13] Round 49 | Loss: 0.0352963 | Train Acc: 99.2424%
[Worker 21] Round 49 | Loss: 0.0280564 | Train Acc: 99.6604%
[Worker 14] Round 49 | Loss: 0.0363136 | Train Acc: 99.2685%
[Worker 12] Round 49 | Loss: 0.0344828 | Train Acc: 99.4514%
[Worker 15] Round 49 | Loss: 0.11134 | Train Acc: 96.8652%
[Worker 18] Round 49 | Loss: 0.0286187 | Train Acc: 99.6865%
[Worker 30] Round 49 | Loss: 0.0235155 | Train Acc: 99.6865%
[Worker 28] Round 49 | Loss: 0.0388793 | Train Acc: 99.6081%
[Worker 38] Round 49 | Loss: 0.0574775 | Train Acc: 99.0334%
[Worker 44] Round 49 | Loss: 0.0317519 | Train Acc: 99.5559%
[Worker 36] Round 49 | Loss: 0.0304709 | Train Acc: 99.5037%
[Worker 46] Round 49 | Loss: 0.0281262 | Train Acc: 99.6604%
[Worker 40] Round 49 | Loss: 0.0275779 | Train Acc: 99.582%
[Worker 42] Round 49 | Loss: 0.0279084 | Train Acc: 99.582%
[Worker 39] Round 49 | Loss: 0.029161 | Train Acc: 99.6604%
[Worker 37] Round 49 | Loss: 0.0292735 | Train Acc: 99.5298%
[Worker 45] Round 49 | Loss: 0.0283507 | Train Acc: 99.6865%
[Worker 43] Round 49 | Loss: 0.100339 | Train Acc: 97.8056%
[Worker 41] Round 49 | Loss: 0.0270613 | Train Acc: 99.6081%
[Worker 47] Round 49 | Loss: 0.0282378 | Train Acc: 99.5654%
[Central Round] 49 [Global Test Accuracy]: 89.15%
[Worker 1] Round 50 | Loss: 0.0191406 | Train Acc: 99.7388%
[Worker 5] Round 50 | Loss: 0.0298996 | Train Acc: 99.6604%
[Worker 7] Round 50 | Loss: 0.02027 | Train Acc: 99.7388%
[Worker 11] Round 50 | Loss: 0.0333816 | Train Acc: 99.3469%
[Worker 9] Round 50 | Loss: 0.0202791 | Train Acc: 99.7649%
[Worker 3] Round 50 | Loss: 0.0217591 | Train Acc: 99.7388%
[Worker 8] Round 50 | Loss: 0.0249658 | Train Acc: 99.582%
[Worker 10] Round 50 | Loss: 0.0559367 | Train Acc: 98.5893%
[Worker 2] Round 50 | Loss: 0.0188384 | Train Acc: 99.8694%
[Worker 6] Round 50 | Loss: 0.0199235 | Train Acc: 99.8171%
[Worker 4] Round 50 | Loss: 0.0187212 | Train Acc: 99.8694%
[Worker 35] Round 50 | Loss: 0.024869 | Train Acc: 99.7388%
[Worker 33] Round 50 | Loss: 0.0349878 | Train Acc: 99.6081%
[Worker 32] Round 50 | Loss: 0.0201415 | Train Acc: 99.9478%
[Worker 34] Round 50 | Loss: 0.0257063 | Train Acc: 99.6604%
[Worker 25] Round 50 | Loss: 0.0330652 | Train Acc: 99.7126%
[Worker 26] Round 50 | Loss: 0.0329673 | Train Acc: 99.4775%
[Worker 24] Round 50 | Loss: 0.0417264 | Train Acc: 99.2163%
[Worker 27] Round 50 | Loss: 0.0377567 | Train Acc: 99.6604%
[Worker 31] Round 50 | Loss: 0.0254459 | Train Acc: 99.8171%
[Worker 29] Round 50 | Loss: 0.0937943 | Train Acc: 97.8318%
[Worker 19] Round 50 | Loss: 0.0287106 | Train Acc: 99.5559%
[Worker 23] Round 50 | Loss: 0.0254959 | Train Acc: 99.8433%
[Worker 21] Round 50 | Loss: 0.0287813 | Train Acc: 99.5298%
[Worker 18] Round 50 | Loss: 0.0294046 | Train Acc: 99.6865%
[Worker 17] Round 50 | Loss: 0.0283736 | Train Acc: 99.6343%
[Worker 16] Round 50 | Loss: 0.0356755 | Train Acc: 99.4253%
[Worker 20] Round 50 | Loss: 0.0504909 | Train Acc: 99.1902%
[Worker 22] Round 50 | Loss: 0.0310856 | Train Acc: 99.5559%
[Worker 13] Round 50 | Loss: 0.0340561 | Train Acc: 99.3208%
[Worker 12] Round 50 | Loss: 0.0358655 | Train Acc: 99.3992%
[Worker 15] Round 50 | Loss: 0.110243 | Train Acc: 97.0219%
[Worker 14] Round 50 | Loss: 0.0349378 | Train Acc: 99.4775%
[Worker 30] Round 50 | Loss: 0.023583 | Train Acc: 99.6865%
[Worker 28] Round 50 | Loss: 0.0382289 | Train Acc: 99.5298%
[Worker 37] Round 50 | Loss: 0.029115 | Train Acc: 99.6343%
[Worker 39] Round 50 | Loss: 0.0282819 | Train Acc: 99.6604%
[Worker 44] Round 50 | Loss: 0.0312129 | Train Acc: 99.582%
[Worker 46] Round 50 | Loss: 0.0290687 | Train Acc: 99.5298%
[Worker 38] Round 50 | Loss: 0.0578895 | Train Acc: 99.0334%
[Worker 43] Round 50 | Loss: 0.0993342 | Train Acc: 97.5967%
[Worker 36] Round 50 | Loss: 0.0314701 | Train Acc: 99.4775%
[Worker 45] Round 50 | Loss: 0.0292577 | Train Acc: 99.6081%
[Worker 41] Round 50 | Loss: 0.0266399 | Train Acc: 99.7388%
[Worker 42] Round 50 | Loss: 0.0289033 | Train Acc: 99.5298%
[Worker 40] Round 50 | Loss: 0.0267658 | Train Acc: 99.6865%
[Worker 47] Round 50 | Loss: 0.0285472 | Train Acc: 99.5399%
[Central Round] 50 [Global Test Accuracy]: 89.17%
[Central] Early stopping at round 50 after 5 rounds without global accuracy improvement.

[Central] Done. Federated data saved to /home-mscluster/ldemelo/HPC_Assignment/problem1/federated_clustering_mpi/metrics/sweep_4/federated/fixed_total_n4_p12_rep3_j201536
