Job ID:        201388
Job name:      fed_fixed_ppn_n4_p8
Strategy:      fixed_ppn
Nodes:         4 (mscluster[31-32,34-35])
Tasks total:   32
Tasks/node:    8
Sweep id:      2
Sweep dir:     /home-mscluster/ldemelo/HPC_Assignment/problem1/federated_clustering_mpi/metrics/sweep_2

[mult_node] run_id=fixed_ppn_n4_p8_rep1_j201388 rep=1/3
Rank 4 of 32 processes
Rank 6 of 32 processes
Rank 0 of 32 processes
Rank 2 of 32 processes
Rank 5 of 32 processes
Rank 3 of 32 processes
Rank 22 of 32 processes
Rank 7 of 32 processes
Rank 1 of 32 processes
Rank 16 of 32 processes
Rank 8 of 32 processes
Rank 26 of 32 processes
Rank 10 of 32 processes
Rank 18 of 32 processes
Rank 12 of 32 processes
Rank 20 of 32 processes
Rank 14 of 32 processes
Rank 9 of 32 processes
Rank 19 of 32 processes
Rank 21 of 32 processes
Rank 11 of 32 processes
Rank 13 of 32 processes
Rank 23 of 32 processes
Rank 17 of 32 processes
Rank 15 of 32 processes
Rank 24 of 32 processes
Rank 28 of 32 processes
Rank 29 of 32 processes
Rank 30 of 32 processes
Rank 31 of 32 processes
Rank 25 of 32 processes
Rank 27 of 32 processes
Softmax regression: 10 classes; 784 features
[Mode] Non-IID Label Shard Distribution
[Mode] Non-IID Label Shard Distribution
[Mode] Non-IID Label Shard Distribution
[Mode] Non-IID Label Shard Distribution
[Mode] Non-IID Label Shard Distribution
[Mode] Non-IID Label Shard Distribution
[Mode] Non-IID Label Shard Distribution
[Mode] Non-IID Label Shard Distribution
[Mode] Non-IID Label Shard Distribution
[Mode] Non-IID Label Shard Distribution
[Mode] Non-IID Label Shard Distribution
[Distributed Worker 4] Shard size: 1935
Softmax regression: 10 classes; 784 features
[Mode] Non-IID Label Shard Distribution
[Distributed Worker 3] Shard size: 1935
[Distributed Worker 5] Shard size: 1935
[Distributed Worker 6] Shard size: 1935
Softmax regression: 10 classes; 784 features
Softmax regression: 10 classes; 784 features
Softmax regression: 10 classes; 784 features
[Distributed Worker 20] Shard size: 1935
Softmax regression: 10 classes; 784 features
[Distributed Worker 18] Shard size: 1935
Softmax regression: 10 classes; 784 features
[Distributed Worker 22] Shard size: 1935
Softmax regression: 10 classes; 784 features
[Distributed Worker 14] Shard size: 1935
[Distributed Worker 16] Shard size: 1935
Softmax regression: 10 classes; 784 features
[Distributed Worker 10] Shard size: 1935
Softmax regression: 10 classes; 784 features
[Distributed Worker 8] Shard size: 1935
Softmax regression: 10 classes; 784 features
Softmax regression: 10 classes; 784 features
[Mode] Non-IID Label Shard Distribution
[Mode] Non-IID Label Shard Distribution
[Mode] Non-IID Label Shard Distribution
[Distributed Worker 12] Shard size: 1935
Softmax regression: 10 classes; 784 features
[Mode] Non-IID Label Shard Distribution
[Mode] Non-IID Label Shard Distribution
[Mode] Non-IID Label Shard Distribution
[Mode] Non-IID Label Shard Distribution
[Mode] Non-IID Label Shard Distribution
[Mode] Non-IID Label Shard Distribution
[Mode] Non-IID Label Shard Distribution
[Mode] Non-IID Label Shard Distribution
[Mode] Non-IID Label Shard Distribution
[Mode] Non-IID Label Shard Distribution
[Mode] Non-IID Label Shard Distribution
[Mode] Non-IID Label Shard Distribution
[Distributed Worker 24] Shard size: 1935
[Distributed Worker 28] Shard size: 1935
Softmax regression: 10 classes; 784 features
Softmax regression: 10 classes; 784 features
[Distributed Worker 26] Shard size: 1935
[Mode] Non-IID Label Shard Distribution
[Mode] Non-IID Label Shard Distribution
Softmax regression: 10 classes; 784 features
[Mode] Non-IID Label Shard Distribution
[Mode] Non-IID Label Shard Distribution
[Distributed Worker 30] Shard size: 1935
Softmax regression: 10 classes; 784 features
[Distributed Worker 9] Shard size: 1935
Softmax regression: 10 classes; 784 features
[Distributed Worker 2] Shard size: 1935
Softmax regression: 10 classes; 784 features
[Distributed Worker 13] Shard size: 1935
[Distributed Worker 15] Shard size: 1935
Softmax regression: 10 classes; 784 features
Softmax regression: 10 classes; 784 features
[Distributed Worker 11] Shard size: 1935
Softmax regression: 10 classes; 784 features
[Distributed Worker 17] Shard size: 1935
[Distributed Worker 1] Shard size: 1935
[Distributed Worker 19] Shard size: 1935
Softmax regression: 10 classes; 784 features
Softmax regression: 10 classes; 784 features
Softmax regression: 10 classes; 784 features
[Distributed Worker 21] Shard size: 1935
[Distributed Worker 23] Shard size: 1935
Softmax regression: 10 classes; 784 features
Softmax regression: 10 classes; 784 features
[Distributed Worker 7] Shard size: 1935
Softmax regression: 10 classes; 784 features
[Distributed Worker 29] Shard size: 1935
[Distributed Worker 27] Shard size: 1935
[Distributed Worker 31] Shard size: 1950
Softmax regression: 10 classes; 784 features
Softmax regression: 10 classes; 784 features
Softmax regression: 10 classes; 784 features
[Distributed Worker 25] Shard size: 1935
Softmax regression: 10 classes; 784 features
[Worker 6] Round 1 | Loss: 0.0169757 | Train Acc: 99.7313%
[Worker 5] Round 1 | Loss: 0.0166928 | Train Acc: 99.8243%
[Worker 3] Round 1 | Loss: 0.0164532 | Train Acc: 99.6693%
[Worker 22] Round 1 | Loss: 0.0471701 | Train Acc: 99.3385%
[Worker 18] Round 1 | Loss: 0.0253861 | Train Acc: 99.6693%
[Worker 10] Round 1 | Loss: 0.11147 | Train Acc: 96.8269%
[Worker 14] Round 1 | Loss: 0.0173625 | Train Acc: 99.7416%
[Worker 2] Round 1 | Loss: 0.017524 | Train Acc: 99.6693%
[Worker 12] Round 1 | Loss: 0.0169075 | Train Acc: 99.7829%
[Worker 1] Round 1 | Loss: 0.016517 | Train Acc: 99.6693%
[Worker 8] Round 1 | Loss: 0.0178196 | Train Acc: 99.8036%
[Worker 16] Round 1 | Loss: 0.0757437 | Train Acc: 98.1189%
[Worker 20] Round 1 | Loss: 0.0178641 | Train Acc: 99.6796%
[Worker 7] Round 1 | Loss: 0.0897378 | Train Acc: 97.8708%
[Worker 4] Round 1 | Loss: 0.0270398 | Train Acc: 99.6072%
[Worker 26] Round 1 | Loss: 0.0162915 | Train Acc: 99.6693%
[Worker 30] Round 1 | Loss: 0.01695 | Train Acc: 99.7726%
[Worker 9] Round 1 | Loss: 0.0180953 | Train Acc: 99.845%
[Worker 15] Round 1 | Loss: 0.0177322 | Train Acc: 99.7313%
[Worker 13] Round 1 | Loss: 0.0600505 | Train Acc: 98.739%
[Worker 11] Round 1 | Loss: 0.0174566 | Train Acc: 99.7623%
[Worker 28] Round 1 | Loss: 0.078935 | Train Acc: 97.8191%
[Worker 24] Round 1 | Loss: 0.0205828 | Train Acc: 99.6693%
[Worker 19] Round 1 | Loss: 0.124798 | Train Acc: 97.1266%
[Worker 17] Round 1 | Loss: 0.0243662 | Train Acc: 99.6693%
[Worker 21] Round 1 | Loss: 0.0182142 | Train Acc: 99.6796%
[Worker 23] Round 1 | Loss: 0.0204069 | Train Acc: 99.6693%
[Worker 27] Round 1 | Loss: 0.0161879 | Train Acc: 99.6693%
[Worker 29] Round 1 | Loss: 0.0170374 | Train Acc: 99.7623%
[Worker 25] Round 1 | Loss: 0.0614999 | Train Acc: 98.553%
[Worker 31] Round 1 | Loss: 0.0169721 | Train Acc: 99.7538%
[Central Round] 1 [Global Test Accuracy]: 53.39%
[Worker 2] Round 2 | Loss: 0.0152498 | Train Acc: 99.7106%
[Worker 6] Round 2 | Loss: 0.0143674 | Train Acc: 100%
[Worker 4] Round 2 | Loss: 0.0229122 | Train Acc: 99.876%
[Worker 1] Round 2 | Loss: 0.0144338 | Train Acc: 99.7003%
[Worker 7] Round 2 | Loss: 0.0859969 | Train Acc: 97.9845%
[Worker 5] Round 2 | Loss: 0.0151078 | Train Acc: 99.9897%
[Worker 8] Round 2 | Loss: 0.0172546 | Train Acc: 99.8863%
[Worker 10] Round 2 | Loss: 0.106983 | Train Acc: 97.0439%
[Worker 3] Round 2 | Loss: 0.0142313 | Train Acc: 99.7209%
[Worker 21] Round 2 | Loss: 0.0162984 | Train Acc: 99.7933%
[Worker 20] Round 2 | Loss: 0.0160447 | Train Acc: 99.8346%
[Worker 17] Round 2 | Loss: 0.0215741 | Train Acc: 99.7829%
[Worker 16] Round 2 | Loss: 0.0702336 | Train Acc: 98.4599%
[Worker 19] Round 2 | Loss: 0.119493 | Train Acc: 97.3953%
[Worker 23] Round 2 | Loss: 0.0180296 | Train Acc: 99.8656%
[Worker 22] Round 2 | Loss: 0.0427244 | Train Acc: 99.5246%
[Worker 18] Round 2 | Loss: 0.0226168 | Train Acc: 99.7519%
[Worker 27] Round 2 | Loss: 0.0148236 | Train Acc: 99.7106%
[Worker 26] Round 2 | Loss: 0.0146835 | Train Acc: 99.7519%
[Worker 25] Round 2 | Loss: 0.0566004 | Train Acc: 98.8424%
[Worker 24] Round 2 | Loss: 0.0182488 | Train Acc: 99.8346%
[Worker 28] Round 2 | Loss: 0.0752753 | Train Acc: 97.9535%
[Worker 30] Round 2 | Loss: 0.0166455 | Train Acc: 99.814%
[Worker 29] Round 2 | Loss: 0.0162429 | Train Acc: 99.8656%
[Worker 31] Round 2 | Loss: 0.0159815 | Train Acc: 99.8154%
[Worker 11] Round 2 | Loss: 0.0162005 | Train Acc: 99.9173%
[Worker 14] Round 2 | Loss: 0.0162992 | Train Acc: 99.8346%
[Worker 13] Round 2 | Loss: 0.0560704 | Train Acc: 99.0698%
[Worker 9] Round 2 | Loss: 0.0168669 | Train Acc: 99.9587%
[Worker 15] Round 2 | Loss: 0.0164035 | Train Acc: 99.8656%
[Worker 12] Round 2 | Loss: 0.0156008 | Train Acc: 99.9173%
[Central Round] 2 [Global Test Accuracy]: 71.56%
[Worker 6] Round 3 | Loss: 0.0133737 | Train Acc: 99.9897%
[Worker 2] Round 3 | Loss: 0.01397 | Train Acc: 99.845%
[Worker 4] Round 3 | Loss: 0.020769 | Train Acc: 99.9173%
[Worker 7] Round 3 | Loss: 0.0812484 | Train Acc: 98.0775%
[Worker 1] Round 3 | Loss: 0.0134906 | Train Acc: 99.8863%
[Worker 5] Round 3 | Loss: 0.0137594 | Train Acc: 99.9897%
[Worker 14] Round 3 | Loss: 0.0153042 | Train Acc: 99.9277%
[Worker 3] Round 3 | Loss: 0.0133956 | Train Acc: 99.845%
[Worker 28] Round 3 | Loss: 0.0721573 | Train Acc: 98.0052%
[Worker 27] Round 3 | Loss: 0.0144025 | Train Acc: 99.7726%
[Worker 10] Round 3 | Loss: 0.104085 | Train Acc: 97.1163%
[Worker 26] Round 3 | Loss: 0.0141924 | Train Acc: 99.814%
[Worker 24] Round 3 | Loss: 0.0166103 | Train Acc: 99.907%
[Worker 29] Round 3 | Loss: 0.0158481 | Train Acc: 99.8036%
[Worker 25] Round 3 | Loss: 0.0530165 | Train Acc: 99.0491%
[Worker 30] Round 3 | Loss: 0.0156978 | Train Acc: 99.876%
[Worker 9] Round 3 | Loss: 0.0166519 | Train Acc: 99.9277%
[Worker 13] Round 3 | Loss: 0.0525171 | Train Acc: 99.0904%
[Worker 8] Round 3 | Loss: 0.0164047 | Train Acc: 99.938%
[Worker 11] Round 3 | Loss: 0.0152321 | Train Acc: 99.9587%
[Worker 15] Round 3 | Loss: 0.0157168 | Train Acc: 99.938%
[Worker 12] Round 3 | Loss: 0.0151237 | Train Acc: 99.9277%
[Worker 20] Round 3 | Loss: 0.0147253 | Train Acc: 99.907%
[Worker 21] Round 3 | Loss: 0.0150472 | Train Acc: 99.9173%
[Worker 17] Round 3 | Loss: 0.0201743 | Train Acc: 99.814%
[Worker 19] Round 3 | Loss: 0.115039 | Train Acc: 97.5917%
[Worker 16] Round 3 | Loss: 0.0658123 | Train Acc: 98.6357%
[Worker 22] Round 3 | Loss: 0.0392652 | Train Acc: 99.6176%
[Worker 18] Round 3 | Loss: 0.0211846 | Train Acc: 99.845%
[Worker 23] Round 3 | Loss: 0.0167044 | Train Acc: 99.907%
[Worker 31] Round 3 | Loss: 0.0154653 | Train Acc: 99.8667%
[Central Round] 3 [Global Test Accuracy]: 78.1%
[Worker 2] Round 4 | Loss: 0.0131096 | Train Acc: 99.9277%
[Worker 6] Round 4 | Loss: 0.012232 | Train Acc: 100%
[Worker 4] Round 4 | Loss: 0.0189958 | Train Acc: 99.938%
[Worker 7] Round 4 | Loss: 0.0782901 | Train Acc: 98.1085%
[Worker 1] Round 4 | Loss: 0.0120537 | Train Acc: 99.9587%
[Worker 20] Round 4 | Loss: 0.0134959 | Train Acc: 99.9587%
[Worker 5] Round 4 | Loss: 0.0131774 | Train Acc: 99.9793%
[Worker 21] Round 4 | Loss: 0.0143411 | Train Acc: 99.938%
[Worker 16] Round 4 | Loss: 0.0630999 | Train Acc: 98.739%
[Worker 10] Round 4 | Loss: 0.102965 | Train Acc: 97.1059%
[Worker 22] Round 4 | Loss: 0.0362982 | Train Acc: 99.7416%
[Worker 23] Round 4 | Loss: 0.0157398 | Train Acc: 99.9587%
[Worker 19] Round 4 | Loss: 0.112354 | Train Acc: 97.5297%
[Worker 14] Round 4 | Loss: 0.0144588 | Train Acc: 99.9277%
[Worker 17] Round 4 | Loss: 0.0192527 | Train Acc: 99.845%
[Worker 8] Round 4 | Loss: 0.0159501 | Train Acc: 99.9483%
[Worker 12] Round 4 | Loss: 0.0148335 | Train Acc: 99.9173%
[Worker 18] Round 4 | Loss: 0.020436 | Train Acc: 99.876%
[Worker 3] Round 4 | Loss: 0.0125131 | Train Acc: 99.969%
[Worker 27] Round 4 | Loss: 0.013905 | Train Acc: 99.8656%
[Worker 26] Round 4 | Loss: 0.0135055 | Train Acc: 99.8346%
[Worker 28] Round 4 | Loss: 0.0699381 | Train Acc: 98.1705%
[Worker 29] Round 4 | Loss: 0.0153453 | Train Acc: 99.8346%
[Worker 25] Round 4 | Loss: 0.0501582 | Train Acc: 99.0491%
[Worker 24] Round 4 | Loss: 0.0157537 | Train Acc: 99.9897%
[Worker 30] Round 4 | Loss: 0.0157112 | Train Acc: 99.8553%
[Worker 13] Round 4 | Loss: 0.0508499 | Train Acc: 99.1525%
[Worker 31] Round 4 | Loss: 0.0151082 | Train Acc: 99.8769%
[Worker 11] Round 4 | Loss: 0.0149134 | Train Acc: 99.9587%
[Worker 9] Round 4 | Loss: 0.0158742 | Train Acc: 99.907%
[Worker 15] Round 4 | Loss: 0.0146429 | Train Acc: 99.9173%
[Central Round] 4 [Global Test Accuracy]: 81%
[Worker 2] Round 5 | Loss: 0.0189823 | Train Acc: 99.9311%
[Worker 7] Round 5 | Loss: 0.0944987 | Train Acc: 97.8295%
[Worker 1] Round 5 | Loss: 0.0177348 | Train Acc: 99.9311%
[Worker 6] Round 5 | Loss: 0.0177521 | Train Acc: 100%
[Worker 4] Round 5 | Loss: 0.0266178 | Train Acc: 99.8966%
[Worker 5] Round 5 | Loss: 0.0191951 | Train Acc: 99.9311%
[Worker 3] Round 5 | Loss: 0.0174662 | Train Acc: 99.9655%
[Worker 28] Round 5 | Loss: 0.0837931 | Train Acc: 97.9328%
[Worker 24] Round 5 | Loss: 0.0224874 | Train Acc: 100%
[Worker 27] Round 5 | Loss: 0.0212347 | Train Acc: 99.7761%
[Worker 25] Round 5 | Loss: 0.0633481 | Train Acc: 98.8975%
[Worker 26] Round 5 | Loss: 0.0211874 | Train Acc: 99.7761%
[Worker 29] Round 5 | Loss: 0.0227754 | Train Acc: 99.8622%
[Worker 30] Round 5 | Loss: 0.0234773 | Train Acc: 99.7761%
[Worker 20] Round 5 | Loss: 0.0203006 | Train Acc: 99.9655%
[Worker 17] Round 5 | Loss: 0.0285511 | Train Acc: 99.7588%
[Worker 21] Round 5 | Loss: 0.0204047 | Train Acc: 99.9655%
[Worker 31] Round 5 | Loss: 0.0225752 | Train Acc: 99.8633%
[Worker 19] Round 5 | Loss: 0.129701 | Train Acc: 97.4849%
[Worker 18] Round 5 | Loss: 0.0313349 | Train Acc: 99.7416%
[Worker 23] Round 5 | Loss: 0.0228909 | Train Acc: 99.8966%
[Worker 16] Round 5 | Loss: 0.079645 | Train Acc: 98.5357%
[Worker 22] Round 5 | Loss: 0.0487384 | Train Acc: 99.6382%
[Worker 11] Round 5 | Loss: 0.0228654 | Train Acc: 99.8794%
[Worker 10] Round 5 | Loss: 0.120426 | Train Acc: 96.8131%
[Worker 9] Round 5 | Loss: 0.0242149 | Train Acc: 99.7761%
[Worker 14] Round 5 | Loss: 0.0213478 | Train Acc: 99.9483%
[Worker 13] Round 5 | Loss: 0.0639895 | Train Acc: 99.0181%
[Worker 8] Round 5 | Loss: 0.0237792 | Train Acc: 99.8794%
[Worker 15] Round 5 | Loss: 0.0225168 | Train Acc: 99.8794%
[Worker 12] Round 5 | Loss: 0.0217718 | Train Acc: 99.9139%
[Central Round] 5 [Global Test Accuracy]: 82.53%
[Worker 4] Round 6 | Loss: 0.0247487 | Train Acc: 99.9139%
[Worker 6] Round 6 | Loss: 0.0169474 | Train Acc: 100%
[Worker 2] Round 6 | Loss: 0.0185654 | Train Acc: 99.9139%
[Worker 7] Round 6 | Loss: 0.0924198 | Train Acc: 98.0017%
[Worker 1] Round 6 | Loss: 0.017524 | Train Acc: 99.8966%
[Worker 5] Round 6 | Loss: 0.0186738 | Train Acc: 99.9139%
[Worker 3] Round 6 | Loss: 0.0167303 | Train Acc: 99.9655%
[Worker 10] Round 6 | Loss: 0.119334 | Train Acc: 96.9337%
[Worker 14] Round 6 | Loss: 0.0205706 | Train Acc: 99.9311%
[Worker 8] Round 6 | Loss: 0.0244424 | Train Acc: 99.7933%
[Worker 26] Round 6 | Loss: 0.0202606 | Train Acc: 99.7761%
[Worker 27] Round 6 | Loss: 0.0213204 | Train Acc: 99.7244%
[Worker 25] Round 6 | Loss: 0.0625564 | Train Acc: 98.8975%
[Worker 29] Round 6 | Loss: 0.023139 | Train Acc: 99.7244%
[Worker 28] Round 6 | Loss: 0.0821181 | Train Acc: 97.9673%
[Worker 30] Round 6 | Loss: 0.0231794 | Train Acc: 99.7933%
[Worker 24] Round 6 | Loss: 0.0225483 | Train Acc: 99.9139%
[Worker 31] Round 6 | Loss: 0.0222328 | Train Acc: 99.8291%
[Worker 21] Round 6 | Loss: 0.0194424 | Train Acc: 99.9828%
[Worker 23] Round 6 | Loss: 0.021813 | Train Acc: 99.9483%
[Worker 16] Round 6 | Loss: 0.0764369 | Train Acc: 98.6047%
[Worker 19] Round 6 | Loss: 0.127862 | Train Acc: 97.3127%
[Worker 20] Round 6 | Loss: 0.0191975 | Train Acc: 99.9139%
[Worker 17] Round 6 | Loss: 0.0288844 | Train Acc: 99.8622%
[Worker 22] Round 6 | Loss: 0.0453127 | Train Acc: 99.621%
[Worker 18] Round 6 | Loss: 0.0303907 | Train Acc: 99.7588%
[Worker 9] Round 6 | Loss: 0.0236886 | Train Acc: 99.8622%
[Worker 13] Round 6 | Loss: 0.0623285 | Train Acc: 99.0009%
[Worker 11] Round 6 | Loss: 0.0227318 | Train Acc: 99.845%
[Worker 15] Round 6 | Loss: 0.0211593 | Train Acc: 99.9139%
[Worker 12] Round 6 | Loss: 0.0219639 | Train Acc: 99.8622%
[Central Round] 6 [Global Test Accuracy]: 83.56%
[Worker 4] Round 7 | Loss: 0.0239065 | Train Acc: 99.9311%
[Worker 6] Round 7 | Loss: 0.0168904 | Train Acc: 99.9655%
[Worker 2] Round 7 | Loss: 0.0174215 | Train Acc: 99.9655%
[Worker 7] Round 7 | Loss: 0.0901885 | Train Acc: 98.019%
[Worker 1] Round 7 | Loss: 0.0167114 | Train Acc: 99.8794%
[Worker 5] Round 7 | Loss: 0.0182861 | Train Acc: 99.8966%
[Worker 3] Round 7 | Loss: 0.016251 | Train Acc: 99.9655%
[Worker 8] Round 7 | Loss: 0.0238604 | Train Acc: 99.8105%
[Worker 10] Round 7 | Loss: 0.11658 | Train Acc: 96.8131%
[Worker 26] Round 7 | Loss: 0.0205546 | Train Acc: 99.8105%
[Worker 27] Round 7 | Loss: 0.0202019 | Train Acc: 99.7933%
[Worker 25] Round 7 | Loss: 0.0603045 | Train Acc: 98.9492%
[Worker 28] Round 7 | Loss: 0.0800543 | Train Acc: 98.1568%
[Worker 29] Round 7 | Loss: 0.0228008 | Train Acc: 99.7588%
[Worker 30] Round 7 | Loss: 0.0227073 | Train Acc: 99.7761%
[Worker 24] Round 7 | Loss: 0.0224507 | Train Acc: 99.8966%
[Worker 31] Round 7 | Loss: 0.0221977 | Train Acc: 99.8291%
[Worker 19] Round 7 | Loss: 0.125956 | Train Acc: 97.6227%
[Worker 20] Round 7 | Loss: 0.0189557 | Train Acc: 99.9139%
[Worker 17] Round 7 | Loss: 0.0282964 | Train Acc: 99.7416%
[Worker 21] Round 7 | Loss: 0.0186825 | Train Acc: 99.9828%
[Worker 16] Round 7 | Loss: 0.0733658 | Train Acc: 98.7941%
[Worker 23] Round 7 | Loss: 0.0214459 | Train Acc: 99.9311%
[Worker 18] Round 7 | Loss: 0.0306547 | Train Acc: 99.7588%
[Worker 22] Round 7 | Loss: 0.0438184 | Train Acc: 99.6899%
[Worker 14] Round 7 | Loss: 0.0203653 | Train Acc: 99.9483%
[Worker 9] Round 7 | Loss: 0.0232802 | Train Acc: 99.8794%
[Worker 13] Round 7 | Loss: 0.0609062 | Train Acc: 99.1042%
[Worker 11] Round 7 | Loss: 0.0218804 | Train Acc: 99.9139%
[Worker 12] Round 7 | Loss: 0.021269 | Train Acc: 99.8966%
[Worker 15] Round 7 | Loss: 0.0209522 | Train Acc: 99.9311%
[Central Round] 7 [Global Test Accuracy]: 84.46%
[Worker 4] Round 8 | Loss: 0.0235986 | Train Acc: 99.8622%
[Worker 6] Round 8 | Loss: 0.0163192 | Train Acc: 99.9655%
[Worker 2] Round 8 | Loss: 0.0180911 | Train Acc: 99.9139%
[Worker 28] Round 8 | Loss: 0.0782194 | Train Acc: 98.174%
[Worker 26] Round 8 | Loss: 0.0203152 | Train Acc: 99.8277%
[Worker 5] Round 8 | Loss: 0.0184598 | Train Acc: 99.8966%
[Worker 7] Round 8 | Loss: 0.0874455 | Train Acc: 98.0017%
[Worker 1] Round 8 | Loss: 0.016774 | Train Acc: 99.8966%
[Worker 10] Round 8 | Loss: 0.113742 | Train Acc: 97.0715%
[Worker 14] Round 8 | Loss: 0.0194994 | Train Acc: 99.9655%
[Worker 8] Round 8 | Loss: 0.0229064 | Train Acc: 99.845%
[Worker 12] Round 8 | Loss: 0.0212309 | Train Acc: 99.8622%
[Worker 16] Round 8 | Loss: 0.0725438 | Train Acc: 98.6047%
[Worker 23] Round 8 | Loss: 0.0212514 | Train Acc: 99.9311%
[Worker 20] Round 8 | Loss: 0.0182802 | Train Acc: 99.9311%
[Worker 3] Round 8 | Loss: 0.0163475 | Train Acc: 99.9655%
[Worker 18] Round 8 | Loss: 0.0289972 | Train Acc: 99.7761%
[Worker 22] Round 8 | Loss: 0.0419126 | Train Acc: 99.7416%
[Worker 21] Round 8 | Loss: 0.0190612 | Train Acc: 99.9828%
[Worker 27] Round 8 | Loss: 0.0192379 | Train Acc: 99.8622%
[Worker 19] Round 8 | Loss: 0.122841 | Train Acc: 97.4333%
[Worker 29] Round 8 | Loss: 0.0228494 | Train Acc: 99.7071%
[Worker 17] Round 8 | Loss: 0.0271936 | Train Acc: 99.8794%
[Worker 9] Round 8 | Loss: 0.0232171 | Train Acc: 99.8966%
[Worker 11] Round 8 | Loss: 0.0232117 | Train Acc: 99.7761%
[Worker 24] Round 8 | Loss: 0.0217518 | Train Acc: 99.9139%
[Worker 30] Round 8 | Loss: 0.0224742 | Train Acc: 99.7761%
[Worker 25] Round 8 | Loss: 0.0585686 | Train Acc: 99.0698%
[Worker 31] Round 8 | Loss: 0.0220979 | Train Acc: 99.7436%
[Worker 13] Round 8 | Loss: 0.0593802 | Train Acc: 99.1042%
[Worker 15] Round 8 | Loss: 0.0209013 | Train Acc: 99.9139%
[Central Round] 8 [Global Test Accuracy]: 84.94%
[Worker 4] Round 9 | Loss: 0.02235 | Train Acc: 99.9311%
[Worker 6] Round 9 | Loss: 0.0160794 | Train Acc: 99.9828%
[Worker 2] Round 9 | Loss: 0.0171297 | Train Acc: 99.9483%
[Worker 7] Round 9 | Loss: 0.0868933 | Train Acc: 97.9845%
[Worker 1] Round 9 | Loss: 0.0159011 | Train Acc: 99.9483%
[Worker 5] Round 9 | Loss: 0.0182923 | Train Acc: 99.845%
[Worker 10] Round 9 | Loss: 0.112752 | Train Acc: 96.9337%
[Worker 8] Round 9 | Loss: 0.0233991 | Train Acc: 99.7933%
[Worker 14] Round 9 | Loss: 0.0203505 | Train Acc: 99.9139%
[Worker 20] Round 9 | Loss: 0.0181017 | Train Acc: 99.9311%
[Worker 16] Round 9 | Loss: 0.0699093 | Train Acc: 98.7941%
[Worker 18] Round 9 | Loss: 0.0292191 | Train Acc: 99.8105%
[Worker 12] Round 9 | Loss: 0.0216085 | Train Acc: 99.845%
[Worker 3] Round 9 | Loss: 0.0161685 | Train Acc: 99.9139%
[Worker 23] Round 9 | Loss: 0.0202485 | Train Acc: 99.9139%
[Worker 22] Round 9 | Loss: 0.0411252 | Train Acc: 99.621%
[Worker 21] Round 9 | Loss: 0.0186625 | Train Acc: 99.9483%
[Worker 19] Round 9 | Loss: 0.121996 | Train Acc: 97.4505%
[Worker 17] Round 9 | Loss: 0.0271888 | Train Acc: 99.7761%
[Worker 25] Round 9 | Loss: 0.0569341 | Train Acc: 99.087%
[Worker 15] Round 9 | Loss: 0.0208588 | Train Acc: 99.9139%
[Worker 13] Round 9 | Loss: 0.0578095 | Train Acc: 99.0525%
[Worker 27] Round 9 | Loss: 0.0195441 | Train Acc: 99.7933%
[Worker 11] Round 9 | Loss: 0.0227542 | Train Acc: 99.8277%
[Worker 9] Round 9 | Loss: 0.0232299 | Train Acc: 99.8794%
[Worker 31] Round 9 | Loss: 0.0217467 | Train Acc: 99.7778%
[Worker 29] Round 9 | Loss: 0.0221898 | Train Acc: 99.7761%
[Worker 24] Round 9 | Loss: 0.0211285 | Train Acc: 99.9139%
[Worker 30] Round 9 | Loss: 0.0222675 | Train Acc: 99.7588%
[Worker 28] Round 9 | Loss: 0.0780968 | Train Acc: 98.0879%
[Worker 26] Round 9 | Loss: 0.0203551 | Train Acc: 99.7588%
[Central Round] 9 [Global Test Accuracy]: 85.25%
[Worker 4] Round 10 | Loss: 0.0219317 | Train Acc: 99.9139%
[Worker 1] Round 10 | Loss: 0.0159417 | Train Acc: 99.9311%
[Worker 6] Round 10 | Loss: 0.0161032 | Train Acc: 99.9139%
[Worker 2] Round 10 | Loss: 0.0180168 | Train Acc: 99.8794%
[Worker 7] Round 10 | Loss: 0.0851442 | Train Acc: 98.0879%
[Worker 5] Round 10 | Loss: 0.0176986 | Train Acc: 99.8794%
[Worker 3] Round 10 | Loss: 0.0162691 | Train Acc: 99.9139%
[Worker 10] Round 10 | Loss: 0.111936 | Train Acc: 96.9509%
[Worker 27] Round 10 | Loss: 0.0202582 | Train Acc: 99.6899%
[Worker 26] Round 10 | Loss: 0.0193154 | Train Acc: 99.8794%
[Worker 28] Round 10 | Loss: 0.0756127 | Train Acc: 98.2429%
[Worker 24] Round 10 | Loss: 0.0207535 | Train Acc: 99.8966%
[Worker 25] Round 10 | Loss: 0.0556125 | Train Acc: 99.1559%
[Worker 29] Round 10 | Loss: 0.0228415 | Train Acc: 99.7416%
[Worker 30] Round 10 | Loss: 0.0227183 | Train Acc: 99.7933%
[Worker 31] Round 10 | Loss: 0.021798 | Train Acc: 99.7949%
[Worker 21] Round 10 | Loss: 0.0183731 | Train Acc: 99.9311%
[Worker 17] Round 10 | Loss: 0.0263395 | Train Acc: 99.7761%
[Worker 20] Round 10 | Loss: 0.0185921 | Train Acc: 99.9655%
[Worker 23] Round 10 | Loss: 0.0197757 | Train Acc: 99.9139%
[Worker 19] Round 10 | Loss: 0.119606 | Train Acc: 97.5194%
[Worker 22] Round 10 | Loss: 0.0403839 | Train Acc: 99.5693%
[Worker 18] Round 10 | Loss: 0.0292565 | Train Acc: 99.7071%
[Worker 16] Round 10 | Loss: 0.0684574 | Train Acc: 98.7597%
[Worker 9] Round 10 | Loss: 0.0233999 | Train Acc: 99.8277%
[Worker 14] Round 10 | Loss: 0.0196799 | Train Acc: 99.9139%
[Worker 13] Round 10 | Loss: 0.056509 | Train Acc: 99.1904%
[Worker 11] Round 10 | Loss: 0.0219413 | Train Acc: 99.8622%
[Worker 8] Round 10 | Loss: 0.0238407 | Train Acc: 99.8277%
[Worker 15] Round 10 | Loss: 0.020289 | Train Acc: 99.9139%
[Worker 12] Round 10 | Loss: 0.021904 | Train Acc: 99.8622%
[Central Round] 10 [Global Test Accuracy]: 85.64%
[Worker 2] Round 11 | Loss: 0.0164878 | Train Acc: 99.9655%
[Worker 7] Round 11 | Loss: 0.0831975 | Train Acc: 98.0362%
[Worker 4] Round 11 | Loss: 0.0217066 | Train Acc: 99.9139%
[Worker 1] Round 11 | Loss: 0.0156945 | Train Acc: 99.9139%
[Worker 6] Round 11 | Loss: 0.0154973 | Train Acc: 99.9483%
[Worker 5] Round 11 | Loss: 0.0178847 | Train Acc: 99.8622%
[Worker 3] Round 11 | Loss: 0.0153779 | Train Acc: 99.9655%
[Worker 29] Round 11 | Loss: 0.0230309 | Train Acc: 99.6899%
[Worker 26] Round 11 | Loss: 0.0199478 | Train Acc: 99.7933%
[Worker 28] Round 11 | Loss: 0.0745754 | Train Acc: 98.1223%
[Worker 27] Round 11 | Loss: 0.0194029 | Train Acc: 99.7761%
[Worker 25] Round 11 | Loss: 0.054633 | Train Acc: 99.1214%
[Worker 24] Round 11 | Loss: 0.0209924 | Train Acc: 99.9483%
[Worker 30] Round 11 | Loss: 0.0224795 | Train Acc: 99.7933%
[Worker 31] Round 11 | Loss: 0.0215039 | Train Acc: 99.7607%
[Worker 20] Round 11 | Loss: 0.0178326 | Train Acc: 99.9655%
[Worker 17] Round 11 | Loss: 0.0263477 | Train Acc: 99.7588%
[Worker 19] Round 11 | Loss: 0.1194 | Train Acc: 97.5883%
[Worker 21] Round 11 | Loss: 0.0185802 | Train Acc: 99.9311%
[Worker 16] Round 11 | Loss: 0.0676344 | Train Acc: 98.8975%
[Worker 23] Round 11 | Loss: 0.0204833 | Train Acc: 99.8794%
[Worker 22] Round 11 | Loss: 0.0399022 | Train Acc: 99.6382%
[Worker 18] Round 11 | Loss: 0.0285666 | Train Acc: 99.7761%
[Worker 13] Round 11 | Loss: 0.0563416 | Train Acc: 99.1731%
[Worker 11] Round 11 | Loss: 0.0223566 | Train Acc: 99.8105%
[Worker 15] Round 11 | Loss: 0.0211771 | Train Acc: 99.8105%
[Worker 10] Round 11 | Loss: 0.110986 | Train Acc: 96.8648%
[Worker 8] Round 11 | Loss: 0.0246311 | Train Acc: 99.6899%
[Worker 12] Round 11 | Loss: 0.0209296 | Train Acc: 99.8794%
[Worker 14] Round 11 | Loss: 0.0198475 | Train Acc: 99.845%
[Worker 9] Round 11 | Loss: 0.0239626 | Train Acc: 99.7071%
[Central Round] 11 [Global Test Accuracy]: 86.06%
[Worker 7] Round 12 | Loss: 0.0824719 | Train Acc: 98.3118%
[Worker 1] Round 12 | Loss: 0.0159594 | Train Acc: 99.9139%
[Worker 5] Round 12 | Loss: 0.0178364 | Train Acc: 99.845%
[Worker 2] Round 12 | Loss: 0.0168874 | Train Acc: 99.9139%
[Worker 6] Round 12 | Loss: 0.0152584 | Train Acc: 99.9655%
[Worker 4] Round 12 | Loss: 0.0220444 | Train Acc: 99.845%
[Worker 3] Round 12 | Loss: 0.0153233 | Train Acc: 99.9483%
[Worker 27] Round 12 | Loss: 0.0200281 | Train Acc: 99.7933%
[Worker 26] Round 12 | Loss: 0.0190486 | Train Acc: 99.8622%
[Worker 28] Round 12 | Loss: 0.0730161 | Train Acc: 98.2773%
[Worker 25] Round 12 | Loss: 0.0536688 | Train Acc: 99.0698%
[Worker 24] Round 12 | Loss: 0.0207132 | Train Acc: 99.9483%
[Worker 29] Round 12 | Loss: 0.0220827 | Train Acc: 99.7933%
[Worker 30] Round 12 | Loss: 0.0223139 | Train Acc: 99.7933%
[Worker 31] Round 12 | Loss: 0.0209028 | Train Acc: 99.812%
[Worker 17] Round 12 | Loss: 0.0255486 | Train Acc: 99.845%
[Worker 19] Round 12 | Loss: 0.117979 | Train Acc: 97.64%
[Worker 21] Round 12 | Loss: 0.0174994 | Train Acc: 99.9828%
[Worker 20] Round 12 | Loss: 0.0174799 | Train Acc: 99.9655%
[Worker 23] Round 12 | Loss: 0.0200508 | Train Acc: 99.8966%
[Worker 13] Round 12 | Loss: 0.0564955 | Train Acc: 99.1042%
[Worker 18] Round 12 | Loss: 0.028461 | Train Acc: 99.8105%
[Worker 11] Round 12 | Loss: 0.0225689 | Train Acc: 99.7933%
[Worker 16] Round 12 | Loss: 0.0660092 | Train Acc: 98.7597%
[Worker 9] Round 12 | Loss: 0.0240043 | Train Acc: 99.7761%
[Worker 22] Round 12 | Loss: 0.038208 | Train Acc: 99.7244%
[Worker 10] Round 12 | Loss: 0.109156 | Train Acc: 96.9509%
[Worker 15] Round 12 | Loss: 0.0211867 | Train Acc: 99.7933%
[Worker 14] Round 12 | Loss: 0.0194668 | Train Acc: 99.9139%
[Worker 8] Round 12 | Loss: 0.0239801 | Train Acc: 99.6727%
[Worker 12] Round 12 | Loss: 0.021814 | Train Acc: 99.8277%
[Central Round] 12 [Global Test Accuracy]: 86.43%
[Worker 2] Round 13 | Loss: 0.0169653 | Train Acc: 99.8966%
[Worker 6] Round 13 | Loss: 0.0149493 | Train Acc: 99.9655%
[Worker 4] Round 13 | Loss: 0.0213504 | Train Acc: 99.8966%
[Worker 1] Round 13 | Loss: 0.0151162 | Train Acc: 99.9483%
[Worker 7] Round 13 | Loss: 0.0818292 | Train Acc: 98.1223%
[Worker 5] Round 13 | Loss: 0.0181042 | Train Acc: 99.8105%
[Worker 3] Round 13 | Loss: 0.0152037 | Train Acc: 99.9483%
[Worker 10] Round 13 | Loss: 0.108721 | Train Acc: 97.0026%
[Worker 8] Round 13 | Loss: 0.0241768 | Train Acc: 99.6727%
[Worker 20] Round 13 | Loss: 0.0175196 | Train Acc: 99.9655%
[Worker 17] Round 13 | Loss: 0.0253089 | Train Acc: 99.8794%
[Worker 16] Round 13 | Loss: 0.0646934 | Train Acc: 98.7941%
[Worker 18] Round 13 | Loss: 0.0289994 | Train Acc: 99.7071%
[Worker 21] Round 13 | Loss: 0.0182417 | Train Acc: 99.9311%
[Worker 23] Round 13 | Loss: 0.0196557 | Train Acc: 99.8794%
[Worker 19] Round 13 | Loss: 0.117178 | Train Acc: 97.3988%
[Worker 22] Round 13 | Loss: 0.0370873 | Train Acc: 99.7416%
[Worker 27] Round 13 | Loss: 0.0190036 | Train Acc: 99.8622%
[Worker 26] Round 13 | Loss: 0.0194004 | Train Acc: 99.8622%
[Worker 25] Round 13 | Loss: 0.0520208 | Train Acc: 99.1387%
[Worker 29] Round 13 | Loss: 0.022116 | Train Acc: 99.7071%
[Worker 24] Round 13 | Loss: 0.0209322 | Train Acc: 99.845%
[Worker 28] Round 13 | Loss: 0.0730226 | Train Acc: 98.329%
[Worker 30] Round 13 | Loss: 0.0225618 | Train Acc: 99.7588%
[Worker 31] Round 13 | Loss: 0.020874 | Train Acc: 99.7949%
[Worker 14] Round 13 | Loss: 0.01966 | Train Acc: 99.8794%
[Worker 13] Round 13 | Loss: 0.0544239 | Train Acc: 99.0525%
[Worker 9] Round 13 | Loss: 0.0231625 | Train Acc: 99.7933%
[Worker 12] Round 13 | Loss: 0.0213787 | Train Acc: 99.8622%
[Worker 15] Round 13 | Loss: 0.0202234 | Train Acc: 99.8966%
[Worker 11] Round 13 | Loss: 0.0220226 | Train Acc: 99.8277%
[Central Round] 13 [Global Test Accuracy]: 86.65%
[Worker 4] Round 14 | Loss: 0.0212897 | Train Acc: 99.9139%
[Worker 2] Round 14 | Loss: 0.0163952 | Train Acc: 99.9139%
[Worker 1] Round 14 | Loss: 0.0153882 | Train Acc: 99.9311%
[Worker 6] Round 14 | Loss: 0.0157003 | Train Acc: 99.9139%
[Worker 7] Round 14 | Loss: 0.0808484 | Train Acc: 98.2084%
[Worker 5] Round 14 | Loss: 0.0179291 | Train Acc: 99.8277%
[Worker 3] Round 14 | Loss: 0.01504 | Train Acc: 99.9483%
[Worker 10] Round 14 | Loss: 0.107951 | Train Acc: 97.0026%
[Worker 14] Round 14 | Loss: 0.0197842 | Train Acc: 99.8277%
[Worker 8] Round 14 | Loss: 0.0239593 | Train Acc: 99.7588%
[Worker 29] Round 14 | Loss: 0.0223938 | Train Acc: 99.6555%
[Worker 27] Round 14 | Loss: 0.0191643 | Train Acc: 99.8277%
[Worker 26] Round 14 | Loss: 0.0197081 | Train Acc: 99.8105%
[Worker 25] Round 14 | Loss: 0.0520368 | Train Acc: 99.087%
[Worker 24] Round 14 | Loss: 0.0207662 | Train Acc: 99.8105%
[Worker 28] Round 14 | Loss: 0.0710651 | Train Acc: 98.3635%
[Worker 30] Round 14 | Loss: 0.0213762 | Train Acc: 99.7933%
[Worker 31] Round 14 | Loss: 0.0217156 | Train Acc: 99.7607%
[Worker 21] Round 14 | Loss: 0.0181387 | Train Acc: 99.9139%
[Worker 19] Round 14 | Loss: 0.114917 | Train Acc: 97.6572%
[Worker 20] Round 14 | Loss: 0.0175725 | Train Acc: 99.9311%
[Worker 17] Round 14 | Loss: 0.0261713 | Train Acc: 99.7761%
[Worker 23] Round 14 | Loss: 0.0195363 | Train Acc: 99.8966%
[Worker 16] Round 14 | Loss: 0.0634001 | Train Acc: 98.7252%
[Worker 18] Round 14 | Loss: 0.0278654 | Train Acc: 99.7933%
[Worker 22] Round 14 | Loss: 0.0368999 | Train Acc: 99.6555%
[Worker 11] Round 14 | Loss: 0.0222276 | Train Acc: 99.7933%
[Worker 9] Round 14 | Loss: 0.023808 | Train Acc: 99.7588%
[Worker 13] Round 14 | Loss: 0.0537693 | Train Acc: 99.1559%
[Worker 12] Round 14 | Loss: 0.0210683 | Train Acc: 99.845%
[Worker 15] Round 14 | Loss: 0.0203616 | Train Acc: 99.845%
[Central Round] 14 [Global Test Accuracy]: 86.92%
[Worker 7] Round 15 | Loss: 0.0806393 | Train Acc: 98.1223%
[Worker 4] Round 15 | Loss: 0.0207973 | Train Acc: 99.8794%
[Worker 2] Round 15 | Loss: 0.0163446 | Train Acc: 99.9483%
[Worker 1] Round 15 | Loss: 0.0151933 | Train Acc: 99.9483%
[Worker 6] Round 15 | Loss: 0.015534 | Train Acc: 99.9483%
[Worker 5] Round 15 | Loss: 0.0179221 | Train Acc: 99.8105%
[Worker 3] Round 15 | Loss: 0.01502 | Train Acc: 99.9311%
[Worker 8] Round 15 | Loss: 0.0235943 | Train Acc: 99.7416%
[Worker 27] Round 15 | Loss: 0.0194923 | Train Acc: 99.8622%
[Worker 26] Round 15 | Loss: 0.0195851 | Train Acc: 99.7933%
[Worker 28] Round 15 | Loss: 0.0718544 | Train Acc: 98.3635%
[Worker 29] Round 15 | Loss: 0.0214421 | Train Acc: 99.7933%
[Worker 25] Round 15 | Loss: 0.0511751 | Train Acc: 99.1904%
[Worker 24] Round 15 | Loss: 0.0209066 | Train Acc: 99.8622%
[Worker 30] Round 15 | Loss: 0.0216809 | Train Acc: 99.7588%
[Worker 20] Round 15 | Loss: 0.0177677 | Train Acc: 99.8966%
[Worker 31] Round 15 | Loss: 0.0206033 | Train Acc: 99.8462%
[Worker 21] Round 15 | Loss: 0.0183756 | Train Acc: 99.8622%
[Worker 19] Round 15 | Loss: 0.115443 | Train Acc: 97.64%
[Worker 16] Round 15 | Loss: 0.0621225 | Train Acc: 98.8114%
[Worker 18] Round 15 | Loss: 0.0277431 | Train Acc: 99.7761%
[Worker 17] Round 15 | Loss: 0.025639 | Train Acc: 99.8105%
[Worker 23] Round 15 | Loss: 0.0202669 | Train Acc: 99.8794%
[Worker 22] Round 15 | Loss: 0.0366446 | Train Acc: 99.6727%
[Worker 14] Round 15 | Loss: 0.0193214 | Train Acc: 99.8277%
[Worker 10] Round 15 | Loss: 0.106168 | Train Acc: 97.1059%
[Worker 11] Round 15 | Loss: 0.0224707 | Train Acc: 99.7761%
[Worker 9] Round 15 | Loss: 0.0234372 | Train Acc: 99.8105%
[Worker 13] Round 15 | Loss: 0.0526236 | Train Acc: 99.3109%
[Worker 15] Round 15 | Loss: 0.0205603 | Train Acc: 99.8105%
[Worker 12] Round 15 | Loss: 0.0209481 | Train Acc: 99.8277%
[Central Round] 15 [Global Test Accuracy]: 87.25%
[Worker 6] Round 16 | Loss: 0.0150612 | Train Acc: 99.9483%
[Worker 7] Round 16 | Loss: 0.0795204 | Train Acc: 98.0534%
[Worker 2] Round 16 | Loss: 0.0168406 | Train Acc: 99.8794%
[Worker 1] Round 16 | Loss: 0.0151085 | Train Acc: 99.9139%
[Worker 4] Round 16 | Loss: 0.0210032 | Train Acc: 99.845%
[Worker 5] Round 16 | Loss: 0.0176401 | Train Acc: 99.7588%
[Worker 3] Round 16 | Loss: 0.0151472 | Train Acc: 99.8794%
[Worker 10] Round 16 | Loss: 0.106549 | Train Acc: 96.9165%
[Worker 8] Round 16 | Loss: 0.0239618 | Train Acc: 99.7416%
[Worker 27] Round 16 | Loss: 0.0192929 | Train Acc: 99.8277%
[Worker 26] Round 16 | Loss: 0.0198734 | Train Acc: 99.8277%
[Worker 29] Round 16 | Loss: 0.0221963 | Train Acc: 99.7416%
[Worker 25] Round 16 | Loss: 0.0508548 | Train Acc: 99.1042%
[Worker 24] Round 16 | Loss: 0.0207164 | Train Acc: 99.7416%
[Worker 28] Round 16 | Loss: 0.071295 | Train Acc: 98.553%
[Worker 30] Round 16 | Loss: 0.0215985 | Train Acc: 99.8105%
[Worker 31] Round 16 | Loss: 0.0205162 | Train Acc: 99.812%
[Worker 19] Round 16 | Loss: 0.114778 | Train Acc: 97.4849%
[Worker 16] Round 16 | Loss: 0.061505 | Train Acc: 98.8631%
[Worker 20] Round 16 | Loss: 0.0175269 | Train Acc: 99.8966%
[Worker 21] Round 16 | Loss: 0.0182992 | Train Acc: 99.8622%
[Worker 23] Round 16 | Loss: 0.0197971 | Train Acc: 99.8622%
[Worker 17] Round 16 | Loss: 0.0254728 | Train Acc: 99.845%
[Worker 18] Round 16 | Loss: 0.0287337 | Train Acc: 99.6727%
[Worker 22] Round 16 | Loss: 0.0357697 | Train Acc: 99.6382%
[Worker 14] Round 16 | Loss: 0.0189031 | Train Acc: 99.8966%
[Worker 13] Round 16 | Loss: 0.0529699 | Train Acc: 99.1387%
[Worker 15] Round 16 | Loss: 0.0201237 | Train Acc: 99.845%
[Worker 11] Round 16 | Loss: 0.0220248 | Train Acc: 99.8622%
[Worker 9] Round 16 | Loss: 0.0237758 | Train Acc: 99.6555%
[Worker 12] Round 16 | Loss: 0.0220737 | Train Acc: 99.7588%
[Central Round] 16 [Global Test Accuracy]: 87.45%
[Worker 7] Round 17 | Loss: 0.0783762 | Train Acc: 98.2429%
[Worker 1] Round 17 | Loss: 0.0146944 | Train Acc: 99.9311%
[Worker 5] Round 17 | Loss: 0.017928 | Train Acc: 99.7244%
[Worker 3] Round 17 | Loss: 0.0155223 | Train Acc: 99.8966%
[Worker 17] Round 17 | Loss: 0.0250306 | Train Acc: 99.7933%
[Worker 19] Round 17 | Loss: 0.113345 | Train Acc: 97.5366%
[Worker 21] Round 17 | Loss: 0.0182583 | Train Acc: 99.8966%
[Worker 6] Round 17 | Loss: 0.0151659 | Train Acc: 99.9483%
[Worker 2] Round 17 | Loss: 0.0167696 | Train Acc: 99.9139%
[Worker 4] Round 17 | Loss: 0.020556 | Train Acc: 99.845%
[Worker 27] Round 17 | Loss: 0.0190215 | Train Acc: 99.8622%
[Worker 26] Round 17 | Loss: 0.0190296 | Train Acc: 99.8622%
[Worker 29] Round 17 | Loss: 0.0213233 | Train Acc: 99.7761%
[Worker 9] Round 17 | Loss: 0.0238865 | Train Acc: 99.7416%
[Worker 28] Round 17 | Loss: 0.0704174 | Train Acc: 98.5185%
[Worker 15] Round 17 | Loss: 0.0205199 | Train Acc: 99.8622%
[Worker 25] Round 17 | Loss: 0.0502957 | Train Acc: 99.1214%
[Worker 11] Round 17 | Loss: 0.0231839 | Train Acc: 99.7416%
[Worker 24] Round 17 | Loss: 0.020841 | Train Acc: 99.7933%
[Worker 13] Round 17 | Loss: 0.0517253 | Train Acc: 99.242%
[Worker 30] Round 17 | Loss: 0.0216277 | Train Acc: 99.7933%
[Worker 31] Round 17 | Loss: 0.0201098 | Train Acc: 99.7949%
[Worker 14] Round 17 | Loss: 0.0195422 | Train Acc: 99.7933%
[Worker 10] Round 17 | Loss: 0.105504 | Train Acc: 96.8992%
[Worker 8] Round 17 | Loss: 0.0240503 | Train Acc: 99.6382%
[Worker 18] Round 17 | Loss: 0.0287261 | Train Acc: 99.7071%
[Worker 20] Round 17 | Loss: 0.0173967 | Train Acc: 99.9139%
[Worker 23] Round 17 | Loss: 0.0199761 | Train Acc: 99.8794%
[Worker 12] Round 17 | Loss: 0.0218704 | Train Acc: 99.7588%
[Worker 16] Round 17 | Loss: 0.0607698 | Train Acc: 98.9147%
[Worker 22] Round 17 | Loss: 0.0356901 | Train Acc: 99.6555%
[Central Round] 17 [Global Test Accuracy]: 87.63%
[Worker 6] Round 18 | Loss: 0.0148637 | Train Acc: 99.9483%
[Worker 2] Round 18 | Loss: 0.0167461 | Train Acc: 99.845%
[Worker 4] Round 18 | Loss: 0.020803 | Train Acc: 99.8277%
[Worker 1] Round 18 | Loss: 0.0146816 | Train Acc: 99.9311%
[Worker 7] Round 18 | Loss: 0.0782179 | Train Acc: 98.1912%
[Worker 14] Round 18 | Loss: 0.0189731 | Train Acc: 99.8277%
[Worker 5] Round 18 | Loss: 0.0178433 | Train Acc: 99.7761%
[Worker 10] Round 18 | Loss: 0.105216 | Train Acc: 97.0198%
[Worker 8] Round 18 | Loss: 0.0241129 | Train Acc: 99.7244%
[Worker 12] Round 18 | Loss: 0.021058 | Train Acc: 99.7761%
[Worker 20] Round 18 | Loss: 0.0174248 | Train Acc: 99.8794%
[Worker 18] Round 18 | Loss: 0.0273063 | Train Acc: 99.7416%
[Worker 22] Round 18 | Loss: 0.0350207 | Train Acc: 99.6555%
[Worker 23] Round 18 | Loss: 0.0195302 | Train Acc: 99.8966%
[Worker 16] Round 18 | Loss: 0.060366 | Train Acc: 98.8975%
[Worker 3] Round 18 | Loss: 0.0147457 | Train Acc: 99.9139%
[Worker 21] Round 18 | Loss: 0.0176219 | Train Acc: 99.9311%
[Worker 17] Round 18 | Loss: 0.0249468 | Train Acc: 99.7933%
[Worker 19] Round 18 | Loss: 0.112943 | Train Acc: 97.5538%
[Worker 27] Round 18 | Loss: 0.0185594 | Train Acc: 99.8622%
[Worker 26] Round 18 | Loss: 0.0193232 | Train Acc: 99.845%
[Worker 25] Round 18 | Loss: 0.0497037 | Train Acc: 99.0525%
[Worker 28] Round 18 | Loss: 0.069277 | Train Acc: 98.3807%
[Worker 29] Round 18 | Loss: 0.0219267 | Train Acc: 99.7588%
[Worker 24] Round 18 | Loss: 0.020568 | Train Acc: 99.8277%
[Worker 30] Round 18 | Loss: 0.0215865 | Train Acc: 99.7416%
[Worker 15] Round 18 | Loss: 0.0204215 | Train Acc: 99.7933%
[Worker 13] Round 18 | Loss: 0.0510774 | Train Acc: 99.242%
[Worker 11] Round 18 | Loss: 0.0232593 | Train Acc: 99.6727%
[Worker 9] Round 18 | Loss: 0.0230392 | Train Acc: 99.7933%
[Worker 31] Round 18 | Loss: 0.0204412 | Train Acc: 99.8291%
[Central Round] 18 [Global Test Accuracy]: 87.83%
[Worker 1] Round 19 | Loss: 0.0150501 | Train Acc: 99.845%
[Worker 2] Round 19 | Loss: 0.0159289 | Train Acc: 99.9139%
[Worker 7] Round 19 | Loss: 0.0783419 | Train Acc: 98.2257%
[Worker 6] Round 19 | Loss: 0.0150846 | Train Acc: 99.8794%
[Worker 4] Round 19 | Loss: 0.0202691 | Train Acc: 99.8794%
[Worker 5] Round 19 | Loss: 0.0180764 | Train Acc: 99.7588%
[Worker 3] Round 19 | Loss: 0.01507 | Train Acc: 99.8966%
[Worker 10] Round 19 | Loss: 0.104355 | Train Acc: 97.0198%
[Worker 8] Round 19 | Loss: 0.0234659 | Train Acc: 99.7588%
[Worker 26] Round 19 | Loss: 0.0189747 | Train Acc: 99.9139%
[Worker 27] Round 19 | Loss: 0.0196451 | Train Acc: 99.7416%
[Worker 28] Round 19 | Loss: 0.0680275 | Train Acc: 98.4668%
[Worker 25] Round 19 | Loss: 0.0495811 | Train Acc: 99.1042%
[Worker 24] Round 19 | Loss: 0.0206276 | Train Acc: 99.8105%
[Worker 29] Round 19 | Loss: 0.0226137 | Train Acc: 99.6382%
[Worker 30] Round 19 | Loss: 0.0214406 | Train Acc: 99.7416%
[Worker 31] Round 19 | Loss: 0.0203034 | Train Acc: 99.8291%
[Worker 14] Round 19 | Loss: 0.0197897 | Train Acc: 99.7416%
[Worker 9] Round 19 | Loss: 0.023162 | Train Acc: 99.7244%
[Worker 11] Round 19 | Loss: 0.0232583 | Train Acc: 99.6382%
[Worker 13] Round 19 | Loss: 0.0501998 | Train Acc: 99.2593%
[Worker 15] Round 19 | Loss: 0.0205049 | Train Acc: 99.7416%
[Worker 20] Round 19 | Loss: 0.0168891 | Train Acc: 99.8966%
[Worker 17] Round 19 | Loss: 0.0247188 | Train Acc: 99.845%
[Worker 19] Round 19 | Loss: 0.112579 | Train Acc: 97.4333%
[Worker 21] Round 19 | Loss: 0.0174971 | Train Acc: 99.9483%
[Worker 23] Round 19 | Loss: 0.0194988 | Train Acc: 99.8105%
[Worker 18] Round 19 | Loss: 0.0268676 | Train Acc: 99.7588%
[Worker 16] Round 19 | Loss: 0.0598635 | Train Acc: 98.7425%
[Worker 22] Round 19 | Loss: 0.0351157 | Train Acc: 99.6038%
[Worker 12] Round 19 | Loss: 0.021457 | Train Acc: 99.8105%
[Central Round] 19 [Global Test Accuracy]: 87.99%
[Worker 1] Round 20 | Loss: 0.0143801 | Train Acc: 99.8794%
[Worker 2] Round 20 | Loss: 0.0167611 | Train Acc: 99.8966%
[Worker 7] Round 20 | Loss: 0.0763503 | Train Acc: 98.3807%
[Worker 6] Round 20 | Loss: 0.0149561 | Train Acc: 99.9311%
[Worker 5] Round 20 | Loss: 0.0185312 | Train Acc: 99.7761%
[Worker 4] Round 20 | Loss: 0.0203806 | Train Acc: 99.845%
[Worker 3] Round 20 | Loss: 0.0147348 | Train Acc: 99.8966%
[Worker 26] Round 20 | Loss: 0.019306 | Train Acc: 99.7933%
[Worker 27] Round 20 | Loss: 0.0193294 | Train Acc: 99.7416%
[Worker 24] Round 20 | Loss: 0.021076 | Train Acc: 99.8105%
[Worker 28] Round 20 | Loss: 0.0679181 | Train Acc: 98.553%
[Worker 25] Round 20 | Loss: 0.048644 | Train Acc: 99.2076%
[Worker 30] Round 20 | Loss: 0.0220111 | Train Acc: 99.7416%
[Worker 29] Round 20 | Loss: 0.021863 | Train Acc: 99.7244%
[Worker 31] Round 20 | Loss: 0.0207384 | Train Acc: 99.7607%
[Worker 17] Round 20 | Loss: 0.0249265 | Train Acc: 99.7588%
[Worker 20] Round 20 | Loss: 0.016965 | Train Acc: 99.9483%
[Worker 21] Round 20 | Loss: 0.017265 | Train Acc: 99.8966%
[Worker 18] Round 20 | Loss: 0.0272723 | Train Acc: 99.7416%
[Worker 19] Round 20 | Loss: 0.110653 | Train Acc: 97.5366%
[Worker 16] Round 20 | Loss: 0.0595191 | Train Acc: 98.8458%
[Worker 22] Round 20 | Loss: 0.0345462 | Train Acc: 99.6382%
[Worker 23] Round 20 | Loss: 0.0191351 | Train Acc: 99.8794%
[Worker 14] Round 20 | Loss: 0.0192407 | Train Acc: 99.845%
[Worker 9] Round 20 | Loss: 0.0231984 | Train Acc: 99.7761%
[Worker 12] Round 20 | Loss: 0.0206529 | Train Acc: 99.8794%
[Worker 10] Round 20 | Loss: 0.102911 | Train Acc: 97.1404%
[Worker 15] Round 20 | Loss: 0.0209618 | Train Acc: 99.7416%
[Worker 13] Round 20 | Loss: 0.0502118 | Train Acc: 99.2593%
[Worker 11] Round 20 | Loss: 0.0231526 | Train Acc: 99.7761%
[Worker 8] Round 20 | Loss: 0.0242097 | Train Acc: 99.6382%
[Central Round] 20 [Global Test Accuracy]: 88.03%
[Worker 6] Round 21 | Loss: 0.014783 | Train Acc: 99.8966%
[Worker 1] Round 21 | Loss: 0.0146801 | Train Acc: 99.8794%
[Worker 2] Round 21 | Loss: 0.01583 | Train Acc: 99.9139%
[Worker 7] Round 21 | Loss: 0.077237 | Train Acc: 98.174%
[Worker 4] Round 21 | Loss: 0.0198794 | Train Acc: 99.8794%
[Worker 5] Round 21 | Loss: 0.0188486 | Train Acc: 99.7071%
[Worker 3] Round 21 | Loss: 0.0145813 | Train Acc: 99.9139%
[Worker 14] Round 21 | Loss: 0.0195033 | Train Acc: 99.7416%
[Worker 27] Round 21 | Loss: 0.0193208 | Train Acc: 99.7933%
[Worker 26] Round 21 | Loss: 0.019631 | Train Acc: 99.8105%
[Worker 28] Round 21 | Loss: 0.0672235 | Train Acc: 98.6219%
[Worker 25] Round 21 | Loss: 0.0483445 | Train Acc: 99.1214%
[Worker 29] Round 21 | Loss: 0.0216074 | Train Acc: 99.7416%
[Worker 24] Round 21 | Loss: 0.0206163 | Train Acc: 99.7933%
[Worker 30] Round 21 | Loss: 0.0220283 | Train Acc: 99.7933%
[Worker 31] Round 21 | Loss: 0.0202586 | Train Acc: 99.7607%
[Worker 19] Round 21 | Loss: 0.110015 | Train Acc: 97.6055%
[Worker 17] Round 21 | Loss: 0.0242553 | Train Acc: 99.8277%
[Worker 20] Round 21 | Loss: 0.0171215 | Train Acc: 99.9311%
[Worker 21] Round 21 | Loss: 0.0172947 | Train Acc: 99.9311%
[Worker 18] Round 21 | Loss: 0.0272842 | Train Acc: 99.7761%
[Worker 23] Round 21 | Loss: 0.0196805 | Train Acc: 99.7761%
[Worker 16] Round 21 | Loss: 0.0581481 | Train Acc: 99.0009%
[Worker 22] Round 21 | Loss: 0.0339451 | Train Acc: 99.6382%
[Worker 8] Round 21 | Loss: 0.0243374 | Train Acc: 99.6382%
[Worker 10] Round 21 | Loss: 0.103221 | Train Acc: 96.9337%
[Worker 12] Round 21 | Loss: 0.0208998 | Train Acc: 99.7761%
[Worker 13] Round 21 | Loss: 0.0508302 | Train Acc: 99.1904%
[Worker 11] Round 21 | Loss: 0.0232232 | Train Acc: 99.7244%
[Worker 15] Round 21 | Loss: 0.0204988 | Train Acc: 99.845%
[Worker 9] Round 21 | Loss: 0.0232124 | Train Acc: 99.7416%
[Central Round] 21 [Global Test Accuracy]: 88.08%
[Worker 2] Round 22 | Loss: 0.0167435 | Train Acc: 99.845%
[Worker 4] Round 22 | Loss: 0.0200844 | Train Acc: 99.845%
[Worker 7] Round 22 | Loss: 0.0752426 | Train Acc: 98.2946%
[Worker 6] Round 22 | Loss: 0.0144829 | Train Acc: 99.9483%
[Worker 1] Round 22 | Loss: 0.0147494 | Train Acc: 99.8966%
[Worker 5] Round 22 | Loss: 0.0176241 | Train Acc: 99.7933%
[Worker 3] Round 22 | Loss: 0.0142293 | Train Acc: 99.9655%
[Worker 10] Round 22 | Loss: 0.102533 | Train Acc: 97.0887%
[Worker 26] Round 22 | Loss: 0.01924 | Train Acc: 99.8794%
[Worker 27] Round 22 | Loss: 0.0192479 | Train Acc: 99.7588%
[Worker 25] Round 22 | Loss: 0.0482923 | Train Acc: 99.1214%
[Worker 29] Round 22 | Loss: 0.0223811 | Train Acc: 99.7416%
[Worker 28] Round 22 | Loss: 0.0668093 | Train Acc: 98.5357%
[Worker 24] Round 22 | Loss: 0.0210505 | Train Acc: 99.7244%
[Worker 30] Round 22 | Loss: 0.0216655 | Train Acc: 99.7244%
[Worker 31] Round 22 | Loss: 0.020629 | Train Acc: 99.7949%
[Worker 20] Round 22 | Loss: 0.0170991 | Train Acc: 99.8794%
[Worker 21] Round 22 | Loss: 0.0174094 | Train Acc: 99.9139%
[Worker 19] Round 22 | Loss: 0.109424 | Train Acc: 97.5194%
[Worker 17] Round 22 | Loss: 0.0246812 | Train Acc: 99.7761%
[Worker 16] Round 22 | Loss: 0.0579629 | Train Acc: 98.932%
[Worker 22] Round 22 | Loss: 0.0339876 | Train Acc: 99.621%
[Worker 18] Round 22 | Loss: 0.027326 | Train Acc: 99.7071%
[Worker 23] Round 22 | Loss: 0.0191837 | Train Acc: 99.845%
[Worker 14] Round 22 | Loss: 0.019774 | Train Acc: 99.8277%
[Worker 8] Round 22 | Loss: 0.0246178 | Train Acc: 99.5866%
[Worker 11] Round 22 | Loss: 0.0234823 | Train Acc: 99.7244%
[Worker 9] Round 22 | Loss: 0.023613 | Train Acc: 99.7416%
[Worker 13] Round 22 | Loss: 0.049841 | Train Acc: 99.2248%
[Worker 12] Round 22 | Loss: 0.0212882 | Train Acc: 99.8277%
[Worker 15] Round 22 | Loss: 0.0211762 | Train Acc: 99.7416%
[Central Round] 22 [Global Test Accuracy]: 88.12%
[Worker 2] Round 23 | Loss: 0.0161465 | Train Acc: 99.845%
[Worker 4] Round 23 | Loss: 0.0195617 | Train Acc: 99.8277%
[Worker 1] Round 23 | Loss: 0.0146315 | Train Acc: 99.9139%
[Worker 7] Round 23 | Loss: 0.074694 | Train Acc: 98.2257%
[Worker 6] Round 23 | Loss: 0.0148413 | Train Acc: 99.9139%
[Worker 5] Round 23 | Loss: 0.0183014 | Train Acc: 99.7244%
[Worker 3] Round 23 | Loss: 0.0143216 | Train Acc: 99.9311%
[Worker 27] Round 23 | Loss: 0.0191134 | Train Acc: 99.7588%
[Worker 26] Round 23 | Loss: 0.019416 | Train Acc: 99.8105%
[Worker 24] Round 23 | Loss: 0.0206635 | Train Acc: 99.7933%
[Worker 25] Round 23 | Loss: 0.0484749 | Train Acc: 99.1387%
[Worker 29] Round 23 | Loss: 0.0215031 | Train Acc: 99.7416%
[Worker 30] Round 23 | Loss: 0.021545 | Train Acc: 99.7761%
[Worker 28] Round 23 | Loss: 0.0671359 | Train Acc: 98.4152%
[Worker 31] Round 23 | Loss: 0.0208478 | Train Acc: 99.7607%
[Worker 21] Round 23 | Loss: 0.0172471 | Train Acc: 99.9139%
[Worker 19] Round 23 | Loss: 0.11001 | Train Acc: 97.6055%
[Worker 17] Round 23 | Loss: 0.0247758 | Train Acc: 99.8105%
[Worker 20] Round 23 | Loss: 0.0167466 | Train Acc: 99.8794%
[Worker 16] Round 23 | Loss: 0.0569506 | Train Acc: 98.9664%
[Worker 18] Round 23 | Loss: 0.0272453 | Train Acc: 99.6727%
[Worker 23] Round 23 | Loss: 0.0195559 | Train Acc: 99.8277%
[Worker 22] Round 23 | Loss: 0.0332144 | Train Acc: 99.6899%
[Worker 10] Round 23 | Loss: 0.101755 | Train Acc: 97.037%
[Worker 11] Round 23 | Loss: 0.023763 | Train Acc: 99.6555%
[Worker 14] Round 23 | Loss: 0.0190493 | Train Acc: 99.845%
[Worker 8] Round 23 | Loss: 0.0248907 | Train Acc: 99.6382%
[Worker 9] Round 23 | Loss: 0.0231577 | Train Acc: 99.7071%
[Worker 15] Round 23 | Loss: 0.0211459 | Train Acc: 99.7588%
[Worker 13] Round 23 | Loss: 0.0501462 | Train Acc: 99.1559%
[Worker 12] Round 23 | Loss: 0.020574 | Train Acc: 99.7933%
[Central Round] 23 [Global Test Accuracy]: 88.32%
[Worker 4] Round 24 | Loss: 0.0201196 | Train Acc: 99.7761%
[Worker 6] Round 24 | Loss: 0.0147506 | Train Acc: 99.9139%
[Worker 1] Round 24 | Loss: 0.015142 | Train Acc: 99.8622%
[Worker 7] Round 24 | Loss: 0.0755804 | Train Acc: 98.2257%
[Worker 2] Round 24 | Loss: 0.0162665 | Train Acc: 99.8794%
[Worker 5] Round 24 | Loss: 0.0179569 | Train Acc: 99.7416%
[Worker 3] Round 24 | Loss: 0.0149696 | Train Acc: 99.8794%
[Worker 10] Round 24 | Loss: 0.103097 | Train Acc: 96.8992%
[Worker 8] Round 24 | Loss: 0.024334 | Train Acc: 99.6555%
[Worker 14] Round 24 | Loss: 0.0190416 | Train Acc: 99.7933%
[Worker 27] Round 24 | Loss: 0.0191733 | Train Acc: 99.7933%
[Worker 26] Round 24 | Loss: 0.0195492 | Train Acc: 99.8105%
[Worker 25] Round 24 | Loss: 0.0472005 | Train Acc: 99.1559%
[Worker 28] Round 24 | Loss: 0.0669171 | Train Acc: 98.5357%
[Worker 24] Round 24 | Loss: 0.0208754 | Train Acc: 99.7588%
[Worker 29] Round 24 | Loss: 0.0217705 | Train Acc: 99.7761%
[Worker 30] Round 24 | Loss: 0.0215376 | Train Acc: 99.7071%
[Worker 31] Round 24 | Loss: 0.0213334 | Train Acc: 99.7436%
[Worker 19] Round 24 | Loss: 0.109047 | Train Acc: 97.5711%
[Worker 20] Round 24 | Loss: 0.016885 | Train Acc: 99.8794%
[Worker 17] Round 24 | Loss: 0.0243464 | Train Acc: 99.8277%
[Worker 18] Round 24 | Loss: 0.0268674 | Train Acc: 99.7244%
[Worker 21] Round 24 | Loss: 0.0176225 | Train Acc: 99.9483%
[Worker 22] Round 24 | Loss: 0.0333416 | Train Acc: 99.6555%
[Worker 23] Round 24 | Loss: 0.0194746 | Train Acc: 99.7933%
[Worker 16] Round 24 | Loss: 0.0573633 | Train Acc: 98.8803%
[Worker 11] Round 24 | Loss: 0.0237407 | Train Acc: 99.6038%
[Worker 13] Round 24 | Loss: 0.0490558 | Train Acc: 99.1904%
[Worker 9] Round 24 | Loss: 0.0239063 | Train Acc: 99.6555%
[Worker 12] Round 24 | Loss: 0.0212096 | Train Acc: 99.7416%
[Worker 15] Round 24 | Loss: 0.0207759 | Train Acc: 99.7244%
[Central Round] 24 [Global Test Accuracy]: 88.36%
[Worker 7] Round 25 | Loss: 0.074383 | Train Acc: 98.2773%
[Worker 6] Round 25 | Loss: 0.0144376 | Train Acc: 99.9139%
[Worker 1] Round 25 | Loss: 0.0150785 | Train Acc: 99.845%
[Worker 2] Round 25 | Loss: 0.0159664 | Train Acc: 99.9139%
[Worker 4] Round 25 | Loss: 0.0200375 | Train Acc: 99.7416%
[Worker 5] Round 25 | Loss: 0.0182477 | Train Acc: 99.7588%
[Worker 3] Round 25 | Loss: 0.015173 | Train Acc: 99.8794%
[Worker 27] Round 25 | Loss: 0.0194098 | Train Acc: 99.7244%
[Worker 26] Round 25 | Loss: 0.019578 | Train Acc: 99.8105%
[Worker 28] Round 25 | Loss: 0.0653449 | Train Acc: 98.6047%
[Worker 24] Round 25 | Loss: 0.0208296 | Train Acc: 99.7416%
[Worker 29] Round 25 | Loss: 0.0217489 | Train Acc: 99.7933%
[Worker 25] Round 25 | Loss: 0.0472036 | Train Acc: 99.0181%
[Worker 30] Round 25 | Loss: 0.0213793 | Train Acc: 99.7244%
[Worker 31] Round 25 | Loss: 0.0205528 | Train Acc: 99.8291%
[Worker 20] Round 25 | Loss: 0.016788 | Train Acc: 99.8794%
[Worker 17] Round 25 | Loss: 0.0243066 | Train Acc: 99.7588%
[Worker 21] Round 25 | Loss: 0.0175065 | Train Acc: 99.9139%
[Worker 16] Round 25 | Loss: 0.0567777 | Train Acc: 98.932%
[Worker 22] Round 25 | Loss: 0.0334614 | Train Acc: 99.5349%
[Worker 23] Round 25 | Loss: 0.0196666 | Train Acc: 99.7588%
[Worker 18] Round 25 | Loss: 0.0275016 | Train Acc: 99.7588%
[Worker 19] Round 25 | Loss: 0.109951 | Train Acc: 97.416%
[Worker 10] Round 25 | Loss: 0.101146 | Train Acc: 97.037%
[Worker 15] Round 25 | Loss: 0.0208029 | Train Acc: 99.7416%
[Worker 11] Round 25 | Loss: 0.0232201 | Train Acc: 99.6382%
[Worker 13] Round 25 | Loss: 0.0492819 | Train Acc: 99.2248%
[Worker 14] Round 25 | Loss: 0.0195096 | Train Acc: 99.7071%
[Worker 8] Round 25 | Loss: 0.0245149 | Train Acc: 99.6038%
[Worker 9] Round 25 | Loss: 0.0236279 | Train Acc: 99.6899%
[Worker 12] Round 25 | Loss: 0.0209549 | Train Acc: 99.7761%
[Central Round] 25 [Global Test Accuracy]: 88.56%
[Worker 2] Round 26 | Loss: 0.0174441 | Train Acc: 99.7761%
[Worker 6] Round 26 | Loss: 0.0149157 | Train Acc: 99.9139%
[Worker 4] Round 26 | Loss: 0.0200623 | Train Acc: 99.7933%
[Worker 7] Round 26 | Loss: 0.0750348 | Train Acc: 98.2084%
[Worker 1] Round 26 | Loss: 0.0149769 | Train Acc: 99.845%
[Worker 5] Round 26 | Loss: 0.0179728 | Train Acc: 99.7588%
[Worker 3] Round 26 | Loss: 0.0144798 | Train Acc: 99.9311%
[Worker 26] Round 26 | Loss: 0.0190274 | Train Acc: 99.8277%
[Worker 28] Round 26 | Loss: 0.0657036 | Train Acc: 98.6219%
[Worker 27] Round 26 | Loss: 0.0191052 | Train Acc: 99.845%
[Worker 25] Round 26 | Loss: 0.0463159 | Train Acc: 99.1559%
[Worker 24] Round 26 | Loss: 0.020744 | Train Acc: 99.7244%
[Worker 29] Round 26 | Loss: 0.0226433 | Train Acc: 99.6899%
[Worker 30] Round 26 | Loss: 0.0207726 | Train Acc: 99.7244%
[Worker 31] Round 26 | Loss: 0.0203319 | Train Acc: 99.7436%
[Worker 20] Round 26 | Loss: 0.0169087 | Train Acc: 99.845%
[Worker 19] Round 26 | Loss: 0.108403 | Train Acc: 97.4505%
[Worker 17] Round 26 | Loss: 0.0238499 | Train Acc: 99.8622%
[Worker 18] Round 26 | Loss: 0.0279076 | Train Acc: 99.7071%
[Worker 21] Round 26 | Loss: 0.0172035 | Train Acc: 99.8966%
[Worker 16] Round 26 | Loss: 0.0563442 | Train Acc: 98.8803%
[Worker 22] Round 26 | Loss: 0.0326205 | Train Acc: 99.7071%
[Worker 23] Round 26 | Loss: 0.0194985 | Train Acc: 99.845%
[Worker 13] Round 26 | Loss: 0.0490438 | Train Acc: 99.2248%
[Worker 9] Round 26 | Loss: 0.0236137 | Train Acc: 99.6727%
[Worker 10] Round 26 | Loss: 0.101439 | Train Acc: 97.1059%
[Worker 15] Round 26 | Loss: 0.0214484 | Train Acc: 99.7416%
[Worker 11] Round 26 | Loss: 0.023567 | Train Acc: 99.7416%
[Worker 14] Round 26 | Loss: 0.0192346 | Train Acc: 99.7933%
[Worker 8] Round 26 | Loss: 0.0251363 | Train Acc: 99.466%
[Worker 12] Round 26 | Loss: 0.0214484 | Train Acc: 99.7761%
[Central Round] 26 [Global Test Accuracy]: 88.52%
[Worker 2] Round 27 | Loss: 0.0157003 | Train Acc: 99.9139%
[Worker 7] Round 27 | Loss: 0.0742993 | Train Acc: 98.2257%
[Worker 6] Round 27 | Loss: 0.0148978 | Train Acc: 99.8966%
[Worker 1] Round 27 | Loss: 0.0146718 | Train Acc: 99.9311%
[Worker 4] Round 27 | Loss: 0.0193103 | Train Acc: 99.8105%
[Worker 5] Round 27 | Loss: 0.0189086 | Train Acc: 99.6899%
[Worker 3] Round 27 | Loss: 0.0142856 | Train Acc: 99.8794%
[Worker 27] Round 27 | Loss: 0.0188648 | Train Acc: 99.7761%
[Worker 26] Round 27 | Loss: 0.0189835 | Train Acc: 99.8966%
[Worker 25] Round 27 | Loss: 0.0463106 | Train Acc: 99.1042%
[Worker 24] Round 27 | Loss: 0.021357 | Train Acc: 99.6899%
[Worker 28] Round 27 | Loss: 0.0653567 | Train Acc: 98.5874%
[Worker 30] Round 27 | Loss: 0.0214242 | Train Acc: 99.7244%
[Worker 29] Round 27 | Loss: 0.0211583 | Train Acc: 99.7416%
[Worker 21] Round 27 | Loss: 0.0169159 | Train Acc: 99.8966%
[Worker 31] Round 27 | Loss: 0.0201955 | Train Acc: 99.8633%
[Worker 20] Round 27 | Loss: 0.0173285 | Train Acc: 99.845%
[Worker 19] Round 27 | Loss: 0.109198 | Train Acc: 97.5538%
[Worker 17] Round 27 | Loss: 0.024326 | Train Acc: 99.8277%
[Worker 23] Round 27 | Loss: 0.0198128 | Train Acc: 99.7416%
[Worker 16] Round 27 | Loss: 0.0556281 | Train Acc: 98.9147%
[Worker 22] Round 27 | Loss: 0.0328961 | Train Acc: 99.5866%
[Worker 18] Round 27 | Loss: 0.0266452 | Train Acc: 99.7416%
[Worker 14] Round 27 | Loss: 0.0196311 | Train Acc: 99.7933%
[Worker 13] Round 27 | Loss: 0.0482986 | Train Acc: 99.2593%
[Worker 9] Round 27 | Loss: 0.0231179 | Train Acc: 99.7244%
[Worker 10] Round 27 | Loss: 0.100507 | Train Acc: 97.037%
[Worker 15] Round 27 | Loss: 0.0213012 | Train Acc: 99.7244%
[Worker 11] Round 27 | Loss: 0.0244603 | Train Acc: 99.621%
[Worker 8] Round 27 | Loss: 0.0254312 | Train Acc: 99.621%
[Worker 12] Round 27 | Loss: 0.0220085 | Train Acc: 99.6899%
[Central Round] 27 [Global Test Accuracy]: 88.69%
[Worker 6] Round 28 | Loss: 0.0148893 | Train Acc: 99.9311%
[Worker 1] Round 28 | Loss: 0.0151168 | Train Acc: 99.8277%
[Worker 2] Round 28 | Loss: 0.0158734 | Train Acc: 99.8966%
[Worker 7] Round 28 | Loss: 0.0737654 | Train Acc: 98.2601%
[Worker 4] Round 28 | Loss: 0.0194002 | Train Acc: 99.845%
[Worker 5] Round 28 | Loss: 0.018087 | Train Acc: 99.7588%
[Worker 3] Round 28 | Loss: 0.0142008 | Train Acc: 99.9311%
[Worker 14] Round 28 | Loss: 0.0195262 | Train Acc: 99.7588%
[Worker 10] Round 28 | Loss: 0.099573 | Train Acc: 97.1232%
[Worker 27] Round 28 | Loss: 0.0192413 | Train Acc: 99.8105%
[Worker 28] Round 28 | Loss: 0.0650822 | Train Acc: 98.5702%
[Worker 26] Round 28 | Loss: 0.0188586 | Train Acc: 99.8105%
[Worker 25] Round 28 | Loss: 0.0465061 | Train Acc: 99.1387%
[Worker 29] Round 28 | Loss: 0.0223186 | Train Acc: 99.6727%
[Worker 24] Round 28 | Loss: 0.0210335 | Train Acc: 99.7416%
[Worker 20] Round 28 | Loss: 0.0174549 | Train Acc: 99.7933%
[Worker 30] Round 28 | Loss: 0.0219139 | Train Acc: 99.7933%
[Worker 17] Round 28 | Loss: 0.0242098 | Train Acc: 99.7071%
[Worker 23] Round 28 | Loss: 0.0191479 | Train Acc: 99.8105%
[Worker 21] Round 28 | Loss: 0.016995 | Train Acc: 99.8966%
[Worker 18] Round 28 | Loss: 0.0268084 | Train Acc: 99.6555%
[Worker 19] Round 28 | Loss: 0.107169 | Train Acc: 97.5711%
[Worker 22] Round 28 | Loss: 0.0323903 | Train Acc: 99.621%
[Worker 16] Round 28 | Loss: 0.0545649 | Train Acc: 98.9492%
[Worker 31] Round 28 | Loss: 0.020061 | Train Acc: 99.8291%
[Worker 8] Round 28 | Loss: 0.0246827 | Train Acc: 99.6899%
[Worker 13] Round 28 | Loss: 0.0484075 | Train Acc: 99.2937%
[Worker 11] Round 28 | Loss: 0.023846 | Train Acc: 99.7071%
[Worker 15] Round 28 | Loss: 0.021429 | Train Acc: 99.6038%
[Worker 12] Round 28 | Loss: 0.0214035 | Train Acc: 99.8277%
[Worker 9] Round 28 | Loss: 0.0237665 | Train Acc: 99.6038%
[Central Round] 28 [Global Test Accuracy]: 88.75%
[Worker 1] Round 29 | Loss: 0.0142586 | Train Acc: 99.8794%
[Worker 7] Round 29 | Loss: 0.0729337 | Train Acc: 98.2946%
[Worker 5] Round 29 | Loss: 0.0185729 | Train Acc: 99.6899%
[Worker 3] Round 29 | Loss: 0.0145321 | Train Acc: 99.8794%
[Worker 19] Round 29 | Loss: 0.107326 | Train Acc: 97.6916%
[Worker 17] Round 29 | Loss: 0.0242567 | Train Acc: 99.7761%
[Worker 21] Round 29 | Loss: 0.0169561 | Train Acc: 99.9655%
[Worker 6] Round 29 | Loss: 0.0143803 | Train Acc: 99.9311%
[Worker 2] Round 29 | Loss: 0.016394 | Train Acc: 99.8794%
[Worker 4] Round 29 | Loss: 0.0198782 | Train Acc: 99.7761%
[Worker 25] Round 29 | Loss: 0.0459321 | Train Acc: 99.2076%
[Worker 24] Round 29 | Loss: 0.0210688 | Train Acc: 99.7416%
[Worker 27] Round 29 | Loss: 0.0192582 | Train Acc: 99.7416%
[Worker 11] Round 29 | Loss: 0.0236759 | Train Acc: 99.6382%
[Worker 15] Round 29 | Loss: 0.0215507 | Train Acc: 99.6899%
[Worker 9] Round 29 | Loss: 0.0243708 | Train Acc: 99.6038%
[Worker 29] Round 29 | Loss: 0.0217939 | Train Acc: 99.621%
[Worker 26] Round 29 | Loss: 0.020099 | Train Acc: 99.7588%
[Worker 30] Round 29 | Loss: 0.0213744 | Train Acc: 99.7761%
[Worker 28] Round 29 | Loss: 0.0648998 | Train Acc: 98.4496%
[Worker 13] Round 29 | Loss: 0.0478647 | Train Acc: 99.1904%
[Worker 31] Round 29 | Loss: 0.0199592 | Train Acc: 99.8291%
[Worker 14] Round 29 | Loss: 0.0199175 | Train Acc: 99.7588%
[Worker 10] Round 29 | Loss: 0.100083 | Train Acc: 96.9337%
[Worker 8] Round 29 | Loss: 0.0239868 | Train Acc: 99.6555%
[Worker 12] Round 29 | Loss: 0.0215598 | Train Acc: 99.7244%
[Worker 20] Round 29 | Loss: 0.0167196 | Train Acc: 99.8794%
[Worker 23] Round 29 | Loss: 0.0196492 | Train Acc: 99.8105%
[Worker 16] Round 29 | Loss: 0.054622 | Train Acc: 98.9492%
[Worker 22] Round 29 | Loss: 0.0320903 | Train Acc: 99.621%
[Worker 18] Round 29 | Loss: 0.0265977 | Train Acc: 99.7588%
[Central Round] 29 [Global Test Accuracy]: 88.85%
[Worker 2] Round 30 | Loss: 0.0162354 | Train Acc: 99.8622%
[Worker 4] Round 30 | Loss: 0.0198158 | Train Acc: 99.7761%
[Worker 6] Round 30 | Loss: 0.0154596 | Train Acc: 99.8966%
[Worker 1] Round 30 | Loss: 0.0152726 | Train Acc: 99.7761%
[Worker 7] Round 30 | Loss: 0.0738022 | Train Acc: 98.174%
[Worker 14] Round 30 | Loss: 0.0193512 | Train Acc: 99.8105%
[Worker 5] Round 30 | Loss: 0.0188242 | Train Acc: 99.7244%
[Worker 20] Round 30 | Loss: 0.0172468 | Train Acc: 99.8277%
[Worker 16] Round 30 | Loss: 0.0549748 | Train Acc: 98.932%
[Worker 10] Round 30 | Loss: 0.0990202 | Train Acc: 97.0715%
[Worker 23] Round 30 | Loss: 0.0198519 | Train Acc: 99.7933%
[Worker 8] Round 30 | Loss: 0.0251232 | Train Acc: 99.6038%
[Worker 18] Round 30 | Loss: 0.0258648 | Train Acc: 99.8105%
[Worker 22] Round 30 | Loss: 0.0320242 | Train Acc: 99.6899%
[Worker 12] Round 30 | Loss: 0.0209492 | Train Acc: 99.8277%
[Worker 3] Round 30 | Loss: 0.0142952 | Train Acc: 99.8622%
[Worker 17] Round 30 | Loss: 0.0241782 | Train Acc: 99.7933%
[Worker 21] Round 30 | Loss: 0.0171977 | Train Acc: 99.9139%
[Worker 19] Round 30 | Loss: 0.106223 | Train Acc: 97.5538%
[Worker 11] Round 30 | Loss: 0.0240692 | Train Acc: 99.6555%
[Worker 26] Round 30 | Loss: 0.0195288 | Train Acc: 99.7071%
[Worker 27] Round 30 | Loss: 0.0199561 | Train Acc: 99.7071%
[Worker 25] Round 30 | Loss: 0.0452033 | Train Acc: 99.1387%
[Worker 24] Round 30 | Loss: 0.0207065 | Train Acc: 99.7761%
[Worker 13] Round 30 | Loss: 0.0470709 | Train Acc: 99.2248%
[Worker 30] Round 30 | Loss: 0.0209861 | Train Acc: 99.7933%
[Worker 9] Round 30 | Loss: 0.0236338 | Train Acc: 99.7416%
[Worker 29] Round 30 | Loss: 0.0221574 | Train Acc: 99.6899%
[Worker 15] Round 30 | Loss: 0.0211056 | Train Acc: 99.7761%
[Worker 28] Round 30 | Loss: 0.065924 | Train Acc: 98.4841%
[Worker 31] Round 30 | Loss: 0.0208406 | Train Acc: 99.7778%
[Central Round] 30 [Global Test Accuracy]: 88.92%
[Worker 6] Round 31 | Loss: 0.0152891 | Train Acc: 99.845%
[Worker 7] Round 31 | Loss: 0.0724534 | Train Acc: 98.329%
[Worker 1] Round 31 | Loss: 0.0151147 | Train Acc: 99.8622%
[Worker 2] Round 31 | Loss: 0.0154777 | Train Acc: 99.8794%
[Worker 4] Round 31 | Loss: 0.0195298 | Train Acc: 99.7933%
[Worker 5] Round 31 | Loss: 0.0188722 | Train Acc: 99.6727%
[Worker 3] Round 31 | Loss: 0.0141122 | Train Acc: 99.9311%
[Worker 26] Round 31 | Loss: 0.0194015 | Train Acc: 99.8105%
[Worker 27] Round 31 | Loss: 0.0188737 | Train Acc: 99.8277%
[Worker 25] Round 31 | Loss: 0.0458649 | Train Acc: 99.1214%
[Worker 28] Round 31 | Loss: 0.0641903 | Train Acc: 98.6047%
[Worker 24] Round 31 | Loss: 0.0211676 | Train Acc: 99.7244%
[Worker 30] Round 31 | Loss: 0.0214855 | Train Acc: 99.7244%
[Worker 29] Round 31 | Loss: 0.0216624 | Train Acc: 99.7071%
[Worker 31] Round 31 | Loss: 0.0199538 | Train Acc: 99.812%
[Worker 12] Round 31 | Loss: 0.0208169 | Train Acc: 99.7416%
[Worker 10] Round 31 | Loss: 0.0982774 | Train Acc: 97.0715%
[Worker 11] Round 31 | Loss: 0.023069 | Train Acc: 99.6899%
[Worker 17] Round 31 | Loss: 0.0233745 | Train Acc: 99.8277%
[Worker 21] Round 31 | Loss: 0.0177258 | Train Acc: 99.8105%
[Worker 23] Round 31 | Loss: 0.0188194 | Train Acc: 99.8105%
[Worker 19] Round 31 | Loss: 0.106377 | Train Acc: 97.7433%
[Worker 20] Round 31 | Loss: 0.016892 | Train Acc: 99.9139%
[Worker 22] Round 31 | Loss: 0.0321582 | Train Acc: 99.6555%
[Worker 18] Round 31 | Loss: 0.0265976 | Train Acc: 99.8277%
[Worker 16] Round 31 | Loss: 0.0543894 | Train Acc: 98.9147%
[Worker 15] Round 31 | Loss: 0.0213169 | Train Acc: 99.7588%
[Worker 13] Round 31 | Loss: 0.0473001 | Train Acc: 99.2248%
[Worker 9] Round 31 | Loss: 0.0238207 | Train Acc: 99.6038%
[Worker 8] Round 31 | Loss: 0.0253677 | Train Acc: 99.6382%
[Worker 14] Round 31 | Loss: 0.0197174 | Train Acc: 99.7588%
[Central Round] 31 [Global Test Accuracy]: 88.97%
[Worker 4] Round 32 | Loss: 0.0194338 | Train Acc: 99.7761%
[Worker 7] Round 32 | Loss: 0.0724572 | Train Acc: 98.2601%
[Worker 1] Round 32 | Loss: 0.014591 | Train Acc: 99.8966%
[Worker 2] Round 32 | Loss: 0.0160605 | Train Acc: 99.8794%
[Worker 6] Round 32 | Loss: 0.0144031 | Train Acc: 99.9311%
[Worker 5] Round 32 | Loss: 0.0185399 | Train Acc: 99.7071%
[Worker 3] Round 32 | Loss: 0.0138288 | Train Acc: 99.9483%
[Worker 26] Round 32 | Loss: 0.0196929 | Train Acc: 99.8105%
[Worker 27] Round 32 | Loss: 0.0195308 | Train Acc: 99.7933%
[Worker 25] Round 32 | Loss: 0.0452571 | Train Acc: 99.1731%
[Worker 29] Round 32 | Loss: 0.0225799 | Train Acc: 99.6555%
[Worker 24] Round 32 | Loss: 0.0206666 | Train Acc: 99.7933%
[Worker 30] Round 32 | Loss: 0.0212093 | Train Acc: 99.6382%
[Worker 28] Round 32 | Loss: 0.0641081 | Train Acc: 98.5357%
[Worker 31] Round 32 | Loss: 0.0201192 | Train Acc: 99.812%
[Worker 17] Round 32 | Loss: 0.0240204 | Train Acc: 99.7244%
[Worker 21] Round 32 | Loss: 0.0170477 | Train Acc: 99.8966%
[Worker 16] Round 32 | Loss: 0.0542147 | Train Acc: 99.0009%
[Worker 19] Round 32 | Loss: 0.106721 | Train Acc: 97.5538%
[Worker 20] Round 32 | Loss: 0.0170714 | Train Acc: 99.845%
[Worker 18] Round 32 | Loss: 0.0267345 | Train Acc: 99.7761%
[Worker 23] Round 32 | Loss: 0.0197836 | Train Acc: 99.7416%
[Worker 22] Round 32 | Loss: 0.0321628 | Train Acc: 99.7071%
[Worker 12] Round 32 | Loss: 0.0211481 | Train Acc: 99.8105%
[Worker 10] Round 32 | Loss: 0.0985332 | Train Acc: 97.0026%
[Worker 14] Round 32 | Loss: 0.0197266 | Train Acc: 99.7588%
[Worker 11] Round 32 | Loss: 0.0248967 | Train Acc: 99.5693%
[Worker 8] Round 32 | Loss: 0.0243485 | Train Acc: 99.6555%
[Worker 15] Round 32 | Loss: 0.0218402 | Train Acc: 99.7071%
[Worker 13] Round 32 | Loss: 0.0472072 | Train Acc: 99.2765%
[Worker 9] Round 32 | Loss: 0.0239077 | Train Acc: 99.621%
[Central Round] 32 [Global Test Accuracy]: 88.96%
[Worker 2] Round 33 | Loss: 0.0160669 | Train Acc: 99.8105%
[Worker 6] Round 33 | Loss: 0.0150415 | Train Acc: 99.8622%
[Worker 7] Round 33 | Loss: 0.0720339 | Train Acc: 98.2601%
[Worker 1] Round 33 | Loss: 0.0148915 | Train Acc: 99.8277%
[Worker 4] Round 33 | Loss: 0.0189764 | Train Acc: 99.8105%
[Worker 5] Round 33 | Loss: 0.0191134 | Train Acc: 99.6727%
[Worker 3] Round 33 | Loss: 0.0144906 | Train Acc: 99.8966%
[Worker 26] Round 33 | Loss: 0.0192597 | Train Acc: 99.8105%
[Worker 27] Round 33 | Loss: 0.0193213 | Train Acc: 99.7933%
[Worker 25] Round 33 | Loss: 0.0443777 | Train Acc: 99.2593%
[Worker 29] Round 33 | Loss: 0.0216196 | Train Acc: 99.7933%
[Worker 24] Round 33 | Loss: 0.0200864 | Train Acc: 99.7416%
[Worker 28] Round 33 | Loss: 0.0635227 | Train Acc: 98.6047%
[Worker 30] Round 33 | Loss: 0.0221356 | Train Acc: 99.6899%
[Worker 31] Round 33 | Loss: 0.0204024 | Train Acc: 99.7265%
[Worker 20] Round 33 | Loss: 0.016891 | Train Acc: 99.9311%
[Worker 21] Round 33 | Loss: 0.0170539 | Train Acc: 99.8966%
[Worker 17] Round 33 | Loss: 0.0235955 | Train Acc: 99.7761%
[Worker 16] Round 33 | Loss: 0.0538205 | Train Acc: 98.8975%
[Worker 19] Round 33 | Loss: 0.105255 | Train Acc: 97.6055%
[Worker 23] Round 33 | Loss: 0.0193073 | Train Acc: 99.7933%
[Worker 18] Round 33 | Loss: 0.0263573 | Train Acc: 99.7761%
[Worker 22] Round 33 | Loss: 0.0320136 | Train Acc: 99.5693%
[Worker 10] Round 33 | Loss: 0.0984292 | Train Acc: 97.0543%
[Worker 12] Round 33 | Loss: 0.0218436 | Train Acc: 99.7244%
[Worker 9] Round 33 | Loss: 0.0235748 | Train Acc: 99.6899%
[Worker 8] Round 33 | Loss: 0.0252512 | Train Acc: 99.6382%
[Worker 15] Round 33 | Loss: 0.0216388 | Train Acc: 99.6899%
[Worker 13] Round 33 | Loss: 0.0466173 | Train Acc: 99.2937%
[Worker 14] Round 33 | Loss: 0.0197931 | Train Acc: 99.7588%
[Worker 11] Round 33 | Loss: 0.0237164 | Train Acc: 99.6899%
[Central Round] 33 [Global Test Accuracy]: 89%
[Worker 1] Round 34 | Loss: 0.0142021 | Train Acc: 99.8105%
[Worker 6] Round 34 | Loss: 0.0146949 | Train Acc: 99.845%
[Worker 7] Round 34 | Loss: 0.0720484 | Train Acc: 98.2946%
[Worker 4] Round 34 | Loss: 0.0195128 | Train Acc: 99.8105%
[Worker 2] Round 34 | Loss: 0.0158724 | Train Acc: 99.9139%
[Worker 5] Round 34 | Loss: 0.0183664 | Train Acc: 99.7244%
[Worker 3] Round 34 | Loss: 0.0145264 | Train Acc: 99.8794%
[Worker 10] Round 34 | Loss: 0.0981773 | Train Acc: 97.1059%
[Worker 26] Round 34 | Loss: 0.0200124 | Train Acc: 99.7761%
[Worker 27] Round 34 | Loss: 0.0188256 | Train Acc: 99.7588%
[Worker 28] Round 34 | Loss: 0.0626924 | Train Acc: 98.5874%
[Worker 25] Round 34 | Loss: 0.0444961 | Train Acc: 99.1731%
[Worker 24] Round 34 | Loss: 0.0209872 | Train Acc: 99.7416%
[Worker 30] Round 34 | Loss: 0.0208214 | Train Acc: 99.7071%
[Worker 29] Round 34 | Loss: 0.0222758 | Train Acc: 99.6555%
[Worker 31] Round 34 | Loss: 0.0209005 | Train Acc: 99.7778%
[Worker 20] Round 34 | Loss: 0.0170216 | Train Acc: 99.845%
[Worker 21] Round 34 | Loss: 0.0167334 | Train Acc: 99.9311%
[Worker 17] Round 34 | Loss: 0.0240036 | Train Acc: 99.7933%
[Worker 16] Round 34 | Loss: 0.0536448 | Train Acc: 98.9664%
[Worker 19] Round 34 | Loss: 0.106359 | Train Acc: 97.6572%
[Worker 18] Round 34 | Loss: 0.026832 | Train Acc: 99.7071%
[Worker 23] Round 34 | Loss: 0.019384 | Train Acc: 99.6727%
[Worker 22] Round 34 | Loss: 0.0310154 | Train Acc: 99.6899%
[Worker 9] Round 34 | Loss: 0.0230768 | Train Acc: 99.6899%
[Worker 8] Round 34 | Loss: 0.024556 | Train Acc: 99.5521%
[Worker 13] Round 34 | Loss: 0.0470009 | Train Acc: 99.1731%
[Worker 14] Round 34 | Loss: 0.0203201 | Train Acc: 99.7416%
[Worker 12] Round 34 | Loss: 0.0216762 | Train Acc: 99.7244%
[Worker 11] Round 34 | Loss: 0.0240539 | Train Acc: 99.6899%
[Worker 15] Round 34 | Loss: 0.0215915 | Train Acc: 99.7588%
[Central Round] 34 [Global Test Accuracy]: 89.07%
[Worker 2] Round 35 | Loss: 0.0160052 | Train Acc: 99.8105%
[Worker 1] Round 35 | Loss: 0.0148775 | Train Acc: 99.8105%
[Worker 6] Round 35 | Loss: 0.014662 | Train Acc: 99.8622%
[Worker 7] Round 35 | Loss: 0.0713034 | Train Acc: 98.3118%
[Worker 4] Round 35 | Loss: 0.0195988 | Train Acc: 99.8105%
[Worker 5] Round 35 | Loss: 0.0183713 | Train Acc: 99.7071%
[Worker 3] Round 35 | Loss: 0.0141343 | Train Acc: 99.9139%
[Worker 8] Round 35 | Loss: 0.0254999 | Train Acc: 99.4832%
[Worker 26] Round 35 | Loss: 0.0193536 | Train Acc: 99.7933%
[Worker 27] Round 35 | Loss: 0.0192849 | Train Acc: 99.7761%
[Worker 28] Round 35 | Loss: 0.0635661 | Train Acc: 98.4324%
[Worker 25] Round 35 | Loss: 0.0451126 | Train Acc: 99.1731%
[Worker 24] Round 35 | Loss: 0.0206781 | Train Acc: 99.7588%
[Worker 29] Round 35 | Loss: 0.0219196 | Train Acc: 99.6727%
[Worker 30] Round 35 | Loss: 0.0208196 | Train Acc: 99.6727%
[Worker 20] Round 35 | Loss: 0.0169558 | Train Acc: 99.8277%
[Worker 21] Round 35 | Loss: 0.0166953 | Train Acc: 99.8966%
[Worker 17] Round 35 | Loss: 0.0242476 | Train Acc: 99.7933%
[Worker 16] Round 35 | Loss: 0.0531349 | Train Acc: 99.0525%
[Worker 19] Round 35 | Loss: 0.10454 | Train Acc: 97.7089%
[Worker 18] Round 35 | Loss: 0.0255508 | Train Acc: 99.8622%
[Worker 23] Round 35 | Loss: 0.0192456 | Train Acc: 99.7416%
[Worker 22] Round 35 | Loss: 0.0318338 | Train Acc: 99.5866%
[Worker 31] Round 35 | Loss: 0.0197564 | Train Acc: 99.8291%
[Worker 14] Round 35 | Loss: 0.020116 | Train Acc: 99.7588%
[Worker 12] Round 35 | Loss: 0.0211947 | Train Acc: 99.7244%
[Worker 10] Round 35 | Loss: 0.0980737 | Train Acc: 97.1404%
[Worker 9] Round 35 | Loss: 0.0242698 | Train Acc: 99.6727%
[Worker 11] Round 35 | Loss: 0.0238545 | Train Acc: 99.6899%
[Worker 13] Round 35 | Loss: 0.0465116 | Train Acc: 99.2593%
[Worker 15] Round 35 | Loss: 0.0213032 | Train Acc: 99.7761%
[Central Round] 35 [Global Test Accuracy]: 89.15%
[Worker 2] Round 36 | Loss: 0.015651 | Train Acc: 99.8966%
[Worker 1] Round 36 | Loss: 0.0144204 | Train Acc: 99.8277%
[Worker 6] Round 36 | Loss: 0.0148767 | Train Acc: 99.9139%
[Worker 4] Round 36 | Loss: 0.0192313 | Train Acc: 99.7588%
[Worker 7] Round 36 | Loss: 0.071456 | Train Acc: 98.2429%
[Worker 5] Round 36 | Loss: 0.0189417 | Train Acc: 99.7244%
[Worker 3] Round 36 | Loss: 0.0144155 | Train Acc: 99.8794%
[Worker 10] Round 36 | Loss: 0.0993308 | Train Acc: 97.2265%
[Worker 25] Round 36 | Loss: 0.0448837 | Train Acc: 99.1731%
[Worker 26] Round 36 | Loss: 0.0192797 | Train Acc: 99.845%
[Worker 27] Round 36 | Loss: 0.0186948 | Train Acc: 99.845%
[Worker 24] Round 36 | Loss: 0.0210575 | Train Acc: 99.6727%
[Worker 30] Round 36 | Loss: 0.0206568 | Train Acc: 99.7588%
[Worker 29] Round 36 | Loss: 0.0219653 | Train Acc: 99.6727%
[Worker 28] Round 36 | Loss: 0.0630155 | Train Acc: 98.7252%
[Worker 31] Round 36 | Loss: 0.0209537 | Train Acc: 99.6752%
[Worker 20] Round 36 | Loss: 0.0171153 | Train Acc: 99.8105%
[Worker 21] Round 36 | Loss: 0.0170943 | Train Acc: 99.845%
[Worker 17] Round 36 | Loss: 0.0234873 | Train Acc: 99.8105%
[Worker 19] Round 36 | Loss: 0.104483 | Train Acc: 97.4849%
[Worker 16] Round 36 | Loss: 0.0536767 | Train Acc: 98.8975%
[Worker 23] Round 36 | Loss: 0.0188047 | Train Acc: 99.7588%
[Worker 22] Round 36 | Loss: 0.0314845 | Train Acc: 99.6555%
[Worker 18] Round 36 | Loss: 0.0268516 | Train Acc: 99.7244%
[Worker 9] Round 36 | Loss: 0.0245149 | Train Acc: 99.5693%
[Worker 13] Round 36 | Loss: 0.0468125 | Train Acc: 99.2593%
[Worker 11] Round 36 | Loss: 0.0239548 | Train Acc: 99.6382%
[Worker 8] Round 36 | Loss: 0.0246287 | Train Acc: 99.5349%
[Worker 14] Round 36 | Loss: 0.0194143 | Train Acc: 99.8105%
[Worker 12] Round 36 | Loss: 0.0218408 | Train Acc: 99.6899%
[Worker 15] Round 36 | Loss: 0.0209121 | Train Acc: 99.7071%
[Central Round] 36 [Global Test Accuracy]: 89.16%
[Worker 2] Round 37 | Loss: 0.0163289 | Train Acc: 99.7933%
[Worker 1] Round 37 | Loss: 0.0140977 | Train Acc: 99.8622%
[Worker 6] Round 37 | Loss: 0.0149119 | Train Acc: 99.8622%
[Worker 4] Round 37 | Loss: 0.0195427 | Train Acc: 99.7588%
[Worker 7] Round 37 | Loss: 0.0706921 | Train Acc: 98.2946%
[Worker 5] Round 37 | Loss: 0.0193533 | Train Acc: 99.6555%
[Worker 3] Round 37 | Loss: 0.0141407 | Train Acc: 99.8794%
[Worker 27] Round 37 | Loss: 0.019594 | Train Acc: 99.7071%
[Worker 26] Round 37 | Loss: 0.0199581 | Train Acc: 99.7933%
[Worker 25] Round 37 | Loss: 0.0449398 | Train Acc: 99.1559%
[Worker 29] Round 37 | Loss: 0.0226057 | Train Acc: 99.6727%
[Worker 24] Round 37 | Loss: 0.0209653 | Train Acc: 99.7416%
[Worker 28] Round 37 | Loss: 0.0627761 | Train Acc: 98.5185%
[Worker 30] Round 37 | Loss: 0.0206587 | Train Acc: 99.7761%
[Worker 31] Round 37 | Loss: 0.0207328 | Train Acc: 99.7607%
[Worker 20] Round 37 | Loss: 0.0166577 | Train Acc: 99.8105%
[Worker 21] Round 37 | Loss: 0.0174036 | Train Acc: 99.8794%
[Worker 19] Round 37 | Loss: 0.103273 | Train Acc: 97.5366%
[Worker 17] Round 37 | Loss: 0.0230194 | Train Acc: 99.845%
[Worker 16] Round 37 | Loss: 0.0530215 | Train Acc: 99.0525%
[Worker 23] Round 37 | Loss: 0.0186255 | Train Acc: 99.8622%
[Worker 18] Round 37 | Loss: 0.0269822 | Train Acc: 99.7761%
[Worker 22] Round 37 | Loss: 0.0309643 | Train Acc: 99.7416%
[Worker 10] Round 37 | Loss: 0.0966536 | Train Acc: 97.1576%
[Worker 9] Round 37 | Loss: 0.0236826 | Train Acc: 99.5004%
[Worker 13] Round 37 | Loss: 0.046555 | Train Acc: 99.1904%
[Worker 11] Round 37 | Loss: 0.0245828 | Train Acc: 99.5521%
[Worker 8] Round 37 | Loss: 0.0249854 | Train Acc: 99.5004%
[Worker 14] Round 37 | Loss: 0.0196973 | Train Acc: 99.7244%
[Worker 12] Round 37 | Loss: 0.0214838 | Train Acc: 99.6899%
[Worker 15] Round 37 | Loss: 0.0217022 | Train Acc: 99.6727%
[Central Round] 37 [Global Test Accuracy]: 89.23%
[Worker 1] Round 38 | Loss: 0.0142221 | Train Acc: 99.845%
[Worker 6] Round 38 | Loss: 0.0151223 | Train Acc: 99.8966%
[Worker 7] Round 38 | Loss: 0.0715931 | Train Acc: 98.3635%
[Worker 4] Round 38 | Loss: 0.0190499 | Train Acc: 99.8105%
[Worker 2] Round 38 | Loss: 0.0160903 | Train Acc: 99.7761%
[Worker 5] Round 38 | Loss: 0.0188331 | Train Acc: 99.6899%
[Worker 3] Round 38 | Loss: 0.0137676 | Train Acc: 99.8794%
[Worker 26] Round 38 | Loss: 0.0193497 | Train Acc: 99.8277%
[Worker 27] Round 38 | Loss: 0.0194721 | Train Acc: 99.6899%
[Worker 25] Round 38 | Loss: 0.0439826 | Train Acc: 99.1559%
[Worker 20] Round 38 | Loss: 0.0170076 | Train Acc: 99.7933%
[Worker 24] Round 38 | Loss: 0.0210049 | Train Acc: 99.7071%
[Worker 21] Round 38 | Loss: 0.017328 | Train Acc: 99.8794%
[Worker 19] Round 38 | Loss: 0.103707 | Train Acc: 97.7606%
[Worker 29] Round 38 | Loss: 0.0219522 | Train Acc: 99.7588%
[Worker 30] Round 38 | Loss: 0.0211621 | Train Acc: 99.7071%
[Worker 28] Round 38 | Loss: 0.0624658 | Train Acc: 98.6219%
[Worker 18] Round 38 | Loss: 0.026532 | Train Acc: 99.7761%
[Worker 17] Round 38 | Loss: 0.0236338 | Train Acc: 99.7933%
[Worker 16] Round 38 | Loss: 0.0527732 | Train Acc: 99.087%
[Worker 23] Round 38 | Loss: 0.0183272 | Train Acc: 99.7933%
[Worker 22] Round 38 | Loss: 0.0310123 | Train Acc: 99.6038%
[Worker 12] Round 38 | Loss: 0.0210573 | Train Acc: 99.6899%
[Worker 31] Round 38 | Loss: 0.0203895 | Train Acc: 99.8291%
[Worker 10] Round 38 | Loss: 0.09642 | Train Acc: 97.2438%
[Worker 9] Round 38 | Loss: 0.0248433 | Train Acc: 99.5177%
[Worker 13] Round 38 | Loss: 0.0458566 | Train Acc: 99.2076%
[Worker 11] Round 38 | Loss: 0.0247376 | Train Acc: 99.5866%
[Worker 8] Round 38 | Loss: 0.0257407 | Train Acc: 99.5177%
[Worker 14] Round 38 | Loss: 0.0197609 | Train Acc: 99.7416%
[Worker 15] Round 38 | Loss: 0.0216756 | Train Acc: 99.7588%
[Central Round] 38 [Global Test Accuracy]: 89.27%
[Worker 1] Round 39 | Loss: 0.0143752 | Train Acc: 99.845%
[Worker 6] Round 39 | Loss: 0.014861 | Train Acc: 99.8966%
[Worker 7] Round 39 | Loss: 0.0714901 | Train Acc: 98.2601%
[Worker 2] Round 39 | Loss: 0.015832 | Train Acc: 99.8622%
[Worker 4] Round 39 | Loss: 0.0192299 | Train Acc: 99.7933%
[Worker 5] Round 39 | Loss: 0.0189627 | Train Acc: 99.7244%
[Worker 3] Round 39 | Loss: 0.0143602 | Train Acc: 99.8794%
[Worker 12] Round 39 | Loss: 0.0215841 | Train Acc: 99.6727%
[Worker 26] Round 39 | Loss: 0.0197434 | Train Acc: 99.8105%
[Worker 27] Round 39 | Loss: 0.0192379 | Train Acc: 99.7416%
[Worker 25] Round 39 | Loss: 0.0437429 | Train Acc: 99.2076%
[Worker 24] Round 39 | Loss: 0.0208607 | Train Acc: 99.6899%
[Worker 28] Round 39 | Loss: 0.063431 | Train Acc: 98.5357%
[Worker 30] Round 39 | Loss: 0.0217927 | Train Acc: 99.621%
[Worker 29] Round 39 | Loss: 0.0218665 | Train Acc: 99.621%
[Worker 31] Round 39 | Loss: 0.0202939 | Train Acc: 99.7436%
[Worker 20] Round 39 | Loss: 0.0172768 | Train Acc: 99.7761%
[Worker 21] Round 39 | Loss: 0.016834 | Train Acc: 99.9311%
[Worker 19] Round 39 | Loss: 0.102022 | Train Acc: 97.6055%
[Worker 18] Round 39 | Loss: 0.0267349 | Train Acc: 99.6727%
[Worker 17] Round 39 | Loss: 0.0236517 | Train Acc: 99.7071%
[Worker 16] Round 39 | Loss: 0.0521466 | Train Acc: 98.9836%
[Worker 23] Round 39 | Loss: 0.0182169 | Train Acc: 99.845%
[Worker 22] Round 39 | Loss: 0.0312009 | Train Acc: 99.6727%
[Worker 10] Round 39 | Loss: 0.0968016 | Train Acc: 97.0887%
[Worker 14] Round 39 | Loss: 0.0195286 | Train Acc: 99.7416%
[Worker 9] Round 39 | Loss: 0.0240151 | Train Acc: 99.6899%
[Worker 13] Round 39 | Loss: 0.0456177 | Train Acc: 99.2076%
[Worker 11] Round 39 | Loss: 0.0251002 | Train Acc: 99.6038%
[Worker 8] Round 39 | Loss: 0.0249411 | Train Acc: 99.5177%
[Worker 15] Round 39 | Loss: 0.0210476 | Train Acc: 99.7933%
[Central Round] 39 [Global Test Accuracy]: 89.22%
[Worker 1] Round 40 | Loss: 0.0143265 | Train Acc: 99.8794%
[Worker 6] Round 40 | Loss: 0.0145702 | Train Acc: 99.845%
[Worker 7] Round 40 | Loss: 0.0702526 | Train Acc: 98.2773%
[Worker 2] Round 40 | Loss: 0.0162141 | Train Acc: 99.8105%
[Worker 4] Round 40 | Loss: 0.0196848 | Train Acc: 99.7588%
[Worker 5] Round 40 | Loss: 0.0189335 | Train Acc: 99.6555%
[Worker 3] Round 40 | Loss: 0.0136774 | Train Acc: 99.8966%
[Worker 10] Round 40 | Loss: 0.0967005 | Train Acc: 97.0887%
[Worker 26] Round 40 | Loss: 0.0198856 | Train Acc: 99.8105%
[Worker 27] Round 40 | Loss: 0.0200857 | Train Acc: 99.7071%
[Worker 25] Round 40 | Loss: 0.0443102 | Train Acc: 99.1042%
[Worker 24] Round 40 | Loss: 0.0206182 | Train Acc: 99.7071%
[Worker 29] Round 40 | Loss: 0.0218085 | Train Acc: 99.6555%
[Worker 28] Round 40 | Loss: 0.0623139 | Train Acc: 98.5874%
[Worker 30] Round 40 | Loss: 0.0219878 | Train Acc: 99.6555%
[Worker 31] Round 40 | Loss: 0.0197556 | Train Acc: 99.812%
[Worker 23] Round 40 | Loss: 0.0185833 | Train Acc: 99.7933%
[Worker 20] Round 40 | Loss: 0.0172368 | Train Acc: 99.7071%
[Worker 21] Round 40 | Loss: 0.0167756 | Train Acc: 99.8966%
[Worker 19] Round 40 | Loss: 0.104161 | Train Acc: 97.5366%
[Worker 17] Round 40 | Loss: 0.023576 | Train Acc: 99.7244%
[Worker 18] Round 40 | Loss: 0.026607 | Train Acc: 99.621%
[Worker 16] Round 40 | Loss: 0.0521222 | Train Acc: 99.087%
[Worker 22] Round 40 | Loss: 0.0313056 | Train Acc: 99.621%
[Worker 12] Round 40 | Loss: 0.0209689 | Train Acc: 99.7416%
[Worker 14] Round 40 | Loss: 0.0200714 | Train Acc: 99.7588%
[Worker 9] Round 40 | Loss: 0.0238304 | Train Acc: 99.621%
[Worker 13] Round 40 | Loss: 0.0458158 | Train Acc: 99.2076%
[Worker 11] Round 40 | Loss: 0.0235681 | Train Acc: 99.6382%
[Worker 8] Round 40 | Loss: 0.0259525 | Train Acc: 99.5349%
[Worker 15] Round 40 | Loss: 0.0209491 | Train Acc: 99.7761%
[Central Round] 40 [Global Test Accuracy]: 89.24%
[Worker 1] Round 41 | Loss: 0.0145677 | Train Acc: 99.8622%
[Worker 6] Round 41 | Loss: 0.014679 | Train Acc: 99.8966%
[Worker 2] Round 41 | Loss: 0.0156871 | Train Acc: 99.8277%
[Worker 7] Round 41 | Loss: 0.0703555 | Train Acc: 98.2601%
[Worker 4] Round 41 | Loss: 0.0190405 | Train Acc: 99.7933%
[Worker 5] Round 41 | Loss: 0.0186267 | Train Acc: 99.7071%
[Worker 3] Round 41 | Loss: 0.0139544 | Train Acc: 99.8105%
[Worker 10] Round 41 | Loss: 0.0969226 | Train Acc: 96.8992%
[Worker 26] Round 41 | Loss: 0.0190412 | Train Acc: 99.8277%
[Worker 27] Round 41 | Loss: 0.0201253 | Train Acc: 99.7933%
[Worker 28] Round 41 | Loss: 0.0614443 | Train Acc: 98.7252%
[Worker 25] Round 41 | Loss: 0.0434159 | Train Acc: 99.2076%
[Worker 24] Round 41 | Loss: 0.0203928 | Train Acc: 99.7244%
[Worker 29] Round 41 | Loss: 0.022045 | Train Acc: 99.7244%
[Worker 30] Round 41 | Loss: 0.0213969 | Train Acc: 99.7244%
[Worker 31] Round 41 | Loss: 0.0207652 | Train Acc: 99.7094%
[Worker 16] Round 41 | Loss: 0.0527138 | Train Acc: 98.9492%
[Worker 23] Round 41 | Loss: 0.019213 | Train Acc: 99.7416%
[Worker 20] Round 41 | Loss: 0.0168503 | Train Acc: 99.7933%
[Worker 21] Round 41 | Loss: 0.017122 | Train Acc: 99.845%
[Worker 17] Round 41 | Loss: 0.0239894 | Train Acc: 99.7761%
[Worker 19] Round 41 | Loss: 0.102815 | Train Acc: 97.6572%
[Worker 18] Round 41 | Loss: 0.0266739 | Train Acc: 99.6382%
[Worker 22] Round 41 | Loss: 0.0304807 | Train Acc: 99.7244%
[Worker 9] Round 41 | Loss: 0.024678 | Train Acc: 99.5693%
[Worker 13] Round 41 | Loss: 0.0457869 | Train Acc: 99.2593%
[Worker 8] Round 41 | Loss: 0.0248498 | Train Acc: 99.5693%
[Worker 11] Round 41 | Loss: 0.0246049 | Train Acc: 99.6555%
[Worker 12] Round 41 | Loss: 0.0214943 | Train Acc: 99.6899%
[Worker 14] Round 41 | Loss: 0.0200115 | Train Acc: 99.7416%
[Worker 15] Round 41 | Loss: 0.0219801 | Train Acc: 99.7071%
[Central Round] 41 [Global Test Accuracy]: 89.29%
[Worker 7] Round 42 | Loss: 0.0708007 | Train Acc: 98.2946%
[Worker 4] Round 42 | Loss: 0.0193379 | Train Acc: 99.7416%
[Worker 1] Round 42 | Loss: 0.0144504 | Train Acc: 99.8622%
[Worker 6] Round 42 | Loss: 0.014877 | Train Acc: 99.845%
[Worker 2] Round 42 | Loss: 0.0157916 | Train Acc: 99.845%
[Worker 5] Round 42 | Loss: 0.0192689 | Train Acc: 99.7071%
[Worker 3] Round 42 | Loss: 0.0138974 | Train Acc: 99.8966%
[Worker 25] Round 42 | Loss: 0.0438224 | Train Acc: 99.1387%
[Worker 24] Round 42 | Loss: 0.0206497 | Train Acc: 99.6899%
[Worker 29] Round 42 | Loss: 0.0223329 | Train Acc: 99.6555%
[Worker 27] Round 42 | Loss: 0.0188118 | Train Acc: 99.7588%
[Worker 26] Round 42 | Loss: 0.0200918 | Train Acc: 99.7416%
[Worker 28] Round 42 | Loss: 0.0622247 | Train Acc: 98.6908%
[Worker 30] Round 42 | Loss: 0.0206768 | Train Acc: 99.7244%
[Worker 31] Round 42 | Loss: 0.0203318 | Train Acc: 99.7094%
[Worker 21] Round 42 | Loss: 0.0171613 | Train Acc: 99.8794%
[Worker 20] Round 42 | Loss: 0.016683 | Train Acc: 99.845%
[Worker 17] Round 42 | Loss: 0.0237864 | Train Acc: 99.845%
[Worker 19] Round 42 | Loss: 0.102884 | Train Acc: 97.6572%
[Worker 18] Round 42 | Loss: 0.026312 | Train Acc: 99.7588%
[Worker 16] Round 42 | Loss: 0.0524399 | Train Acc: 98.8631%
[Worker 23] Round 42 | Loss: 0.01881 | Train Acc: 99.7761%
[Worker 22] Round 42 | Loss: 0.0300444 | Train Acc: 99.6555%
[Worker 10] Round 42 | Loss: 0.095697 | Train Acc: 97.2782%
[Worker 12] Round 42 | Loss: 0.0213078 | Train Acc: 99.6727%
[Worker 11] Round 42 | Loss: 0.0246037 | Train Acc: 99.5693%
[Worker 15] Round 42 | Loss: 0.0212435 | Train Acc: 99.7761%
[Worker 9] Round 42 | Loss: 0.0248026 | Train Acc: 99.5866%
[Worker 13] Round 42 | Loss: 0.0461673 | Train Acc: 99.1904%
[Worker 8] Round 42 | Loss: 0.025483 | Train Acc: 99.5866%
[Worker 14] Round 42 | Loss: 0.019881 | Train Acc: 99.7933%
[Central Round] 42 [Global Test Accuracy]: 89.3%
[Worker 6] Round 43 | Loss: 0.0147972 | Train Acc: 99.8794%
[Worker 7] Round 43 | Loss: 0.0697334 | Train Acc: 98.2773%
[Worker 2] Round 43 | Loss: 0.0151299 | Train Acc: 99.7933%
[Worker 4] Round 43 | Loss: 0.0194031 | Train Acc: 99.7416%
[Worker 1] Round 43 | Loss: 0.0147877 | Train Acc: 99.7933%
[Worker 5] Round 43 | Loss: 0.0193809 | Train Acc: 99.6382%
[Worker 3] Round 43 | Loss: 0.0143137 | Train Acc: 99.8622%
[Worker 10] Round 43 | Loss: 0.0963836 | Train Acc: 96.9681%
[Worker 28] Round 43 | Loss: 0.0622584 | Train Acc: 98.6391%
[Worker 29] Round 43 | Loss: 0.0223406 | Train Acc: 99.6382%
[Worker 27] Round 43 | Loss: 0.0192861 | Train Acc: 99.6899%
[Worker 26] Round 43 | Loss: 0.0195718 | Train Acc: 99.8966%
[Worker 25] Round 43 | Loss: 0.0431702 | Train Acc: 99.1387%
[Worker 24] Round 43 | Loss: 0.0212412 | Train Acc: 99.6727%
[Worker 30] Round 43 | Loss: 0.0211673 | Train Acc: 99.845%
[Worker 31] Round 43 | Loss: 0.0199172 | Train Acc: 99.8291%
[Worker 19] Round 43 | Loss: 0.102281 | Train Acc: 97.6572%
[Worker 21] Round 43 | Loss: 0.017011 | Train Acc: 99.8277%
[Worker 20] Round 43 | Loss: 0.0167681 | Train Acc: 99.8277%
[Worker 17] Round 43 | Loss: 0.0237915 | Train Acc: 99.7588%
[Worker 23] Round 43 | Loss: 0.0192312 | Train Acc: 99.7761%
[Worker 16] Round 43 | Loss: 0.0523599 | Train Acc: 98.9664%
[Worker 22] Round 43 | Loss: 0.0308795 | Train Acc: 99.6899%
[Worker 18] Round 43 | Loss: 0.0264941 | Train Acc: 99.6038%
[Worker 11] Round 43 | Loss: 0.0241482 | Train Acc: 99.6382%
[Worker 9] Round 43 | Loss: 0.0251066 | Train Acc: 99.5004%
[Worker 13] Round 43 | Loss: 0.0454284 | Train Acc: 99.2076%
[Worker 8] Round 43 | Loss: 0.0251931 | Train Acc: 99.5177%
[Worker 12] Round 43 | Loss: 0.0212248 | Train Acc: 99.7071%
[Worker 14] Round 43 | Loss: 0.0201792 | Train Acc: 99.6727%
[Worker 15] Round 43 | Loss: 0.0212689 | Train Acc: 99.7244%
[Central Round] 43 [Global Test Accuracy]: 89.35%
[Central] Early stopping at round 43 after 5 rounds without global accuracy improvement.

[Central] Done. Federated data saved to /home-mscluster/ldemelo/HPC_Assignment/problem1/federated_clustering_mpi/metrics/sweep_2/federated/fixed_ppn_n4_p8_rep1_j201388

[mult_node] run_id=fixed_ppn_n4_p8_rep2_j201388 rep=2/3
Rank 0 of 32 processes
Rank 2 of 32 processes
Rank 6 of 32 processes
Rank 4 of 32 processes
Rank 1 of 32 processes
Rank 3 of 32 processes
Rank 5 of 32 processes
Rank 7 of 32 processes
Rank 10 of 32 processes
Rank 30 of 32 processes
Rank 12 of 32 processes
Rank 18 of 32 processes
Rank 14 of 32 processes
Rank 8 of 32 processes
Rank 20 of 32 processes
Rank 22 of 32 processes
Rank 13 of 32 processes
Rank 15 of 32 processes
Rank 9 of 32 processes
Rank 11 of 32 processes
Rank 16 of 32 processes
Rank 17 of 32 processes
Rank 19 of 32 processes
Rank 24 of 32 processes
Rank 21 of 32 processes
Rank 23 of 32 processes
Rank 26 of 32 processes
Rank 27 of 32 processes
Rank 28 of 32 processes
Rank 25 of 32 processes
Rank 29 of 32 processes
Rank 31 of 32 processes
Softmax regression: 10 classes; 784 features
[Mode] Non-IID Label Shard Distribution
[Mode] Non-IID Label Shard Distribution
[Mode] Non-IID Label Shard Distribution
[Mode] Non-IID Label Shard Distribution
[Mode] Non-IID Label Shard Distribution
[Mode] Non-IID Label Shard Distribution
[Distributed Worker 6] Shard size: 1935
[Mode] Non-IID Label Shard Distribution
[Distributed Worker 2] Shard size: 1935
[Distributed Worker 4] Shard size: 1935
Softmax regression: 10 classes; 784 features
Softmax regression: 10 classes; 784 features
Softmax regression: 10 classes; 784 features
[Mode] Non-IID Label Shard Distribution
[Mode] Non-IID Label Shard Distribution
[Mode] Non-IID Label Shard Distribution
[Mode] Non-IID Label Shard Distribution
[Distributed Worker 22] Shard size: 1935
Softmax regression: 10 classes; 784 features
[Distributed Worker 20] Shard size: 1935
[Distributed Worker 16] Shard size: 1935
Softmax regression: 10 classes; 784 features
Softmax regression: 10 classes; 784 features
[Distributed Worker 8] Shard size: 1935
[Distributed Worker 10] Shard size: 1935
Softmax regression: 10 classes; 784 features
[Distributed Worker 14] Shard size: 1935
Softmax regression: 10 classes; 784 features
Softmax regression: 10 classes; 784 features
[Distributed Worker 12] Shard size: 1935
[Distributed Worker 18] Shard size: 1935
Softmax regression: 10 classes; 784 features
Softmax regression: 10 classes; 784 features
[Mode] Non-IID Label Shard Distribution
[Mode] Non-IID Label Shard Distribution
[Mode] Non-IID Label Shard Distribution
[Mode] Non-IID Label Shard Distribution
[Mode] Non-IID Label Shard Distribution
[Mode] Non-IID Label Shard Distribution
[Mode] Non-IID Label Shard Distribution
[Mode] Non-IID Label Shard Distribution
[Mode] Non-IID Label Shard Distribution
[Mode] Non-IID Label Shard Distribution
[Mode] Non-IID Label Shard Distribution
[Mode] Non-IID Label Shard Distribution
[Mode] Non-IID Label Shard Distribution
[Mode] Non-IID Label Shard Distribution
[Mode] Non-IID Label Shard Distribution
[Mode] Non-IID Label Shard Distribution
[Distributed Worker 30] Shard size: 1935
[Distributed Worker 28] Shard size: 1935
Softmax regression: 10 classes; 784 features
Softmax regression: 10 classes; 784 features
[Distributed Worker 1] Shard size: 1935
[Distributed Worker 7] Shard size: 1935
[Distributed Worker 5] Shard size: 1935
[Mode] Non-IID Label Shard Distribution
Softmax regression: 10 classes; 784 features
[Distributed Worker 3] Shard size: 1935
Softmax regression: 10 classes; 784 features
Softmax regression: 10 classes; 784 features
[Mode] Non-IID Label Shard Distribution
Softmax regression: 10 classes; 784 features
[Mode] Non-IID Label Shard Distribution
[Mode] Non-IID Label Shard Distribution
[Distributed Worker 17] Shard size: 1935
[Distributed Worker 23] Shard size: 1935
Softmax regression: 10 classes; 784 features
Softmax regression: 10 classes; 784 features
[Distributed Worker 26] Shard size: 1935
[Distributed Worker 24] Shard size: 1935
Softmax regression: 10 classes; 784 features
Softmax regression: 10 classes; 784 features
[Distributed Worker 29] Shard size: 1935
Softmax regression: 10 classes; 784 features
[Distributed Worker 25] Shard size: 1935
[Distributed Worker 31] Shard size: 1950
Softmax regression: 10 classes; 784 features
[Distributed Worker 27] Shard size: 1935
Softmax regression: 10 classes; 784 features
Softmax regression: 10 classes; 784 features
[Distributed Worker 13] Shard size: 1935
Softmax regression: 10 classes; 784 features
[Distributed Worker 15] Shard size: 1935
Softmax regression: 10 classes; 784 features
[Distributed Worker 11] Shard size: 1935
Softmax regression: 10 classes; 784 features
[Distributed Worker 9] Shard size: 1935
Softmax regression: 10 classes; 784 features
[Distributed Worker 19] Shard size: 1935
[Distributed Worker 21] Shard size: 1935
Softmax regression: 10 classes; 784 features
Softmax regression: 10 classes; 784 features
[Worker 6] Round 1 | Loss: 0.0193482 | Train Acc: 99.6693%
[Worker 2] Round 1 | Loss: 0.0157324 | Train Acc: 99.7209%
[Worker 10] Round 1 | Loss: 0.113624 | Train Acc: 96.5685%
[Worker 22] Round 1 | Loss: 0.0466996 | Train Acc: 99.3385%
[Worker 18] Round 1 | Loss: 0.0236288 | Train Acc: 99.6899%
[Worker 14] Round 1 | Loss: 0.0172682 | Train Acc: 99.7726%
[Worker 4] Round 1 | Loss: 0.0286313 | Train Acc: 99.4832%
[Worker 30] Round 1 | Loss: 0.0171809 | Train Acc: 99.6796%
[Worker 26] Round 1 | Loss: 0.0162047 | Train Acc: 99.6693%
[Worker 28] Round 1 | Loss: 0.0806727 | Train Acc: 97.7674%
[Worker 24] Round 1 | Loss: 0.0213803 | Train Acc: 99.6693%
[Worker 12] Round 1 | Loss: 0.0175561 | Train Acc: 99.7003%
[Worker 8] Round 1 | Loss: 0.0189877 | Train Acc: 99.6899%
[Worker 16] Round 1 | Loss: 0.0745437 | Train Acc: 98.2739%
[Worker 1] Round 1 | Loss: 0.0146992 | Train Acc: 99.7003%
[Worker 20] Round 1 | Loss: 0.017366 | Train Acc: 99.7209%
[Worker 7] Round 1 | Loss: 0.0940963 | Train Acc: 97.3747%
[Worker 5] Round 1 | Loss: 0.019232 | Train Acc: 99.6693%
[Worker 3] Round 1 | Loss: 0.0148431 | Train Acc: 99.7623%
[Worker 17] Round 1 | Loss: 0.0225428 | Train Acc: 99.6693%
[Worker 23] Round 1 | Loss: 0.0208617 | Train Acc: 99.6693%
[Worker 29] Round 1 | Loss: 0.0173318 | Train Acc: 99.6796%
[Worker 27] Round 1 | Loss: 0.0160405 | Train Acc: 99.6693%
[Worker 31] Round 1 | Loss: 0.0171457 | Train Acc: 99.6923%
[Worker 25] Round 1 | Loss: 0.0618888 | Train Acc: 98.6253%
[Worker 19] Round 1 | Loss: 0.122608 | Train Acc: 97.1369%
[Worker 21] Round 1 | Loss: 0.0176443 | Train Acc: 99.7209%
[Worker 13] Round 1 | Loss: 0.0609426 | Train Acc: 98.5943%
[Worker 15] Round 1 | Loss: 0.0177207 | Train Acc: 99.7519%
[Worker 11] Round 1 | Loss: 0.0179478 | Train Acc: 99.6693%
[Worker 9] Round 1 | Loss: 0.0191784 | Train Acc: 99.7003%
[Central Round] 1 [Global Test Accuracy]: 51.52%
[Worker 4] Round 2 | Loss: 0.0238614 | Train Acc: 99.7416%
[Worker 2] Round 2 | Loss: 0.0142858 | Train Acc: 99.8656%
[Worker 6] Round 2 | Loss: 0.0158956 | Train Acc: 99.8656%
[Worker 7] Round 2 | Loss: 0.0888193 | Train Acc: 97.8191%
[Worker 1] Round 2 | Loss: 0.0134249 | Train Acc: 99.8553%
[Worker 5] Round 2 | Loss: 0.0163683 | Train Acc: 99.8243%
[Worker 3] Round 2 | Loss: 0.0132505 | Train Acc: 99.907%
[Worker 8] Round 2 | Loss: 0.0181704 | Train Acc: 99.7726%
[Worker 12] Round 2 | Loss: 0.0162308 | Train Acc: 99.7829%
[Worker 10] Round 2 | Loss: 0.108222 | Train Acc: 96.9406%
[Worker 9] Round 2 | Loss: 0.0179053 | Train Acc: 99.8036%
[Worker 11] Round 2 | Loss: 0.0167255 | Train Acc: 99.8656%
[Worker 13] Round 2 | Loss: 0.0565859 | Train Acc: 99.0491%
[Worker 24] Round 2 | Loss: 0.018882 | Train Acc: 99.8346%
[Worker 15] Round 2 | Loss: 0.0164013 | Train Acc: 99.8863%
[Worker 26] Round 2 | Loss: 0.0147649 | Train Acc: 99.7933%
[Worker 29] Round 2 | Loss: 0.0164647 | Train Acc: 99.7313%
[Worker 27] Round 2 | Loss: 0.0146372 | Train Acc: 99.7933%
[Worker 25] Round 2 | Loss: 0.0565438 | Train Acc: 98.7907%
[Worker 21] Round 2 | Loss: 0.0159437 | Train Acc: 99.8553%
[Worker 19] Round 2 | Loss: 0.118183 | Train Acc: 97.3643%
[Worker 23] Round 2 | Loss: 0.018627 | Train Acc: 99.7933%
[Worker 28] Round 2 | Loss: 0.0768911 | Train Acc: 97.8501%
[Worker 30] Round 2 | Loss: 0.0166294 | Train Acc: 99.8243%
[Worker 22] Round 2 | Loss: 0.0417916 | Train Acc: 99.6589%
[Worker 20] Round 2 | Loss: 0.01577 | Train Acc: 99.8553%
[Worker 16] Round 2 | Loss: 0.0695177 | Train Acc: 98.4806%
[Worker 17] Round 2 | Loss: 0.0204685 | Train Acc: 99.845%
[Worker 18] Round 2 | Loss: 0.0218335 | Train Acc: 99.8243%
[Worker 14] Round 2 | Loss: 0.0161623 | Train Acc: 99.907%
[Worker 31] Round 2 | Loss: 0.0160103 | Train Acc: 99.8462%
[Central Round] 2 [Global Test Accuracy]: 73.31%
[Worker 2] Round 3 | Loss: 0.013392 | Train Acc: 99.8966%
[Worker 4] Round 3 | Loss: 0.0212779 | Train Acc: 99.9173%
[Worker 6] Round 3 | Loss: 0.0142754 | Train Acc: 99.969%
[Worker 7] Round 3 | Loss: 0.0832559 | Train Acc: 97.9948%
[Worker 1] Round 3 | Loss: 0.0129914 | Train Acc: 99.9277%
[Worker 5] Round 3 | Loss: 0.0144954 | Train Acc: 99.9793%
[Worker 3] Round 3 | Loss: 0.0128535 | Train Acc: 99.9173%
[Worker 23] Round 3 | Loss: 0.0169558 | Train Acc: 99.8966%
[Worker 24] Round 3 | Loss: 0.0169283 | Train Acc: 99.8966%
[Worker 25] Round 3 | Loss: 0.0531276 | Train Acc: 98.9767%
[Worker 27] Round 3 | Loss: 0.0142855 | Train Acc: 99.8036%
[Worker 26] Round 3 | Loss: 0.0142097 | Train Acc: 99.814%
[Worker 29] Round 3 | Loss: 0.0157194 | Train Acc: 99.8346%
[Worker 28] Round 3 | Loss: 0.0737058 | Train Acc: 98.1189%
[Worker 30] Round 3 | Loss: 0.0155033 | Train Acc: 99.8656%
[Worker 21] Round 3 | Loss: 0.0148605 | Train Acc: 99.938%
[Worker 22] Round 3 | Loss: 0.038835 | Train Acc: 99.6693%
[Worker 8] Round 3 | Loss: 0.0171118 | Train Acc: 99.8863%
[Worker 19] Round 3 | Loss: 0.113962 | Train Acc: 97.6227%
[Worker 20] Round 3 | Loss: 0.0145053 | Train Acc: 99.969%
[Worker 17] Round 3 | Loss: 0.0193633 | Train Acc: 99.9483%
[Worker 16] Round 3 | Loss: 0.0652828 | Train Acc: 98.677%
[Worker 18] Round 3 | Loss: 0.0205476 | Train Acc: 99.8863%
[Worker 10] Round 3 | Loss: 0.104958 | Train Acc: 97.0129%
[Worker 12] Round 3 | Loss: 0.0152461 | Train Acc: 99.9483%
[Worker 13] Round 3 | Loss: 0.0526323 | Train Acc: 99.1628%
[Worker 11] Round 3 | Loss: 0.0155436 | Train Acc: 99.9277%
[Worker 9] Round 3 | Loss: 0.0172394 | Train Acc: 99.8553%
[Worker 15] Round 3 | Loss: 0.0157977 | Train Acc: 99.9483%
[Worker 14] Round 3 | Loss: 0.0153535 | Train Acc: 99.9483%
[Worker 31] Round 3 | Loss: 0.0154423 | Train Acc: 99.8462%
[Central Round] 3 [Global Test Accuracy]: 79.02%
[Worker 2] Round 4 | Loss: 0.0128399 | Train Acc: 99.9277%
[Worker 6] Round 4 | Loss: 0.0129097 | Train Acc: 100%
[Worker 4] Round 4 | Loss: 0.0193283 | Train Acc: 99.938%
[Worker 7] Round 4 | Loss: 0.0797027 | Train Acc: 98.0258%
[Worker 1] Round 4 | Loss: 0.0118059 | Train Acc: 99.9793%
[Worker 22] Round 4 | Loss: 0.0357854 | Train Acc: 99.7829%
[Worker 3] Round 4 | Loss: 0.012206 | Train Acc: 99.938%
[Worker 5] Round 4 | Loss: 0.0135879 | Train Acc: 100%
[Worker 8] Round 4 | Loss: 0.0164397 | Train Acc: 99.876%
[Worker 10] Round 4 | Loss: 0.103502 | Train Acc: 97.0956%
[Worker 27] Round 4 | Loss: 0.0138446 | Train Acc: 99.8863%
[Worker 29] Round 4 | Loss: 0.0152721 | Train Acc: 99.8553%
[Worker 12] Round 4 | Loss: 0.0149916 | Train Acc: 99.907%
[Worker 14] Round 4 | Loss: 0.0144794 | Train Acc: 99.9483%
[Worker 25] Round 4 | Loss: 0.0500679 | Train Acc: 99.1008%
[Worker 24] Round 4 | Loss: 0.0161487 | Train Acc: 99.969%
[Worker 26] Round 4 | Loss: 0.0136044 | Train Acc: 99.8863%
[Worker 11] Round 4 | Loss: 0.0151708 | Train Acc: 99.9277%
[Worker 20] Round 4 | Loss: 0.0135385 | Train Acc: 99.969%
[Worker 30] Round 4 | Loss: 0.015489 | Train Acc: 99.845%
[Worker 21] Round 4 | Loss: 0.0142427 | Train Acc: 99.9483%
[Worker 19] Round 4 | Loss: 0.111582 | Train Acc: 97.5607%
[Worker 16] Round 4 | Loss: 0.0625856 | Train Acc: 98.7287%
[Worker 9] Round 4 | Loss: 0.0162738 | Train Acc: 99.876%
[Worker 18] Round 4 | Loss: 0.0200635 | Train Acc: 99.9173%
[Worker 28] Round 4 | Loss: 0.0712083 | Train Acc: 98.2222%
[Worker 23] Round 4 | Loss: 0.0158571 | Train Acc: 99.938%
[Worker 17] Round 4 | Loss: 0.0187728 | Train Acc: 99.8656%
[Worker 13] Round 4 | Loss: 0.0510003 | Train Acc: 99.2351%
[Worker 15] Round 4 | Loss: 0.0146246 | Train Acc: 99.9587%
[Worker 31] Round 4 | Loss: 0.0150804 | Train Acc: 99.8359%
[Central Round] 4 [Global Test Accuracy]: 81.62%
[Worker 4] Round 5 | Loss: 0.026956 | Train Acc: 99.8966%
[Worker 1] Round 5 | Loss: 0.0173992 | Train Acc: 99.9828%
[Worker 7] Round 5 | Loss: 0.0967179 | Train Acc: 97.7606%
[Worker 5] Round 5 | Loss: 0.0195439 | Train Acc: 99.9655%
[Worker 2] Round 5 | Loss: 0.018793 | Train Acc: 99.9655%
[Worker 3] Round 5 | Loss: 0.0172703 | Train Acc: 99.9483%
[Worker 6] Round 5 | Loss: 0.0185093 | Train Acc: 99.9828%
[Worker 24] Round 5 | Loss: 0.0230628 | Train Acc: 99.9483%
[Worker 25] Round 5 | Loss: 0.0628604 | Train Acc: 98.8631%
[Worker 27] Round 5 | Loss: 0.0211215 | Train Acc: 99.7588%
[Worker 29] Round 5 | Loss: 0.0226077 | Train Acc: 99.845%
[Worker 26] Round 5 | Loss: 0.0211774 | Train Acc: 99.7588%
[Worker 30] Round 5 | Loss: 0.0231653 | Train Acc: 99.7761%
[Worker 28] Round 5 | Loss: 0.0856646 | Train Acc: 97.8639%
[Worker 9] Round 5 | Loss: 0.0246145 | Train Acc: 99.8277%
[Worker 19] Round 5 | Loss: 0.12917 | Train Acc: 97.3816%
[Worker 20] Round 5 | Loss: 0.0203401 | Train Acc: 99.8966%
[Worker 21] Round 5 | Loss: 0.0204376 | Train Acc: 99.9655%
[Worker 16] Round 5 | Loss: 0.0791276 | Train Acc: 98.6563%
[Worker 22] Round 5 | Loss: 0.0483542 | Train Acc: 99.6555%
[Worker 23] Round 5 | Loss: 0.0231179 | Train Acc: 99.8794%
[Worker 17] Round 5 | Loss: 0.027893 | Train Acc: 99.7933%
[Worker 18] Round 5 | Loss: 0.0307106 | Train Acc: 99.8277%
[Worker 8] Round 5 | Loss: 0.0244615 | Train Acc: 99.8794%
[Worker 10] Round 5 | Loss: 0.121448 | Train Acc: 96.8131%
[Worker 31] Round 5 | Loss: 0.0223837 | Train Acc: 99.8462%
[Worker 13] Round 5 | Loss: 0.0641343 | Train Acc: 99.0525%
[Worker 11] Round 5 | Loss: 0.0232222 | Train Acc: 99.845%
[Worker 15] Round 5 | Loss: 0.0224956 | Train Acc: 99.8794%
[Worker 12] Round 5 | Loss: 0.0218051 | Train Acc: 99.8966%
[Worker 14] Round 5 | Loss: 0.0212474 | Train Acc: 99.9483%
[Central Round] 5 [Global Test Accuracy]: 82.59%
[Worker 2] Round 6 | Loss: 0.0185496 | Train Acc: 99.9311%
[Worker 4] Round 6 | Loss: 0.0249629 | Train Acc: 99.8966%
[Worker 1] Round 6 | Loss: 0.0174453 | Train Acc: 99.8622%
[Worker 7] Round 6 | Loss: 0.0942213 | Train Acc: 97.8122%
[Worker 5] Round 6 | Loss: 0.0188301 | Train Acc: 99.9311%
[Worker 6] Round 6 | Loss: 0.0173957 | Train Acc: 100%
[Worker 3] Round 6 | Loss: 0.0165165 | Train Acc: 99.9655%
[Worker 24] Round 6 | Loss: 0.0230643 | Train Acc: 99.8966%
[Worker 25] Round 6 | Loss: 0.0624471 | Train Acc: 98.9147%
[Worker 27] Round 6 | Loss: 0.0211936 | Train Acc: 99.7416%
[Worker 26] Round 6 | Loss: 0.0202556 | Train Acc: 99.7761%
[Worker 29] Round 6 | Loss: 0.0231218 | Train Acc: 99.7244%
[Worker 28] Round 6 | Loss: 0.0837475 | Train Acc: 98.0017%
[Worker 30] Round 6 | Loss: 0.0228264 | Train Acc: 99.7933%
[Worker 23] Round 6 | Loss: 0.0219342 | Train Acc: 99.9483%
[Worker 17] Round 6 | Loss: 0.0282639 | Train Acc: 99.8622%
[Worker 19] Round 6 | Loss: 0.127087 | Train Acc: 97.3471%
[Worker 20] Round 6 | Loss: 0.0192548 | Train Acc: 99.9311%
[Worker 21] Round 6 | Loss: 0.0193637 | Train Acc: 99.9655%
[Worker 16] Round 6 | Loss: 0.0761421 | Train Acc: 98.5702%
[Worker 22] Round 6 | Loss: 0.0447799 | Train Acc: 99.7588%
[Worker 18] Round 6 | Loss: 0.0299845 | Train Acc: 99.7761%
[Worker 11] Round 6 | Loss: 0.0226804 | Train Acc: 99.8966%
[Worker 12] Round 6 | Loss: 0.0217869 | Train Acc: 99.9483%
[Worker 10] Round 6 | Loss: 0.119954 | Train Acc: 96.7442%
[Worker 13] Round 6 | Loss: 0.0624885 | Train Acc: 98.9836%
[Worker 14] Round 6 | Loss: 0.0206037 | Train Acc: 99.9483%
[Worker 8] Round 6 | Loss: 0.0249202 | Train Acc: 99.7761%
[Worker 31] Round 6 | Loss: 0.0221048 | Train Acc: 99.812%
[Worker 9] Round 6 | Loss: 0.0240254 | Train Acc: 99.8277%
[Worker 15] Round 6 | Loss: 0.0214124 | Train Acc: 99.8794%
[Central Round] 6 [Global Test Accuracy]: 83.62%
[Worker 3] Round 7 | Loss: 0.0162128 | Train Acc: 99.9483%
[Worker 2] Round 7 | Loss: 0.0172745 | Train Acc: 99.9655%
[Worker 4] Round 7 | Loss: 0.0240928 | Train Acc: 99.9311%
[Worker 6] Round 7 | Loss: 0.0172643 | Train Acc: 99.9655%
[Worker 1] Round 7 | Loss: 0.0166285 | Train Acc: 99.8966%
[Worker 7] Round 7 | Loss: 0.0914673 | Train Acc: 97.9156%
[Worker 5] Round 7 | Loss: 0.0183157 | Train Acc: 99.9139%
[Worker 26] Round 7 | Loss: 0.0205399 | Train Acc: 99.7933%
[Worker 29] Round 7 | Loss: 0.0226054 | Train Acc: 99.7244%
[Worker 24] Round 7 | Loss: 0.0228337 | Train Acc: 99.8622%
[Worker 27] Round 7 | Loss: 0.0201651 | Train Acc: 99.7933%
[Worker 28] Round 7 | Loss: 0.0816927 | Train Acc: 98.0706%
[Worker 30] Round 7 | Loss: 0.022393 | Train Acc: 99.7588%
[Worker 25] Round 7 | Loss: 0.0600819 | Train Acc: 98.932%
[Worker 20] Round 7 | Loss: 0.0190383 | Train Acc: 99.9139%
[Worker 21] Round 7 | Loss: 0.0186921 | Train Acc: 99.9828%
[Worker 22] Round 7 | Loss: 0.0433525 | Train Acc: 99.7588%
[Worker 23] Round 7 | Loss: 0.0213712 | Train Acc: 99.9311%
[Worker 19] Round 7 | Loss: 0.125443 | Train Acc: 97.5022%
[Worker 17] Round 7 | Loss: 0.0277531 | Train Acc: 99.7933%
[Worker 16] Round 7 | Loss: 0.0731619 | Train Acc: 98.708%
[Worker 18] Round 7 | Loss: 0.0302818 | Train Acc: 99.7416%
[Worker 10] Round 7 | Loss: 0.117075 | Train Acc: 96.8992%
[Worker 8] Round 7 | Loss: 0.0241928 | Train Acc: 99.7761%
[Worker 9] Round 7 | Loss: 0.0235114 | Train Acc: 99.8966%
[Worker 11] Round 7 | Loss: 0.0219575 | Train Acc: 99.8794%
[Worker 12] Round 7 | Loss: 0.0212766 | Train Acc: 99.8966%
[Worker 13] Round 7 | Loss: 0.061041 | Train Acc: 99.0353%
[Worker 31] Round 7 | Loss: 0.0220499 | Train Acc: 99.812%
[Worker 14] Round 7 | Loss: 0.0203717 | Train Acc: 99.9311%
[Worker 15] Round 7 | Loss: 0.0210245 | Train Acc: 99.9139%
[Central Round] 7 [Global Test Accuracy]: 84.4%
[Worker 4] Round 8 | Loss: 0.0237819 | Train Acc: 99.8966%
[Worker 2] Round 8 | Loss: 0.0179279 | Train Acc: 99.8966%
[Worker 6] Round 8 | Loss: 0.0166066 | Train Acc: 99.9828%
[Worker 10] Round 8 | Loss: 0.114018 | Train Acc: 97.1232%
[Worker 12] Round 8 | Loss: 0.0209771 | Train Acc: 99.8794%
[Worker 8] Round 8 | Loss: 0.0231234 | Train Acc: 99.845%
[Worker 14] Round 8 | Loss: 0.0195235 | Train Acc: 99.9655%
[Worker 7] Round 8 | Loss: 0.0886332 | Train Acc: 97.8467%
[Worker 16] Round 8 | Loss: 0.0722386 | Train Acc: 98.6736%
[Worker 20] Round 8 | Loss: 0.0183864 | Train Acc: 99.9311%
[Worker 3] Round 8 | Loss: 0.0162662 | Train Acc: 99.9655%
[Worker 22] Round 8 | Loss: 0.041535 | Train Acc: 99.8105%
[Worker 1] Round 8 | Loss: 0.0167157 | Train Acc: 99.9139%
[Worker 5] Round 8 | Loss: 0.0185098 | Train Acc: 99.8966%
[Worker 18] Round 8 | Loss: 0.0287621 | Train Acc: 99.7761%
[Worker 28] Round 8 | Loss: 0.0796199 | Train Acc: 98.1223%
[Worker 30] Round 8 | Loss: 0.0221571 | Train Acc: 99.8105%
[Worker 27] Round 8 | Loss: 0.0192091 | Train Acc: 99.8794%
[Worker 24] Round 8 | Loss: 0.02225 | Train Acc: 99.9139%
[Worker 26] Round 8 | Loss: 0.02036 | Train Acc: 99.7761%
[Worker 9] Round 8 | Loss: 0.0233884 | Train Acc: 99.9139%
[Worker 11] Round 8 | Loss: 0.0232588 | Train Acc: 99.8105%
[Worker 15] Round 8 | Loss: 0.0208684 | Train Acc: 99.9311%
[Worker 25] Round 8 | Loss: 0.0584689 | Train Acc: 99.1214%
[Worker 29] Round 8 | Loss: 0.0226825 | Train Acc: 99.7244%
[Worker 13] Round 8 | Loss: 0.0594679 | Train Acc: 99.1387%
[Worker 17] Round 8 | Loss: 0.0267229 | Train Acc: 99.8622%
[Worker 21] Round 8 | Loss: 0.0191413 | Train Acc: 99.9483%
[Worker 19] Round 8 | Loss: 0.12242 | Train Acc: 97.4677%
[Worker 23] Round 8 | Loss: 0.0212814 | Train Acc: 99.9311%
[Worker 31] Round 8 | Loss: 0.0217878 | Train Acc: 99.7778%
[Central Round] 8 [Global Test Accuracy]: 84.97%
[Worker 4] Round 9 | Loss: 0.0225182 | Train Acc: 99.9311%
[Worker 2] Round 9 | Loss: 0.0170547 | Train Acc: 99.9483%
[Worker 6] Round 9 | Loss: 0.0163252 | Train Acc: 99.9828%
[Worker 5] Round 9 | Loss: 0.0182919 | Train Acc: 99.8794%
[Worker 1] Round 9 | Loss: 0.015866 | Train Acc: 99.9483%
[Worker 7] Round 9 | Loss: 0.0879713 | Train Acc: 97.9845%
[Worker 3] Round 9 | Loss: 0.0161018 | Train Acc: 99.9483%
[Worker 22] Round 9 | Loss: 0.040607 | Train Acc: 99.7244%
[Worker 16] Round 9 | Loss: 0.0698839 | Train Acc: 98.708%
[Worker 20] Round 9 | Loss: 0.0181046 | Train Acc: 99.9483%
[Worker 18] Round 9 | Loss: 0.0290138 | Train Acc: 99.7933%
[Worker 13] Round 9 | Loss: 0.0579552 | Train Acc: 99.1042%
[Worker 9] Round 9 | Loss: 0.0234349 | Train Acc: 99.8622%
[Worker 11] Round 9 | Loss: 0.0226932 | Train Acc: 99.8105%
[Worker 15] Round 9 | Loss: 0.0209505 | Train Acc: 99.8966%
[Worker 29] Round 9 | Loss: 0.022013 | Train Acc: 99.7416%
[Worker 25] Round 9 | Loss: 0.0567678 | Train Acc: 99.1042%
[Worker 23] Round 9 | Loss: 0.0201843 | Train Acc: 99.9483%
[Worker 21] Round 9 | Loss: 0.0186259 | Train Acc: 99.9828%
[Worker 19] Round 9 | Loss: 0.121467 | Train Acc: 97.416%
[Worker 10] Round 9 | Loss: 0.113305 | Train Acc: 96.9165%
[Worker 17] Round 9 | Loss: 0.0266277 | Train Acc: 99.8105%
[Worker 8] Round 9 | Loss: 0.0237606 | Train Acc: 99.7588%
[Worker 27] Round 9 | Loss: 0.0195381 | Train Acc: 99.7933%
[Worker 26] Round 9 | Loss: 0.0203589 | Train Acc: 99.7588%
[Worker 24] Round 9 | Loss: 0.0215783 | Train Acc: 99.9311%
[Worker 12] Round 9 | Loss: 0.021436 | Train Acc: 99.8622%
[Worker 14] Round 9 | Loss: 0.0203241 | Train Acc: 99.9483%
[Worker 31] Round 9 | Loss: 0.0215331 | Train Acc: 99.8291%
[Worker 28] Round 9 | Loss: 0.0794384 | Train Acc: 98.174%
[Worker 30] Round 9 | Loss: 0.0221388 | Train Acc: 99.7761%
[Central Round] 9 [Global Test Accuracy]: 85.51%
[Worker 5] Round 10 | Loss: 0.0176117 | Train Acc: 99.8966%
[Worker 1] Round 10 | Loss: 0.0159639 | Train Acc: 99.9311%
[Worker 3] Round 10 | Loss: 0.0162485 | Train Acc: 99.8966%
[Worker 6] Round 10 | Loss: 0.016366 | Train Acc: 99.9311%
[Worker 4] Round 10 | Loss: 0.0220729 | Train Acc: 99.9139%
[Worker 7] Round 10 | Loss: 0.0860802 | Train Acc: 97.9156%
[Worker 2] Round 10 | Loss: 0.0180044 | Train Acc: 99.8794%
[Worker 26] Round 10 | Loss: 0.0193865 | Train Acc: 99.845%
[Worker 24] Round 10 | Loss: 0.0211989 | Train Acc: 99.8794%
[Worker 25] Round 10 | Loss: 0.055546 | Train Acc: 99.1214%
[Worker 27] Round 10 | Loss: 0.0203865 | Train Acc: 99.7244%
[Worker 30] Round 10 | Loss: 0.0225341 | Train Acc: 99.7761%
[Worker 29] Round 10 | Loss: 0.0226826 | Train Acc: 99.6899%
[Worker 28] Round 10 | Loss: 0.0769513 | Train Acc: 98.2429%
[Worker 19] Round 10 | Loss: 0.119097 | Train Acc: 97.5366%
[Worker 23] Round 10 | Loss: 0.0198287 | Train Acc: 99.9311%
[Worker 21] Round 10 | Loss: 0.018344 | Train Acc: 99.9311%
[Worker 22] Round 10 | Loss: 0.0399384 | Train Acc: 99.6555%
[Worker 17] Round 10 | Loss: 0.0258821 | Train Acc: 99.7761%
[Worker 20] Round 10 | Loss: 0.0187834 | Train Acc: 99.9483%
[Worker 16] Round 10 | Loss: 0.0682185 | Train Acc: 98.7597%
[Worker 18] Round 10 | Loss: 0.0290898 | Train Acc: 99.7588%
[Worker 8] Round 10 | Loss: 0.0240496 | Train Acc: 99.7933%
[Worker 10] Round 10 | Loss: 0.112285 | Train Acc: 97.037%
[Worker 9] Round 10 | Loss: 0.0235585 | Train Acc: 99.7933%
[Worker 11] Round 10 | Loss: 0.0217783 | Train Acc: 99.8794%
[Worker 15] Round 10 | Loss: 0.0204204 | Train Acc: 99.8966%
[Worker 14] Round 10 | Loss: 0.0197247 | Train Acc: 99.9655%
[Worker 12] Round 10 | Loss: 0.0218667 | Train Acc: 99.845%
[Worker 13] Round 10 | Loss: 0.0567442 | Train Acc: 99.1904%
[Worker 31] Round 10 | Loss: 0.0215384 | Train Acc: 99.7778%
[Central Round] 10 [Global Test Accuracy]: 85.89%
[Worker 6] Round 11 | Loss: 0.0156624 | Train Acc: 99.9483%
[Worker 4] Round 11 | Loss: 0.0217846 | Train Acc: 99.8966%
[Worker 7] Round 11 | Loss: 0.0839077 | Train Acc: 98.0362%
[Worker 2] Round 11 | Loss: 0.0164091 | Train Acc: 99.9655%
[Worker 5] Round 11 | Loss: 0.0178369 | Train Acc: 99.8622%
[Worker 1] Round 11 | Loss: 0.0157588 | Train Acc: 99.8966%
[Worker 3] Round 11 | Loss: 0.015419 | Train Acc: 99.9483%
[Worker 9] Round 11 | Loss: 0.0239263 | Train Acc: 99.6899%
[Worker 11] Round 11 | Loss: 0.0223417 | Train Acc: 99.8277%
[Worker 15] Round 11 | Loss: 0.0211178 | Train Acc: 99.8277%
[Worker 13] Round 11 | Loss: 0.056523 | Train Acc: 99.1731%
[Worker 24] Round 11 | Loss: 0.0215104 | Train Acc: 99.8966%
[Worker 10] Round 11 | Loss: 0.111314 | Train Acc: 96.8992%
[Worker 27] Round 11 | Loss: 0.0193757 | Train Acc: 99.7244%
[Worker 26] Round 11 | Loss: 0.0199254 | Train Acc: 99.8105%
[Worker 30] Round 11 | Loss: 0.0223212 | Train Acc: 99.7933%
[Worker 28] Round 11 | Loss: 0.0759135 | Train Acc: 98.1051%
[Worker 25] Round 11 | Loss: 0.0546048 | Train Acc: 99.1214%
[Worker 29] Round 11 | Loss: 0.0226711 | Train Acc: 99.7416%
[Worker 19] Round 11 | Loss: 0.118987 | Train Acc: 97.6227%
[Worker 23] Round 11 | Loss: 0.0203632 | Train Acc: 99.8794%
[Worker 16] Round 11 | Loss: 0.0678087 | Train Acc: 98.8114%
[Worker 21] Round 11 | Loss: 0.0185427 | Train Acc: 99.9311%
[Worker 17] Round 11 | Loss: 0.0260962 | Train Acc: 99.7244%
[Worker 22] Round 11 | Loss: 0.039445 | Train Acc: 99.7244%
[Worker 20] Round 11 | Loss: 0.0178731 | Train Acc: 99.9483%
[Worker 18] Round 11 | Loss: 0.0283833 | Train Acc: 99.845%
[Worker 8] Round 11 | Loss: 0.0248822 | Train Acc: 99.6899%
[Worker 12] Round 11 | Loss: 0.0208618 | Train Acc: 99.8966%
[Worker 31] Round 11 | Loss: 0.0214348 | Train Acc: 99.7607%
[Worker 14] Round 11 | Loss: 0.0197077 | Train Acc: 99.8794%
[Central Round] 11 [Global Test Accuracy]: 86.19%
[Worker 7] Round 12 | Loss: 0.0831484 | Train Acc: 98.174%
[Worker 1] Round 12 | Loss: 0.0160608 | Train Acc: 99.9139%
[Worker 5] Round 12 | Loss: 0.0177311 | Train Acc: 99.8622%
[Worker 3] Round 12 | Loss: 0.0153887 | Train Acc: 99.9311%
[Worker 2] Round 12 | Loss: 0.0168948 | Train Acc: 99.8966%
[Worker 6] Round 12 | Loss: 0.015425 | Train Acc: 99.9655%
[Worker 4] Round 12 | Loss: 0.0220829 | Train Acc: 99.8277%
[Worker 24] Round 12 | Loss: 0.0211631 | Train Acc: 99.8794%
[Worker 27] Round 12 | Loss: 0.0200783 | Train Acc: 99.8277%
[Worker 26] Round 12 | Loss: 0.0190089 | Train Acc: 99.8277%
[Worker 25] Round 12 | Loss: 0.0535303 | Train Acc: 99.0698%
[Worker 30] Round 12 | Loss: 0.0220202 | Train Acc: 99.8277%
[Worker 29] Round 12 | Loss: 0.021788 | Train Acc: 99.7588%
[Worker 28] Round 12 | Loss: 0.0740991 | Train Acc: 98.3807%
[Worker 17] Round 12 | Loss: 0.0251537 | Train Acc: 99.8277%
[Worker 19] Round 12 | Loss: 0.117465 | Train Acc: 97.5538%
[Worker 23] Round 12 | Loss: 0.0200061 | Train Acc: 99.8794%
[Worker 21] Round 12 | Loss: 0.0174049 | Train Acc: 99.9828%
[Worker 20] Round 12 | Loss: 0.017521 | Train Acc: 99.9655%
[Worker 16] Round 12 | Loss: 0.0659835 | Train Acc: 98.7425%
[Worker 22] Round 12 | Loss: 0.0377825 | Train Acc: 99.7588%
[Worker 18] Round 12 | Loss: 0.0282818 | Train Acc: 99.8105%
[Worker 9] Round 12 | Loss: 0.0241428 | Train Acc: 99.7588%
[Worker 8] Round 12 | Loss: 0.0241399 | Train Acc: 99.7244%
[Worker 10] Round 12 | Loss: 0.109345 | Train Acc: 97.0026%
[Worker 12] Round 12 | Loss: 0.0216603 | Train Acc: 99.8277%
[Worker 13] Round 12 | Loss: 0.0567976 | Train Acc: 99.1042%
[Worker 15] Round 12 | Loss: 0.0212715 | Train Acc: 99.7761%
[Worker 14] Round 12 | Loss: 0.0194086 | Train Acc: 99.9139%
[Worker 31] Round 12 | Loss: 0.0206962 | Train Acc: 99.812%
[Worker 11] Round 12 | Loss: 0.022687 | Train Acc: 99.7761%
[Central Round] 12 [Global Test Accuracy]: 86.45%
[Worker 6] Round 13 | Loss: 0.0151222 | Train Acc: 99.9655%
[Worker 4] Round 13 | Loss: 0.0214424 | Train Acc: 99.8966%
[Worker 1] Round 13 | Loss: 0.01522 | Train Acc: 99.9311%
[Worker 7] Round 13 | Loss: 0.0825758 | Train Acc: 98.0706%
[Worker 5] Round 13 | Loss: 0.0179945 | Train Acc: 99.8277%
[Worker 2] Round 13 | Loss: 0.016943 | Train Acc: 99.8794%
[Worker 3] Round 13 | Loss: 0.0151158 | Train Acc: 99.9655%
[Worker 24] Round 13 | Loss: 0.0214834 | Train Acc: 99.8794%
[Worker 27] Round 13 | Loss: 0.0189854 | Train Acc: 99.8622%
[Worker 25] Round 13 | Loss: 0.0518631 | Train Acc: 99.1214%
[Worker 26] Round 13 | Loss: 0.0195285 | Train Acc: 99.8794%
[Worker 28] Round 13 | Loss: 0.0742186 | Train Acc: 98.329%
[Worker 30] Round 13 | Loss: 0.0223053 | Train Acc: 99.7933%
[Worker 22] Round 13 | Loss: 0.0366964 | Train Acc: 99.7933%
[Worker 16] Round 13 | Loss: 0.0647515 | Train Acc: 98.8114%
[Worker 20] Round 13 | Loss: 0.0175539 | Train Acc: 99.9311%
[Worker 21] Round 13 | Loss: 0.018321 | Train Acc: 99.9311%
[Worker 17] Round 13 | Loss: 0.024952 | Train Acc: 99.8622%
[Worker 19] Round 13 | Loss: 0.116863 | Train Acc: 97.3988%
[Worker 23] Round 13 | Loss: 0.0195277 | Train Acc: 99.8966%
[Worker 18] Round 13 | Loss: 0.0288556 | Train Acc: 99.6382%
[Worker 10] Round 13 | Loss: 0.108843 | Train Acc: 96.9854%
[Worker 9] Round 13 | Loss: 0.0231808 | Train Acc: 99.7933%
[Worker 8] Round 13 | Loss: 0.0242905 | Train Acc: 99.6727%
[Worker 11] Round 13 | Loss: 0.0219556 | Train Acc: 99.8277%
[Worker 12] Round 13 | Loss: 0.0212975 | Train Acc: 99.8794%
[Worker 13] Round 13 | Loss: 0.0546387 | Train Acc: 99.0525%
[Worker 15] Round 13 | Loss: 0.0203735 | Train Acc: 99.8794%
[Worker 14] Round 13 | Loss: 0.0194945 | Train Acc: 99.8966%
[Worker 31] Round 13 | Loss: 0.0206623 | Train Acc: 99.8462%
[Worker 29] Round 13 | Loss: 0.0219401 | Train Acc: 99.6899%
[Central Round] 13 [Global Test Accuracy]: 86.75%
[Worker 1] Round 14 | Loss: 0.0154139 | Train Acc: 99.9483%
[Worker 7] Round 14 | Loss: 0.0815665 | Train Acc: 98.0879%
[Worker 5] Round 14 | Loss: 0.0178194 | Train Acc: 99.8105%
[Worker 3] Round 14 | Loss: 0.0150139 | Train Acc: 99.9311%
[Worker 2] Round 14 | Loss: 0.0164354 | Train Acc: 99.9483%
[Worker 4] Round 14 | Loss: 0.0213069 | Train Acc: 99.9311%
[Worker 6] Round 14 | Loss: 0.0158221 | Train Acc: 99.9311%
[Worker 25] Round 14 | Loss: 0.0518985 | Train Acc: 99.1387%
[Worker 26] Round 14 | Loss: 0.0196878 | Train Acc: 99.8277%
[Worker 20] Round 14 | Loss: 0.0175292 | Train Acc: 99.9311%
[Worker 24] Round 14 | Loss: 0.0212694 | Train Acc: 99.8277%
[Worker 29] Round 14 | Loss: 0.0220668 | Train Acc: 99.6555%
[Worker 27] Round 14 | Loss: 0.0191581 | Train Acc: 99.8277%
[Worker 30] Round 14 | Loss: 0.0209948 | Train Acc: 99.845%
[Worker 28] Round 14 | Loss: 0.0720626 | Train Acc: 98.4152%
[Worker 9] Round 14 | Loss: 0.0238554 | Train Acc: 99.6899%
[Worker 21] Round 14 | Loss: 0.0181308 | Train Acc: 99.8966%
[Worker 17] Round 14 | Loss: 0.0258848 | Train Acc: 99.7761%
[Worker 16] Round 14 | Loss: 0.0635915 | Train Acc: 98.8114%
[Worker 19] Round 14 | Loss: 0.114567 | Train Acc: 97.5366%
[Worker 18] Round 14 | Loss: 0.0277186 | Train Acc: 99.7933%
[Worker 23] Round 14 | Loss: 0.0193668 | Train Acc: 99.9139%
[Worker 22] Round 14 | Loss: 0.0365591 | Train Acc: 99.7244%
[Worker 11] Round 14 | Loss: 0.0221818 | Train Acc: 99.7933%
[Worker 12] Round 14 | Loss: 0.0210098 | Train Acc: 99.845%
[Worker 8] Round 14 | Loss: 0.0241282 | Train Acc: 99.7933%
[Worker 10] Round 14 | Loss: 0.108214 | Train Acc: 97.037%
[Worker 13] Round 14 | Loss: 0.053916 | Train Acc: 99.2248%
[Worker 14] Round 14 | Loss: 0.0197557 | Train Acc: 99.8794%
[Worker 15] Round 14 | Loss: 0.0204161 | Train Acc: 99.845%
[Worker 31] Round 14 | Loss: 0.0215816 | Train Acc: 99.7436%
[Central Round] 14 [Global Test Accuracy]: 86.99%
[Worker 4] Round 15 | Loss: 0.020852 | Train Acc: 99.8966%
[Worker 2] Round 15 | Loss: 0.0163573 | Train Acc: 99.9311%
[Worker 1] Round 15 | Loss: 0.0152705 | Train Acc: 99.9311%
[Worker 7] Round 15 | Loss: 0.0812569 | Train Acc: 98.0879%
[Worker 5] Round 15 | Loss: 0.0177568 | Train Acc: 99.8105%
[Worker 3] Round 15 | Loss: 0.0150005 | Train Acc: 99.9311%
[Worker 6] Round 15 | Loss: 0.0156729 | Train Acc: 99.9483%
[Worker 29] Round 15 | Loss: 0.0212835 | Train Acc: 99.8277%
[Worker 24] Round 15 | Loss: 0.0213975 | Train Acc: 99.8277%
[Worker 25] Round 15 | Loss: 0.0510312 | Train Acc: 99.1731%
[Worker 27] Round 15 | Loss: 0.0195069 | Train Acc: 99.8622%
[Worker 26] Round 15 | Loss: 0.0196032 | Train Acc: 99.8277%
[Worker 30] Round 15 | Loss: 0.0214013 | Train Acc: 99.7416%
[Worker 28] Round 15 | Loss: 0.0729926 | Train Acc: 98.3807%
[Worker 10] Round 15 | Loss: 0.106349 | Train Acc: 97.0715%
[Worker 23] Round 15 | Loss: 0.0202312 | Train Acc: 99.8966%
[Worker 19] Round 15 | Loss: 0.115127 | Train Acc: 97.5711%
[Worker 21] Round 15 | Loss: 0.0182472 | Train Acc: 99.8622%
[Worker 17] Round 15 | Loss: 0.0252679 | Train Acc: 99.8277%
[Worker 16] Round 15 | Loss: 0.0621574 | Train Acc: 98.8286%
[Worker 22] Round 15 | Loss: 0.0363052 | Train Acc: 99.7071%
[Worker 18] Round 15 | Loss: 0.0275764 | Train Acc: 99.7588%
[Worker 20] Round 15 | Loss: 0.0177429 | Train Acc: 99.8966%
[Worker 8] Round 15 | Loss: 0.0237629 | Train Acc: 99.7933%
[Worker 11] Round 15 | Loss: 0.0224826 | Train Acc: 99.8277%
[Worker 15] Round 15 | Loss: 0.0206037 | Train Acc: 99.8105%
[Worker 12] Round 15 | Loss: 0.0208704 | Train Acc: 99.8277%
[Worker 13] Round 15 | Loss: 0.0527936 | Train Acc: 99.2593%
[Worker 14] Round 15 | Loss: 0.019209 | Train Acc: 99.8794%
[Worker 9] Round 15 | Loss: 0.0235801 | Train Acc: 99.8105%
[Worker 31] Round 15 | Loss: 0.0204608 | Train Acc: 99.8291%
[Central Round] 15 [Global Test Accuracy]: 87.23%
[Worker 7] Round 16 | Loss: 0.0802025 | Train Acc: 98.019%
[Worker 1] Round 16 | Loss: 0.0152312 | Train Acc: 99.9139%
[Worker 3] Round 16 | Loss: 0.0151286 | Train Acc: 99.8794%
[Worker 2] Round 16 | Loss: 0.0167675 | Train Acc: 99.8794%
[Worker 5] Round 16 | Loss: 0.0175193 | Train Acc: 99.7761%
[Worker 4] Round 16 | Loss: 0.0209961 | Train Acc: 99.8622%
[Worker 6] Round 16 | Loss: 0.0151467 | Train Acc: 99.9828%
[Worker 26] Round 16 | Loss: 0.0197557 | Train Acc: 99.8277%
[Worker 29] Round 16 | Loss: 0.0219849 | Train Acc: 99.7416%
[Worker 24] Round 16 | Loss: 0.0212581 | Train Acc: 99.7244%
[Worker 25] Round 16 | Loss: 0.0508249 | Train Acc: 99.087%
[Worker 27] Round 16 | Loss: 0.0192811 | Train Acc: 99.8794%
[Worker 30] Round 16 | Loss: 0.0213455 | Train Acc: 99.7933%
[Worker 28] Round 16 | Loss: 0.072346 | Train Acc: 98.4841%
[Worker 16] Round 16 | Loss: 0.0616352 | Train Acc: 98.8803%
[Worker 23] Round 16 | Loss: 0.0197055 | Train Acc: 99.845%
[Worker 18] Round 16 | Loss: 0.028731 | Train Acc: 99.7071%
[Worker 19] Round 16 | Loss: 0.114374 | Train Acc: 97.4849%
[Worker 21] Round 16 | Loss: 0.0181603 | Train Acc: 99.8966%
[Worker 17] Round 16 | Loss: 0.0252231 | Train Acc: 99.845%
[Worker 22] Round 16 | Loss: 0.0354116 | Train Acc: 99.6727%
[Worker 20] Round 16 | Loss: 0.0174865 | Train Acc: 99.8966%
[Worker 8] Round 16 | Loss: 0.0241242 | Train Acc: 99.7071%
[Worker 10] Round 16 | Loss: 0.106575 | Train Acc: 96.9509%
[Worker 9] Round 16 | Loss: 0.0239101 | Train Acc: 99.6727%
[Worker 11] Round 16 | Loss: 0.0221355 | Train Acc: 99.7933%
[Worker 13] Round 16 | Loss: 0.0532987 | Train Acc: 99.1387%
[Worker 15] Round 16 | Loss: 0.0202401 | Train Acc: 99.845%
[Worker 12] Round 16 | Loss: 0.0219511 | Train Acc: 99.7588%
[Worker 14] Round 16 | Loss: 0.0187889 | Train Acc: 99.9139%
[Worker 31] Round 16 | Loss: 0.0203599 | Train Acc: 99.8462%
[Central Round] 16 [Global Test Accuracy]: 87.37%
[Worker 7] Round 17 | Loss: 0.0789816 | Train Acc: 98.0879%
[Worker 5] Round 17 | Loss: 0.0177601 | Train Acc: 99.7761%
[Worker 1] Round 17 | Loss: 0.014759 | Train Acc: 99.9311%
[Worker 3] Round 17 | Loss: 0.0155169 | Train Acc: 99.8966%
[Worker 6] Round 17 | Loss: 0.0152774 | Train Acc: 99.9483%
[Worker 4] Round 17 | Loss: 0.0206072 | Train Acc: 99.845%
[Worker 2] Round 17 | Loss: 0.0166535 | Train Acc: 99.8966%
[Worker 24] Round 17 | Loss: 0.0213264 | Train Acc: 99.7933%
[Worker 25] Round 17 | Loss: 0.050139 | Train Acc: 99.1387%
[Worker 27] Round 17 | Loss: 0.019076 | Train Acc: 99.8277%
[Worker 23] Round 17 | Loss: 0.0198618 | Train Acc: 99.8277%
[Worker 19] Round 17 | Loss: 0.112898 | Train Acc: 97.4849%
[Worker 21] Round 17 | Loss: 0.0182169 | Train Acc: 99.9139%
[Worker 17] Round 17 | Loss: 0.0248686 | Train Acc: 99.8277%
[Worker 26] Round 17 | Loss: 0.0190361 | Train Acc: 99.8277%
[Worker 29] Round 17 | Loss: 0.0210876 | Train Acc: 99.7761%
[Worker 30] Round 17 | Loss: 0.0213259 | Train Acc: 99.7933%
[Worker 28] Round 17 | Loss: 0.0712523 | Train Acc: 98.5013%
[Worker 16] Round 17 | Loss: 0.0608983 | Train Acc: 98.8286%
[Worker 20] Round 17 | Loss: 0.0174334 | Train Acc: 99.9139%
[Worker 15] Round 17 | Loss: 0.0206645 | Train Acc: 99.8277%
[Worker 10] Round 17 | Loss: 0.105609 | Train Acc: 96.9165%
[Worker 18] Round 17 | Loss: 0.0286738 | Train Acc: 99.7071%
[Worker 9] Round 17 | Loss: 0.0240118 | Train Acc: 99.7761%
[Worker 22] Round 17 | Loss: 0.035316 | Train Acc: 99.6899%
[Worker 11] Round 17 | Loss: 0.0232632 | Train Acc: 99.7416%
[Worker 13] Round 17 | Loss: 0.0518463 | Train Acc: 99.2765%
[Worker 8] Round 17 | Loss: 0.0240467 | Train Acc: 99.7071%
[Worker 12] Round 17 | Loss: 0.0218509 | Train Acc: 99.7933%
[Worker 31] Round 17 | Loss: 0.020027 | Train Acc: 99.7778%
[Worker 14] Round 17 | Loss: 0.0194075 | Train Acc: 99.8622%
[Central Round] 17 [Global Test Accuracy]: 87.53%
[Worker 4] Round 18 | Loss: 0.0208099 | Train Acc: 99.845%
[Worker 6] Round 18 | Loss: 0.0149711 | Train Acc: 99.9311%
[Worker 2] Round 18 | Loss: 0.0166691 | Train Acc: 99.845%
[Worker 16] Round 18 | Loss: 0.0604547 | Train Acc: 98.8114%
[Worker 20] Round 18 | Loss: 0.0174203 | Train Acc: 99.8622%
[Worker 22] Round 18 | Loss: 0.0347274 | Train Acc: 99.7071%
[Worker 18] Round 18 | Loss: 0.0272222 | Train Acc: 99.7588%
[Worker 7] Round 18 | Loss: 0.0787679 | Train Acc: 98.1223%
[Worker 1] Round 18 | Loss: 0.0147664 | Train Acc: 99.9311%
[Worker 5] Round 18 | Loss: 0.0177234 | Train Acc: 99.8105%
[Worker 3] Round 18 | Loss: 0.0147277 | Train Acc: 99.9139%
[Worker 24] Round 18 | Loss: 0.0210486 | Train Acc: 99.845%
[Worker 26] Round 18 | Loss: 0.0195079 | Train Acc: 99.8622%
[Worker 29] Round 18 | Loss: 0.0216576 | Train Acc: 99.7416%
[Worker 25] Round 18 | Loss: 0.0496536 | Train Acc: 99.0525%
[Worker 17] Round 18 | Loss: 0.0247192 | Train Acc: 99.845%
[Worker 23] Round 18 | Loss: 0.0194671 | Train Acc: 99.8622%
[Worker 19] Round 18 | Loss: 0.112585 | Train Acc: 97.5022%
[Worker 21] Round 18 | Loss: 0.0175964 | Train Acc: 99.9311%
[Worker 27] Round 18 | Loss: 0.0186197 | Train Acc: 99.8622%
[Worker 28] Round 18 | Loss: 0.0701467 | Train Acc: 98.5013%
[Worker 30] Round 18 | Loss: 0.0213116 | Train Acc: 99.8105%
[Worker 8] Round 18 | Loss: 0.0242014 | Train Acc: 99.7588%
[Worker 10] Round 18 | Loss: 0.105211 | Train Acc: 97.1576%
[Worker 9] Round 18 | Loss: 0.0231295 | Train Acc: 99.7416%
[Worker 11] Round 18 | Loss: 0.0233563 | Train Acc: 99.6899%
[Worker 12] Round 18 | Loss: 0.0209475 | Train Acc: 99.8105%
[Worker 14] Round 18 | Loss: 0.018868 | Train Acc: 99.8622%
[Worker 15] Round 18 | Loss: 0.0204591 | Train Acc: 99.8277%
[Worker 13] Round 18 | Loss: 0.0513826 | Train Acc: 99.1904%
[Worker 31] Round 18 | Loss: 0.0202997 | Train Acc: 99.8633%
[Central Round] 18 [Global Test Accuracy]: 87.65%
[Worker 1] Round 19 | Loss: 0.0151515 | Train Acc: 99.845%
[Worker 7] Round 19 | Loss: 0.0790942 | Train Acc: 98.1912%
[Worker 5] Round 19 | Loss: 0.0179328 | Train Acc: 99.7416%
[Worker 4] Round 19 | Loss: 0.0202829 | Train Acc: 99.8794%
[Worker 3] Round 19 | Loss: 0.0150531 | Train Acc: 99.8966%
[Worker 6] Round 19 | Loss: 0.0151422 | Train Acc: 99.8794%
[Worker 2] Round 19 | Loss: 0.0159796 | Train Acc: 99.8966%
[Worker 25] Round 19 | Loss: 0.0494398 | Train Acc: 99.087%
[Worker 24] Round 19 | Loss: 0.0211545 | Train Acc: 99.7588%
[Worker 27] Round 19 | Loss: 0.0197147 | Train Acc: 99.7588%
[Worker 29] Round 19 | Loss: 0.0223464 | Train Acc: 99.7071%
[Worker 26] Round 19 | Loss: 0.0190792 | Train Acc: 99.8622%
[Worker 30] Round 19 | Loss: 0.021229 | Train Acc: 99.7588%
[Worker 28] Round 19 | Loss: 0.0689637 | Train Acc: 98.4668%
[Worker 19] Round 19 | Loss: 0.112292 | Train Acc: 97.4505%
[Worker 22] Round 19 | Loss: 0.0347711 | Train Acc: 99.6727%
[Worker 20] Round 19 | Loss: 0.0169033 | Train Acc: 99.9139%
[Worker 17] Round 19 | Loss: 0.024487 | Train Acc: 99.8622%
[Worker 23] Round 19 | Loss: 0.0194002 | Train Acc: 99.845%
[Worker 21] Round 19 | Loss: 0.0174409 | Train Acc: 99.9655%
[Worker 16] Round 19 | Loss: 0.059946 | Train Acc: 98.7941%
[Worker 18] Round 19 | Loss: 0.0269053 | Train Acc: 99.7933%
[Worker 10] Round 19 | Loss: 0.104398 | Train Acc: 97.0715%
[Worker 9] Round 19 | Loss: 0.0232078 | Train Acc: 99.7071%
[Worker 11] Round 19 | Loss: 0.0232711 | Train Acc: 99.6555%
[Worker 13] Round 19 | Loss: 0.0504294 | Train Acc: 99.1731%
[Worker 8] Round 19 | Loss: 0.0236911 | Train Acc: 99.7416%
[Worker 15] Round 19 | Loss: 0.0205612 | Train Acc: 99.7588%
[Worker 12] Round 19 | Loss: 0.021336 | Train Acc: 99.845%
[Worker 14] Round 19 | Loss: 0.0196167 | Train Acc: 99.7588%
[Worker 31] Round 19 | Loss: 0.0201826 | Train Acc: 99.8291%
[Central Round] 19 [Global Test Accuracy]: 87.72%
[Worker 7] Round 20 | Loss: 0.0769306 | Train Acc: 98.3118%
[Worker 5] Round 20 | Loss: 0.0184069 | Train Acc: 99.7588%
[Worker 4] Round 20 | Loss: 0.0204041 | Train Acc: 99.845%
[Worker 1] Round 20 | Loss: 0.0144673 | Train Acc: 99.9139%
[Worker 6] Round 20 | Loss: 0.0150341 | Train Acc: 99.9311%
[Worker 2] Round 20 | Loss: 0.0167028 | Train Acc: 99.8966%
[Worker 3] Round 20 | Loss: 0.014684 | Train Acc: 99.8966%
[Worker 25] Round 20 | Loss: 0.0486776 | Train Acc: 99.1214%
[Worker 24] Round 20 | Loss: 0.0215649 | Train Acc: 99.7761%
[Worker 26] Round 20 | Loss: 0.0192359 | Train Acc: 99.8277%
[Worker 29] Round 20 | Loss: 0.0216264 | Train Acc: 99.7071%
[Worker 27] Round 20 | Loss: 0.0193086 | Train Acc: 99.7933%
[Worker 30] Round 20 | Loss: 0.0218932 | Train Acc: 99.7933%
[Worker 28] Round 20 | Loss: 0.0686747 | Train Acc: 98.5013%
[Worker 10] Round 20 | Loss: 0.102998 | Train Acc: 97.1749%
[Worker 21] Round 20 | Loss: 0.0171899 | Train Acc: 99.8966%
[Worker 20] Round 20 | Loss: 0.0169895 | Train Acc: 99.9139%
[Worker 17] Round 20 | Loss: 0.0247906 | Train Acc: 99.7416%
[Worker 18] Round 20 | Loss: 0.0272947 | Train Acc: 99.7244%
[Worker 23] Round 20 | Loss: 0.0189879 | Train Acc: 99.8622%
[Worker 19] Round 20 | Loss: 0.11038 | Train Acc: 97.5366%
[Worker 22] Round 20 | Loss: 0.0342224 | Train Acc: 99.6727%
[Worker 16] Round 20 | Loss: 0.0596963 | Train Acc: 98.7941%
[Worker 8] Round 20 | Loss: 0.0242821 | Train Acc: 99.6727%
[Worker 9] Round 20 | Loss: 0.0232525 | Train Acc: 99.7761%
[Worker 13] Round 20 | Loss: 0.0505192 | Train Acc: 99.242%
[Worker 11] Round 20 | Loss: 0.02321 | Train Acc: 99.7761%
[Worker 15] Round 20 | Loss: 0.0210915 | Train Acc: 99.7071%
[Worker 12] Round 20 | Loss: 0.0204498 | Train Acc: 99.8794%
[Worker 14] Round 20 | Loss: 0.0190608 | Train Acc: 99.8622%
[Worker 31] Round 20 | Loss: 0.0205782 | Train Acc: 99.7778%
[Central Round] 20 [Global Test Accuracy]: 87.93%
[Worker 7] Round 21 | Loss: 0.0778695 | Train Acc: 98.0534%
[Worker 5] Round 21 | Loss: 0.0187485 | Train Acc: 99.7071%
[Worker 1] Round 21 | Loss: 0.0147675 | Train Acc: 99.8966%
[Worker 4] Round 21 | Loss: 0.0199053 | Train Acc: 99.8622%
[Worker 6] Round 21 | Loss: 0.0148742 | Train Acc: 99.9139%
[Worker 3] Round 21 | Loss: 0.0145722 | Train Acc: 99.9139%
[Worker 2] Round 21 | Loss: 0.0158485 | Train Acc: 99.9139%
[Worker 24] Round 21 | Loss: 0.0210567 | Train Acc: 99.7761%
[Worker 26] Round 21 | Loss: 0.0196612 | Train Acc: 99.7933%
[Worker 27] Round 21 | Loss: 0.0192909 | Train Acc: 99.8277%
[Worker 29] Round 21 | Loss: 0.0213378 | Train Acc: 99.7588%
[Worker 25] Round 21 | Loss: 0.0482493 | Train Acc: 99.1214%
[Worker 30] Round 21 | Loss: 0.0218596 | Train Acc: 99.7761%
[Worker 28] Round 21 | Loss: 0.0681002 | Train Acc: 98.5702%
[Worker 9] Round 21 | Loss: 0.0233072 | Train Acc: 99.7588%
[Worker 21] Round 21 | Loss: 0.0172701 | Train Acc: 99.9311%
[Worker 20] Round 21 | Loss: 0.0171506 | Train Acc: 99.9311%
[Worker 23] Round 21 | Loss: 0.0195992 | Train Acc: 99.7933%
[Worker 22] Round 21 | Loss: 0.0336059 | Train Acc: 99.7244%
[Worker 19] Round 21 | Loss: 0.109746 | Train Acc: 97.6055%
[Worker 17] Round 21 | Loss: 0.0240735 | Train Acc: 99.8277%
[Worker 16] Round 21 | Loss: 0.0583639 | Train Acc: 99.0009%
[Worker 18] Round 21 | Loss: 0.0273517 | Train Acc: 99.7588%
[Worker 12] Round 21 | Loss: 0.020935 | Train Acc: 99.7588%
[Worker 10] Round 21 | Loss: 0.103238 | Train Acc: 97.0026%
[Worker 8] Round 21 | Loss: 0.0244436 | Train Acc: 99.6555%
[Worker 13] Round 21 | Loss: 0.0509928 | Train Acc: 99.1387%
[Worker 11] Round 21 | Loss: 0.0233171 | Train Acc: 99.7244%
[Worker 14] Round 21 | Loss: 0.0193802 | Train Acc: 99.7761%
[Worker 15] Round 21 | Loss: 0.020593 | Train Acc: 99.8277%
[Worker 31] Round 21 | Loss: 0.0201812 | Train Acc: 99.7949%
[Central Round] 21 [Global Test Accuracy]: 88%
[Worker 4] Round 22 | Loss: 0.0201181 | Train Acc: 99.8105%
[Worker 1] Round 22 | Loss: 0.014854 | Train Acc: 99.8966%
[Worker 3] Round 22 | Loss: 0.0142288 | Train Acc: 99.9311%
[Worker 7] Round 22 | Loss: 0.0757165 | Train Acc: 98.1568%
[Worker 5] Round 22 | Loss: 0.0175229 | Train Acc: 99.7933%
[Worker 6] Round 22 | Loss: 0.0145949 | Train Acc: 99.9655%
[Worker 2] Round 22 | Loss: 0.0167547 | Train Acc: 99.8622%
[Worker 24] Round 22 | Loss: 0.0215785 | Train Acc: 99.7244%
[Worker 26] Round 22 | Loss: 0.0191737 | Train Acc: 99.8966%
[Worker 27] Round 22 | Loss: 0.0193172 | Train Acc: 99.7588%
[Worker 25] Round 22 | Loss: 0.0482268 | Train Acc: 99.1042%
[Worker 29] Round 22 | Loss: 0.0221188 | Train Acc: 99.7588%
[Worker 30] Round 22 | Loss: 0.0212862 | Train Acc: 99.7933%
[Worker 28] Round 22 | Loss: 0.0676532 | Train Acc: 98.553%
[Worker 23] Round 22 | Loss: 0.0190325 | Train Acc: 99.8966%
[Worker 22] Round 22 | Loss: 0.033673 | Train Acc: 99.6555%
[Worker 19] Round 22 | Loss: 0.10908 | Train Acc: 97.5022%
[Worker 17] Round 22 | Loss: 0.0246236 | Train Acc: 99.7761%
[Worker 21] Round 22 | Loss: 0.0173515 | Train Acc: 99.9311%
[Worker 18] Round 22 | Loss: 0.0273146 | Train Acc: 99.7416%
[Worker 16] Round 22 | Loss: 0.0580723 | Train Acc: 98.9492%
[Worker 20] Round 22 | Loss: 0.0171098 | Train Acc: 99.8794%
[Worker 8] Round 22 | Loss: 0.0248088 | Train Acc: 99.5866%
[Worker 9] Round 22 | Loss: 0.0236309 | Train Acc: 99.7761%
[Worker 12] Round 22 | Loss: 0.02126 | Train Acc: 99.8277%
[Worker 10] Round 22 | Loss: 0.102441 | Train Acc: 97.1232%
[Worker 15] Round 22 | Loss: 0.0212211 | Train Acc: 99.7588%
[Worker 13] Round 22 | Loss: 0.050065 | Train Acc: 99.2076%
[Worker 14] Round 22 | Loss: 0.0197099 | Train Acc: 99.8277%
[Worker 11] Round 22 | Loss: 0.0235622 | Train Acc: 99.7244%
[Worker 31] Round 22 | Loss: 0.0205142 | Train Acc: 99.812%
[Central Round] 22 [Global Test Accuracy]: 88.18%
[Worker 1] Round 23 | Loss: 0.0146741 | Train Acc: 99.9139%
[Worker 7] Round 23 | Loss: 0.0751876 | Train Acc: 98.2084%
[Worker 3] Round 23 | Loss: 0.0142735 | Train Acc: 99.8966%
[Worker 4] Round 23 | Loss: 0.0196043 | Train Acc: 99.8277%
[Worker 5] Round 23 | Loss: 0.0182053 | Train Acc: 99.7416%
[Worker 6] Round 23 | Loss: 0.0149994 | Train Acc: 99.8966%
[Worker 2] Round 23 | Loss: 0.0161333 | Train Acc: 99.845%
[Worker 27] Round 23 | Loss: 0.0190254 | Train Acc: 99.7588%
[Worker 29] Round 23 | Loss: 0.0213882 | Train Acc: 99.7416%
[Worker 25] Round 23 | Loss: 0.0484649 | Train Acc: 99.1042%
[Worker 24] Round 23 | Loss: 0.0212068 | Train Acc: 99.7588%
[Worker 30] Round 23 | Loss: 0.0213192 | Train Acc: 99.7416%
[Worker 26] Round 23 | Loss: 0.01947 | Train Acc: 99.8277%
[Worker 28] Round 23 | Loss: 0.0679508 | Train Acc: 98.4496%
[Worker 10] Round 23 | Loss: 0.101654 | Train Acc: 97.1749%
[Worker 21] Round 23 | Loss: 0.0171536 | Train Acc: 99.9139%
[Worker 23] Round 23 | Loss: 0.0194335 | Train Acc: 99.8105%
[Worker 22] Round 23 | Loss: 0.0328672 | Train Acc: 99.7416%
[Worker 19] Round 23 | Loss: 0.109775 | Train Acc: 97.6055%
[Worker 17] Round 23 | Loss: 0.0246057 | Train Acc: 99.8277%
[Worker 20] Round 23 | Loss: 0.0167965 | Train Acc: 99.9139%
[Worker 18] Round 23 | Loss: 0.0271911 | Train Acc: 99.6899%
[Worker 16] Round 23 | Loss: 0.0571423 | Train Acc: 98.8803%
[Worker 8] Round 23 | Loss: 0.0250606 | Train Acc: 99.6382%
[Worker 9] Round 23 | Loss: 0.0232103 | Train Acc: 99.7416%
[Worker 11] Round 23 | Loss: 0.0237516 | Train Acc: 99.6382%
[Worker 13] Round 23 | Loss: 0.0503919 | Train Acc: 99.1904%
[Worker 12] Round 23 | Loss: 0.0203929 | Train Acc: 99.7761%
[Worker 15] Round 23 | Loss: 0.0212945 | Train Acc: 99.7588%
[Worker 14] Round 23 | Loss: 0.0189021 | Train Acc: 99.845%
[Worker 31] Round 23 | Loss: 0.0208335 | Train Acc: 99.7436%
[Central Round] 23 [Global Test Accuracy]: 88.21%
[Worker 4] Round 24 | Loss: 0.0201756 | Train Acc: 99.7761%
[Worker 7] Round 24 | Loss: 0.0760836 | Train Acc: 98.0879%
[Worker 1] Round 24 | Loss: 0.0151631 | Train Acc: 99.8277%
[Worker 6] Round 24 | Loss: 0.0148535 | Train Acc: 99.9139%
[Worker 2] Round 24 | Loss: 0.0162506 | Train Acc: 99.845%
[Worker 5] Round 24 | Loss: 0.01783 | Train Acc: 99.7416%
[Worker 3] Round 24 | Loss: 0.0149681 | Train Acc: 99.8622%
[Worker 27] Round 24 | Loss: 0.0191053 | Train Acc: 99.8105%
[Worker 29] Round 24 | Loss: 0.0215292 | Train Acc: 99.8277%
[Worker 24] Round 24 | Loss: 0.0213239 | Train Acc: 99.7244%
[Worker 26] Round 24 | Loss: 0.0194767 | Train Acc: 99.8277%
[Worker 25] Round 24 | Loss: 0.0471162 | Train Acc: 99.1214%
[Worker 28] Round 24 | Loss: 0.0675738 | Train Acc: 98.5874%
[Worker 30] Round 24 | Loss: 0.0213005 | Train Acc: 99.7244%
[Worker 18] Round 24 | Loss: 0.0269568 | Train Acc: 99.7416%
[Worker 21] Round 24 | Loss: 0.0175644 | Train Acc: 99.9139%
[Worker 23] Round 24 | Loss: 0.0193348 | Train Acc: 99.8105%
[Worker 22] Round 24 | Loss: 0.0330472 | Train Acc: 99.7244%
[Worker 19] Round 24 | Loss: 0.108727 | Train Acc: 97.5883%
[Worker 16] Round 24 | Loss: 0.0574976 | Train Acc: 98.8631%
[Worker 20] Round 24 | Loss: 0.0169667 | Train Acc: 99.8794%
[Worker 17] Round 24 | Loss: 0.0242336 | Train Acc: 99.8105%
[Worker 12] Round 24 | Loss: 0.0211346 | Train Acc: 99.7588%
[Worker 11] Round 24 | Loss: 0.0237212 | Train Acc: 99.5866%
[Worker 15] Round 24 | Loss: 0.0208704 | Train Acc: 99.7588%
[Worker 9] Round 24 | Loss: 0.0239556 | Train Acc: 99.6555%
[Worker 10] Round 24 | Loss: 0.1032 | Train Acc: 97.0543%
[Worker 8] Round 24 | Loss: 0.0243955 | Train Acc: 99.6555%
[Worker 13] Round 24 | Loss: 0.0493603 | Train Acc: 99.2076%
[Worker 14] Round 24 | Loss: 0.0188889 | Train Acc: 99.8105%
[Worker 31] Round 24 | Loss: 0.0213077 | Train Acc: 99.7436%
[Central Round] 24 [Global Test Accuracy]: 88.34%
[Worker 1] Round 25 | Loss: 0.0151282 | Train Acc: 99.845%
[Worker 5] Round 25 | Loss: 0.018158 | Train Acc: 99.7416%
[Worker 4] Round 25 | Loss: 0.0200407 | Train Acc: 99.7416%
[Worker 7] Round 25 | Loss: 0.0748998 | Train Acc: 98.2084%
[Worker 6] Round 25 | Loss: 0.0145136 | Train Acc: 99.9311%
[Worker 2] Round 25 | Loss: 0.0159756 | Train Acc: 99.9311%
[Worker 3] Round 25 | Loss: 0.0152064 | Train Acc: 99.845%
[Worker 25] Round 25 | Loss: 0.0471964 | Train Acc: 99.1042%
[Worker 27] Round 25 | Loss: 0.0194373 | Train Acc: 99.7588%
[Worker 29] Round 25 | Loss: 0.0215171 | Train Acc: 99.8105%
[Worker 24] Round 25 | Loss: 0.021362 | Train Acc: 99.7244%
[Worker 26] Round 25 | Loss: 0.0195167 | Train Acc: 99.8105%
[Worker 28] Round 25 | Loss: 0.0660984 | Train Acc: 98.5702%
[Worker 30] Round 25 | Loss: 0.0211726 | Train Acc: 99.7071%
[Worker 17] Round 25 | Loss: 0.0242435 | Train Acc: 99.7588%
[Worker 19] Round 25 | Loss: 0.109636 | Train Acc: 97.4677%
[Worker 21] Round 25 | Loss: 0.0174659 | Train Acc: 99.9139%
[Worker 23] Round 25 | Loss: 0.0194855 | Train Acc: 99.7933%
[Worker 22] Round 25 | Loss: 0.0330979 | Train Acc: 99.6038%
[Worker 16] Round 25 | Loss: 0.0569751 | Train Acc: 98.9492%
[Worker 20] Round 25 | Loss: 0.0168031 | Train Acc: 99.8794%
[Worker 18] Round 25 | Loss: 0.0275593 | Train Acc: 99.7588%
[Worker 10] Round 25 | Loss: 0.101092 | Train Acc: 97.0026%
[Worker 8] Round 25 | Loss: 0.0245839 | Train Acc: 99.6038%
[Worker 11] Round 25 | Loss: 0.0232959 | Train Acc: 99.6555%
[Worker 15] Round 25 | Loss: 0.0209217 | Train Acc: 99.7416%
[Worker 9] Round 25 | Loss: 0.0237755 | Train Acc: 99.6899%
[Worker 14] Round 25 | Loss: 0.0193044 | Train Acc: 99.7761%
[Worker 13] Round 25 | Loss: 0.0495132 | Train Acc: 99.2593%
[Worker 12] Round 25 | Loss: 0.0208929 | Train Acc: 99.7933%
[Worker 31] Round 25 | Loss: 0.020461 | Train Acc: 99.812%
[Central Round] 25 [Global Test Accuracy]: 88.45%
[Worker 5] Round 26 | Loss: 0.0178693 | Train Acc: 99.7416%
[Worker 4] Round 26 | Loss: 0.020117 | Train Acc: 99.7761%
[Worker 1] Round 26 | Loss: 0.0150716 | Train Acc: 99.845%
[Worker 7] Round 26 | Loss: 0.0755866 | Train Acc: 98.2429%
[Worker 6] Round 26 | Loss: 0.0150374 | Train Acc: 99.8794%
[Worker 3] Round 26 | Loss: 0.0144253 | Train Acc: 99.9139%
[Worker 2] Round 26 | Loss: 0.0174529 | Train Acc: 99.8105%
[Worker 29] Round 26 | Loss: 0.0225102 | Train Acc: 99.6727%
[Worker 24] Round 26 | Loss: 0.0211717 | Train Acc: 99.7761%
[Worker 26] Round 26 | Loss: 0.0190965 | Train Acc: 99.8622%
[Worker 25] Round 26 | Loss: 0.0463004 | Train Acc: 99.1559%
[Worker 27] Round 26 | Loss: 0.0191044 | Train Acc: 99.8622%
[Worker 30] Round 26 | Loss: 0.0205272 | Train Acc: 99.7933%
[Worker 28] Round 26 | Loss: 0.0664818 | Train Acc: 98.553%
[Worker 8] Round 26 | Loss: 0.0251977 | Train Acc: 99.5177%
[Worker 11] Round 26 | Loss: 0.0235633 | Train Acc: 99.7071%
[Worker 17] Round 26 | Loss: 0.0236976 | Train Acc: 99.845%
[Worker 16] Round 26 | Loss: 0.0566228 | Train Acc: 98.9492%
[Worker 20] Round 26 | Loss: 0.0169088 | Train Acc: 99.845%
[Worker 19] Round 26 | Loss: 0.108064 | Train Acc: 97.4505%
[Worker 21] Round 26 | Loss: 0.0171385 | Train Acc: 99.8622%
[Worker 23] Round 26 | Loss: 0.0193921 | Train Acc: 99.845%
[Worker 18] Round 26 | Loss: 0.0279388 | Train Acc: 99.7071%
[Worker 22] Round 26 | Loss: 0.0323163 | Train Acc: 99.7416%
[Worker 9] Round 26 | Loss: 0.0236485 | Train Acc: 99.6382%
[Worker 10] Round 26 | Loss: 0.101424 | Train Acc: 97.1404%
[Worker 13] Round 26 | Loss: 0.0493076 | Train Acc: 99.1559%
[Worker 15] Round 26 | Loss: 0.0215586 | Train Acc: 99.7588%
[Worker 12] Round 26 | Loss: 0.0212383 | Train Acc: 99.8105%
[Worker 14] Round 26 | Loss: 0.0191703 | Train Acc: 99.8105%
[Worker 31] Round 26 | Loss: 0.0201632 | Train Acc: 99.7949%
[Central Round] 26 [Global Test Accuracy]: 88.51%
[Worker 1] Round 27 | Loss: 0.0146817 | Train Acc: 99.9139%
[Worker 7] Round 27 | Loss: 0.0748574 | Train Acc: 98.174%
[Worker 5] Round 27 | Loss: 0.0188465 | Train Acc: 99.6727%
[Worker 6] Round 27 | Loss: 0.0150225 | Train Acc: 99.8966%
[Worker 4] Round 27 | Loss: 0.019331 | Train Acc: 99.8277%
[Worker 3] Round 27 | Loss: 0.0142119 | Train Acc: 99.8794%
[Worker 2] Round 27 | Loss: 0.0157022 | Train Acc: 99.8966%
[Worker 24] Round 27 | Loss: 0.021853 | Train Acc: 99.6899%
[Worker 27] Round 27 | Loss: 0.0188734 | Train Acc: 99.7761%
[Worker 26] Round 27 | Loss: 0.0189886 | Train Acc: 99.8966%
[Worker 25] Round 27 | Loss: 0.0463383 | Train Acc: 99.0698%
[Worker 29] Round 27 | Loss: 0.02095 | Train Acc: 99.7588%
[Worker 28] Round 27 | Loss: 0.0660753 | Train Acc: 98.553%
[Worker 30] Round 27 | Loss: 0.021175 | Train Acc: 99.6899%
[Worker 21] Round 27 | Loss: 0.0168527 | Train Acc: 99.9311%
[Worker 22] Round 27 | Loss: 0.0325785 | Train Acc: 99.7071%
[Worker 18] Round 27 | Loss: 0.0267063 | Train Acc: 99.7416%
[Worker 23] Round 27 | Loss: 0.0196117 | Train Acc: 99.7416%
[Worker 17] Round 27 | Loss: 0.0242122 | Train Acc: 99.8105%
[Worker 16] Round 27 | Loss: 0.0558336 | Train Acc: 98.9836%
[Worker 20] Round 27 | Loss: 0.0173498 | Train Acc: 99.845%
[Worker 19] Round 27 | Loss: 0.108868 | Train Acc: 97.5538%
[Worker 10] Round 27 | Loss: 0.10046 | Train Acc: 97.1232%
[Worker 8] Round 27 | Loss: 0.0254471 | Train Acc: 99.6555%
[Worker 9] Round 27 | Loss: 0.0230715 | Train Acc: 99.7071%
[Worker 13] Round 27 | Loss: 0.0485979 | Train Acc: 99.2076%
[Worker 11] Round 27 | Loss: 0.0245291 | Train Acc: 99.6038%
[Worker 12] Round 27 | Loss: 0.0219027 | Train Acc: 99.7071%
[Worker 14] Round 27 | Loss: 0.0194991 | Train Acc: 99.8105%
[Worker 15] Round 27 | Loss: 0.021414 | Train Acc: 99.7416%
[Worker 31] Round 27 | Loss: 0.0201164 | Train Acc: 99.8974%
[Central Round] 27 [Global Test Accuracy]: 88.59%
[Worker 4] Round 28 | Loss: 0.0194372 | Train Acc: 99.845%
[Worker 1] Round 28 | Loss: 0.0151592 | Train Acc: 99.8277%
[Worker 7] Round 28 | Loss: 0.0742456 | Train Acc: 98.2946%
[Worker 5] Round 28 | Loss: 0.0179965 | Train Acc: 99.7244%
[Worker 6] Round 28 | Loss: 0.0149961 | Train Acc: 99.9139%
[Worker 2] Round 28 | Loss: 0.0158795 | Train Acc: 99.8966%
[Worker 3] Round 28 | Loss: 0.0141624 | Train Acc: 99.9139%
[Worker 26] Round 28 | Loss: 0.0188659 | Train Acc: 99.8105%
[Worker 25] Round 28 | Loss: 0.0464876 | Train Acc: 99.1559%
[Worker 24] Round 28 | Loss: 0.0214092 | Train Acc: 99.7416%
[Worker 27] Round 28 | Loss: 0.0192505 | Train Acc: 99.8277%
[Worker 29] Round 28 | Loss: 0.022066 | Train Acc: 99.621%
[Worker 30] Round 28 | Loss: 0.021712 | Train Acc: 99.7761%
[Worker 28] Round 28 | Loss: 0.0659245 | Train Acc: 98.5013%
[Worker 22] Round 28 | Loss: 0.0320822 | Train Acc: 99.6727%
[Worker 18] Round 28 | Loss: 0.0268577 | Train Acc: 99.7071%
[Worker 23] Round 28 | Loss: 0.0190036 | Train Acc: 99.7761%
[Worker 10] Round 28 | Loss: 0.099464 | Train Acc: 97.1921%
[Worker 17] Round 28 | Loss: 0.0240127 | Train Acc: 99.7071%
[Worker 16] Round 28 | Loss: 0.054783 | Train Acc: 99.0009%
[Worker 20] Round 28 | Loss: 0.0174269 | Train Acc: 99.7588%
[Worker 21] Round 28 | Loss: 0.0169613 | Train Acc: 99.9139%
[Worker 19] Round 28 | Loss: 0.106845 | Train Acc: 97.5538%
[Worker 9] Round 28 | Loss: 0.0238096 | Train Acc: 99.6038%
[Worker 8] Round 28 | Loss: 0.0248681 | Train Acc: 99.7071%
[Worker 11] Round 28 | Loss: 0.0238954 | Train Acc: 99.7071%
[Worker 15] Round 28 | Loss: 0.0215504 | Train Acc: 99.6038%
[Worker 13] Round 28 | Loss: 0.0485578 | Train Acc: 99.2937%
[Worker 12] Round 28 | Loss: 0.0212443 | Train Acc: 99.7933%
[Worker 14] Round 28 | Loss: 0.0193319 | Train Acc: 99.7761%
[Worker 31] Round 28 | Loss: 0.0200102 | Train Acc: 99.812%
[Central Round] 28 [Global Test Accuracy]: 88.58%
[Worker 1] Round 29 | Loss: 0.0142376 | Train Acc: 99.8794%
[Worker 7] Round 29 | Loss: 0.0734326 | Train Acc: 98.2429%
[Worker 5] Round 29 | Loss: 0.0184946 | Train Acc: 99.6727%
[Worker 3] Round 29 | Loss: 0.0144162 | Train Acc: 99.8794%
[Worker 4] Round 29 | Loss: 0.0198948 | Train Acc: 99.7761%
[Worker 6] Round 29 | Loss: 0.014485 | Train Acc: 99.9483%
[Worker 2] Round 29 | Loss: 0.0163448 | Train Acc: 99.8794%
[Worker 27] Round 29 | Loss: 0.0191906 | Train Acc: 99.7933%
[Worker 26] Round 29 | Loss: 0.0200068 | Train Acc: 99.7588%
[Worker 29] Round 29 | Loss: 0.0214795 | Train Acc: 99.7071%
[Worker 25] Round 29 | Loss: 0.0459014 | Train Acc: 99.1731%
[Worker 24] Round 29 | Loss: 0.0215953 | Train Acc: 99.7244%
[Worker 19] Round 29 | Loss: 0.106989 | Train Acc: 97.6916%
[Worker 21] Round 29 | Loss: 0.0169195 | Train Acc: 99.9655%
[Worker 30] Round 29 | Loss: 0.0211597 | Train Acc: 99.8105%
[Worker 23] Round 29 | Loss: 0.0195115 | Train Acc: 99.845%
[Worker 28] Round 29 | Loss: 0.065634 | Train Acc: 98.4152%
[Worker 17] Round 29 | Loss: 0.0241658 | Train Acc: 99.7933%
[Worker 8] Round 29 | Loss: 0.0240822 | Train Acc: 99.6555%
[Worker 18] Round 29 | Loss: 0.0266613 | Train Acc: 99.7761%
[Worker 16] Round 29 | Loss: 0.0547502 | Train Acc: 99.1042%
[Worker 20] Round 29 | Loss: 0.0167296 | Train Acc: 99.8622%
[Worker 22] Round 29 | Loss: 0.0317313 | Train Acc: 99.6727%
[Worker 10] Round 29 | Loss: 0.100099 | Train Acc: 97.0543%
[Worker 11] Round 29 | Loss: 0.02368 | Train Acc: 99.6382%
[Worker 9] Round 29 | Loss: 0.0244762 | Train Acc: 99.5866%
[Worker 13] Round 29 | Loss: 0.0480761 | Train Acc: 99.2076%
[Worker 15] Round 29 | Loss: 0.0216148 | Train Acc: 99.7071%
[Worker 12] Round 29 | Loss: 0.0214611 | Train Acc: 99.7416%
[Worker 14] Round 29 | Loss: 0.0198134 | Train Acc: 99.7588%
[Worker 31] Round 29 | Loss: 0.0198128 | Train Acc: 99.8291%
[Central Round] 29 [Global Test Accuracy]: 88.64%
[Worker 6] Round 30 | Loss: 0.01556 | Train Acc: 99.8794%
[Worker 4] Round 30 | Loss: 0.0198263 | Train Acc: 99.7761%
[Worker 2] Round 30 | Loss: 0.01624 | Train Acc: 99.845%
[Worker 20] Round 30 | Loss: 0.0172122 | Train Acc: 99.8277%
[Worker 18] Round 30 | Loss: 0.0259456 | Train Acc: 99.7761%
[Worker 16] Round 30 | Loss: 0.0551608 | Train Acc: 99.1042%
[Worker 22] Round 30 | Loss: 0.0317057 | Train Acc: 99.7244%
[Worker 1] Round 30 | Loss: 0.0153301 | Train Acc: 99.7933%
[Worker 7] Round 30 | Loss: 0.0742273 | Train Acc: 98.1912%
[Worker 5] Round 30 | Loss: 0.0187653 | Train Acc: 99.7071%
[Worker 3] Round 30 | Loss: 0.0141704 | Train Acc: 99.8966%
[Worker 19] Round 30 | Loss: 0.105982 | Train Acc: 97.5022%
[Worker 27] Round 30 | Loss: 0.0200699 | Train Acc: 99.7416%
[Worker 17] Round 30 | Loss: 0.024169 | Train Acc: 99.7761%
[Worker 21] Round 30 | Loss: 0.017124 | Train Acc: 99.9139%
[Worker 23] Round 30 | Loss: 0.0197051 | Train Acc: 99.7761%
[Worker 26] Round 30 | Loss: 0.0194706 | Train Acc: 99.7071%
[Worker 29] Round 30 | Loss: 0.0219731 | Train Acc: 99.6727%
[Worker 24] Round 30 | Loss: 0.0211373 | Train Acc: 99.7416%
[Worker 25] Round 30 | Loss: 0.0451597 | Train Acc: 99.1214%
[Worker 10] Round 30 | Loss: 0.0990603 | Train Acc: 97.0715%
[Worker 8] Round 30 | Loss: 0.0252824 | Train Acc: 99.5866%
[Worker 13] Round 30 | Loss: 0.0473146 | Train Acc: 99.1904%
[Worker 11] Round 30 | Loss: 0.0241327 | Train Acc: 99.621%
[Worker 9] Round 30 | Loss: 0.0237192 | Train Acc: 99.7071%
[Worker 12] Round 30 | Loss: 0.0208157 | Train Acc: 99.8622%
[Worker 15] Round 30 | Loss: 0.0211511 | Train Acc: 99.7588%
[Worker 14] Round 30 | Loss: 0.0192095 | Train Acc: 99.8277%
[Worker 30] Round 30 | Loss: 0.0208108 | Train Acc: 99.7933%
[Worker 28] Round 30 | Loss: 0.0665371 | Train Acc: 98.4324%
[Worker 31] Round 30 | Loss: 0.0207035 | Train Acc: 99.7778%
[Central Round] 30 [Global Test Accuracy]: 88.73%
[Worker 7] Round 31 | Loss: 0.0728866 | Train Acc: 98.3118%
[Worker 4] Round 31 | Loss: 0.0195524 | Train Acc: 99.7933%
[Worker 1] Round 31 | Loss: 0.0151788 | Train Acc: 99.845%
[Worker 6] Round 31 | Loss: 0.0154038 | Train Acc: 99.8794%
[Worker 5] Round 31 | Loss: 0.0188133 | Train Acc: 99.6727%
[Worker 3] Round 31 | Loss: 0.0140546 | Train Acc: 99.9311%
[Worker 2] Round 31 | Loss: 0.0154633 | Train Acc: 99.8622%
[Worker 26] Round 31 | Loss: 0.0193326 | Train Acc: 99.7933%
[Worker 29] Round 31 | Loss: 0.0215148 | Train Acc: 99.6899%
[Worker 24] Round 31 | Loss: 0.0215755 | Train Acc: 99.7071%
[Worker 25] Round 31 | Loss: 0.0458708 | Train Acc: 99.1387%
[Worker 27] Round 31 | Loss: 0.0188647 | Train Acc: 99.7933%
[Worker 30] Round 31 | Loss: 0.0212782 | Train Acc: 99.7416%
[Worker 28] Round 31 | Loss: 0.0649095 | Train Acc: 98.5357%
[Worker 9] Round 31 | Loss: 0.0239088 | Train Acc: 99.621%
[Worker 20] Round 31 | Loss: 0.0168814 | Train Acc: 99.8622%
[Worker 18] Round 31 | Loss: 0.0267109 | Train Acc: 99.7588%
[Worker 23] Round 31 | Loss: 0.0186055 | Train Acc: 99.8277%
[Worker 22] Round 31 | Loss: 0.03181 | Train Acc: 99.6555%
[Worker 16] Round 31 | Loss: 0.0545716 | Train Acc: 98.9664%
[Worker 19] Round 31 | Loss: 0.106028 | Train Acc: 97.64%
[Worker 17] Round 31 | Loss: 0.0232722 | Train Acc: 99.8105%
[Worker 21] Round 31 | Loss: 0.0176417 | Train Acc: 99.845%
[Worker 11] Round 31 | Loss: 0.0230797 | Train Acc: 99.6727%
[Worker 10] Round 31 | Loss: 0.0982485 | Train Acc: 97.1232%
[Worker 8] Round 31 | Loss: 0.0255295 | Train Acc: 99.6555%
[Worker 14] Round 31 | Loss: 0.0196209 | Train Acc: 99.7933%
[Worker 12] Round 31 | Loss: 0.0207416 | Train Acc: 99.7071%
[Worker 15] Round 31 | Loss: 0.0214784 | Train Acc: 99.7588%
[Worker 13] Round 31 | Loss: 0.0474723 | Train Acc: 99.1904%
[Worker 31] Round 31 | Loss: 0.0199608 | Train Acc: 99.7436%
[Central Round] 31 [Global Test Accuracy]: 88.7%
[Worker 7] Round 32 | Loss: 0.0728631 | Train Acc: 98.1912%
[Worker 4] Round 32 | Loss: 0.0194324 | Train Acc: 99.7933%
[Worker 1] Round 32 | Loss: 0.0146659 | Train Acc: 99.8622%
[Worker 6] Round 32 | Loss: 0.0145099 | Train Acc: 99.9139%
[Worker 5] Round 32 | Loss: 0.0184599 | Train Acc: 99.6899%
[Worker 3] Round 32 | Loss: 0.0137447 | Train Acc: 99.9311%
[Worker 2] Round 32 | Loss: 0.0160406 | Train Acc: 99.8277%
[Worker 29] Round 32 | Loss: 0.0223654 | Train Acc: 99.6382%
[Worker 24] Round 32 | Loss: 0.0211822 | Train Acc: 99.7933%
[Worker 27] Round 32 | Loss: 0.019598 | Train Acc: 99.7933%
[Worker 25] Round 32 | Loss: 0.0452574 | Train Acc: 99.2076%
[Worker 26] Round 32 | Loss: 0.0196084 | Train Acc: 99.8105%
[Worker 28] Round 32 | Loss: 0.0646866 | Train Acc: 98.5357%
[Worker 30] Round 32 | Loss: 0.0210141 | Train Acc: 99.6727%
[Worker 23] Round 32 | Loss: 0.0196058 | Train Acc: 99.8105%
[Worker 19] Round 32 | Loss: 0.106331 | Train Acc: 97.5366%
[Worker 17] Round 32 | Loss: 0.0239057 | Train Acc: 99.7416%
[Worker 18] Round 32 | Loss: 0.0268558 | Train Acc: 99.7933%
[Worker 20] Round 32 | Loss: 0.0170546 | Train Acc: 99.845%
[Worker 21] Round 32 | Loss: 0.0170172 | Train Acc: 99.9139%
[Worker 22] Round 32 | Loss: 0.0318385 | Train Acc: 99.7244%
[Worker 16] Round 32 | Loss: 0.0543495 | Train Acc: 99.0698%
[Worker 15] Round 32 | Loss: 0.0218934 | Train Acc: 99.7071%
[Worker 13] Round 32 | Loss: 0.0473395 | Train Acc: 99.2248%
[Worker 8] Round 32 | Loss: 0.0244352 | Train Acc: 99.6727%
[Worker 9] Round 32 | Loss: 0.0240969 | Train Acc: 99.6038%
[Worker 12] Round 32 | Loss: 0.0209791 | Train Acc: 99.8277%
[Worker 11] Round 32 | Loss: 0.0249814 | Train Acc: 99.5521%
[Worker 10] Round 32 | Loss: 0.0984516 | Train Acc: 97.037%
[Worker 14] Round 32 | Loss: 0.0195469 | Train Acc: 99.7933%
[Worker 31] Round 32 | Loss: 0.0201232 | Train Acc: 99.812%
[Central Round] 32 [Global Test Accuracy]: 88.74%
[Worker 1] Round 33 | Loss: 0.0150318 | Train Acc: 99.8277%
[Worker 6] Round 33 | Loss: 0.0151403 | Train Acc: 99.845%
[Worker 7] Round 33 | Loss: 0.0724717 | Train Acc: 98.2429%
[Worker 4] Round 33 | Loss: 0.0189941 | Train Acc: 99.8105%
[Worker 2] Round 33 | Loss: 0.0160765 | Train Acc: 99.8105%
[Worker 5] Round 33 | Loss: 0.0190319 | Train Acc: 99.6727%
[Worker 3] Round 33 | Loss: 0.0143726 | Train Acc: 99.9139%
[Worker 27] Round 33 | Loss: 0.0193119 | Train Acc: 99.8105%
[Worker 26] Round 33 | Loss: 0.0191984 | Train Acc: 99.8105%
[Worker 25] Round 33 | Loss: 0.0444199 | Train Acc: 99.2593%
[Worker 29] Round 33 | Loss: 0.0214503 | Train Acc: 99.7933%
[Worker 24] Round 33 | Loss: 0.0205051 | Train Acc: 99.7588%
[Worker 28] Round 33 | Loss: 0.0641753 | Train Acc: 98.5874%
[Worker 30] Round 33 | Loss: 0.0219814 | Train Acc: 99.6727%
[Worker 8] Round 33 | Loss: 0.0255054 | Train Acc: 99.6555%
[Worker 17] Round 33 | Loss: 0.0234625 | Train Acc: 99.7933%
[Worker 18] Round 33 | Loss: 0.0264532 | Train Acc: 99.7761%
[Worker 16] Round 33 | Loss: 0.0539548 | Train Acc: 98.9492%
[Worker 20] Round 33 | Loss: 0.0168992 | Train Acc: 99.9139%
[Worker 21] Round 33 | Loss: 0.0169998 | Train Acc: 99.8966%
[Worker 22] Round 33 | Loss: 0.0317175 | Train Acc: 99.6727%
[Worker 23] Round 33 | Loss: 0.0191215 | Train Acc: 99.8105%
[Worker 19] Round 33 | Loss: 0.104958 | Train Acc: 97.6227%
[Worker 10] Round 33 | Loss: 0.0982448 | Train Acc: 97.1749%
[Worker 15] Round 33 | Loss: 0.0216956 | Train Acc: 99.6727%
[Worker 13] Round 33 | Loss: 0.0468501 | Train Acc: 99.2076%
[Worker 9] Round 33 | Loss: 0.0236201 | Train Acc: 99.6555%
[Worker 11] Round 33 | Loss: 0.0237834 | Train Acc: 99.6899%
[Worker 14] Round 33 | Loss: 0.0196665 | Train Acc: 99.7933%
[Worker 12] Round 33 | Loss: 0.0216988 | Train Acc: 99.7244%
[Worker 31] Round 33 | Loss: 0.0203481 | Train Acc: 99.7436%
[Central Round] 33 [Global Test Accuracy]: 88.79%
[Worker 5] Round 34 | Loss: 0.018312 | Train Acc: 99.7071%
[Worker 1] Round 34 | Loss: 0.014247 | Train Acc: 99.8105%
[Worker 4] Round 34 | Loss: 0.0195481 | Train Acc: 99.7933%
[Worker 6] Round 34 | Loss: 0.0148056 | Train Acc: 99.8794%
[Worker 7] Round 34 | Loss: 0.072412 | Train Acc: 98.3118%
[Worker 3] Round 34 | Loss: 0.0144778 | Train Acc: 99.8622%
[Worker 2] Round 34 | Loss: 0.0158515 | Train Acc: 99.8966%
[Worker 26] Round 34 | Loss: 0.0200226 | Train Acc: 99.7588%
[Worker 25] Round 34 | Loss: 0.0444419 | Train Acc: 99.1214%
[Worker 24] Round 34 | Loss: 0.0214858 | Train Acc: 99.7244%
[Worker 27] Round 34 | Loss: 0.0188056 | Train Acc: 99.7588%
[Worker 30] Round 34 | Loss: 0.0207062 | Train Acc: 99.7071%
[Worker 28] Round 34 | Loss: 0.0634284 | Train Acc: 98.6219%
[Worker 29] Round 34 | Loss: 0.0219948 | Train Acc: 99.6382%
[Worker 16] Round 34 | Loss: 0.0538554 | Train Acc: 98.9836%
[Worker 20] Round 34 | Loss: 0.017074 | Train Acc: 99.8105%
[Worker 21] Round 34 | Loss: 0.0166393 | Train Acc: 99.9139%
[Worker 23] Round 34 | Loss: 0.01919 | Train Acc: 99.7244%
[Worker 18] Round 34 | Loss: 0.0268662 | Train Acc: 99.7416%
[Worker 17] Round 34 | Loss: 0.0239426 | Train Acc: 99.7933%
[Worker 19] Round 34 | Loss: 0.106075 | Train Acc: 97.6916%
[Worker 22] Round 34 | Loss: 0.0306873 | Train Acc: 99.7244%
[Worker 10] Round 34 | Loss: 0.0980907 | Train Acc: 97.1059%
[Worker 8] Round 34 | Loss: 0.0249067 | Train Acc: 99.5521%
[Worker 9] Round 34 | Loss: 0.0230923 | Train Acc: 99.7244%
[Worker 12] Round 34 | Loss: 0.0215393 | Train Acc: 99.7244%
[Worker 15] Round 34 | Loss: 0.0217217 | Train Acc: 99.7588%
[Worker 11] Round 34 | Loss: 0.0240986 | Train Acc: 99.6899%
[Worker 13] Round 34 | Loss: 0.0471763 | Train Acc: 99.1904%
[Worker 14] Round 34 | Loss: 0.0201227 | Train Acc: 99.8105%
[Worker 31] Round 34 | Loss: 0.0208685 | Train Acc: 99.812%
[Central Round] 34 [Global Test Accuracy]: 88.84%
[Worker 7] Round 35 | Loss: 0.0717807 | Train Acc: 98.2429%
[Worker 5] Round 35 | Loss: 0.0183096 | Train Acc: 99.6727%
[Worker 1] Round 35 | Loss: 0.0149671 | Train Acc: 99.8277%
[Worker 4] Round 35 | Loss: 0.0196127 | Train Acc: 99.7933%
[Worker 6] Round 35 | Loss: 0.0147448 | Train Acc: 99.8277%
[Worker 3] Round 35 | Loss: 0.0140468 | Train Acc: 99.9139%
[Worker 2] Round 35 | Loss: 0.0160084 | Train Acc: 99.8277%
[Worker 24] Round 35 | Loss: 0.0211233 | Train Acc: 99.6899%
[Worker 29] Round 35 | Loss: 0.0217544 | Train Acc: 99.6555%
[Worker 26] Round 35 | Loss: 0.0193534 | Train Acc: 99.7761%
[Worker 25] Round 35 | Loss: 0.0450984 | Train Acc: 99.1387%
[Worker 27] Round 35 | Loss: 0.0192125 | Train Acc: 99.7933%
[Worker 30] Round 35 | Loss: 0.0207143 | Train Acc: 99.6727%
[Worker 28] Round 35 | Loss: 0.0642136 | Train Acc: 98.4841%
[Worker 17] Round 35 | Loss: 0.0241468 | Train Acc: 99.7933%
[Worker 16] Round 35 | Loss: 0.0532469 | Train Acc: 99.0181%
[Worker 20] Round 35 | Loss: 0.016965 | Train Acc: 99.8105%
[Worker 19] Round 35 | Loss: 0.104243 | Train Acc: 97.6916%
[Worker 21] Round 35 | Loss: 0.0166751 | Train Acc: 99.8622%
[Worker 23] Round 35 | Loss: 0.0191069 | Train Acc: 99.7244%
[Worker 18] Round 35 | Loss: 0.0256454 | Train Acc: 99.8277%
[Worker 22] Round 35 | Loss: 0.0314353 | Train Acc: 99.6038%
[Worker 10] Round 35 | Loss: 0.0978909 | Train Acc: 97.2438%
[Worker 8] Round 35 | Loss: 0.0256834 | Train Acc: 99.5521%
[Worker 9] Round 35 | Loss: 0.0243871 | Train Acc: 99.6727%
[Worker 11] Round 35 | Loss: 0.0239114 | Train Acc: 99.6727%
[Worker 13] Round 35 | Loss: 0.046652 | Train Acc: 99.2248%
[Worker 15] Round 35 | Loss: 0.0213876 | Train Acc: 99.7761%
[Worker 14] Round 35 | Loss: 0.0199429 | Train Acc: 99.7588%
[Worker 12] Round 35 | Loss: 0.021143 | Train Acc: 99.7071%
[Worker 31] Round 35 | Loss: 0.0196748 | Train Acc: 99.8291%
[Central Round] 35 [Global Test Accuracy]: 88.92%
[Worker 1] Round 36 | Loss: 0.0144614 | Train Acc: 99.8277%
[Worker 4] Round 36 | Loss: 0.0192381 | Train Acc: 99.7588%
[Worker 7] Round 36 | Loss: 0.0719638 | Train Acc: 98.0879%
[Worker 5] Round 36 | Loss: 0.0188687 | Train Acc: 99.7244%
[Worker 6] Round 36 | Loss: 0.0149984 | Train Acc: 99.8966%
[Worker 3] Round 36 | Loss: 0.0143549 | Train Acc: 99.8794%
[Worker 2] Round 36 | Loss: 0.015625 | Train Acc: 99.8622%
[Worker 29] Round 36 | Loss: 0.0217901 | Train Acc: 99.7761%
[Worker 24] Round 36 | Loss: 0.0214994 | Train Acc: 99.6727%
[Worker 27] Round 36 | Loss: 0.0186594 | Train Acc: 99.8622%
[Worker 26] Round 36 | Loss: 0.0192651 | Train Acc: 99.7588%
[Worker 25] Round 36 | Loss: 0.0448332 | Train Acc: 99.1731%
[Worker 28] Round 36 | Loss: 0.0636679 | Train Acc: 98.6563%
[Worker 30] Round 36 | Loss: 0.0205687 | Train Acc: 99.7933%
[Worker 19] Round 36 | Loss: 0.104102 | Train Acc: 97.4505%
[Worker 21] Round 36 | Loss: 0.0170321 | Train Acc: 99.8794%
[Worker 23] Round 36 | Loss: 0.0186959 | Train Acc: 99.7416%
[Worker 17] Round 36 | Loss: 0.023362 | Train Acc: 99.8277%
[Worker 18] Round 36 | Loss: 0.0269368 | Train Acc: 99.6899%
[Worker 16] Round 36 | Loss: 0.053809 | Train Acc: 99.0181%
[Worker 20] Round 36 | Loss: 0.0171425 | Train Acc: 99.8277%
[Worker 22] Round 36 | Loss: 0.0311261 | Train Acc: 99.6727%
[Worker 9] Round 36 | Loss: 0.0245139 | Train Acc: 99.5693%
[Worker 11] Round 36 | Loss: 0.024036 | Train Acc: 99.621%
[Worker 10] Round 36 | Loss: 0.0990806 | Train Acc: 97.2093%
[Worker 8] Round 36 | Loss: 0.0247994 | Train Acc: 99.5693%
[Worker 13] Round 36 | Loss: 0.0469567 | Train Acc: 99.2076%
[Worker 15] Round 36 | Loss: 0.0209921 | Train Acc: 99.6899%
[Worker 12] Round 36 | Loss: 0.0216481 | Train Acc: 99.6899%
[Worker 14] Round 36 | Loss: 0.0192624 | Train Acc: 99.8277%
[Worker 31] Round 36 | Loss: 0.0209488 | Train Acc: 99.6581%
[Central Round] 36 [Global Test Accuracy]: 88.92%
[Worker 4] Round 37 | Loss: 0.0195518 | Train Acc: 99.7588%
[Worker 7] Round 37 | Loss: 0.0710535 | Train Acc: 98.2946%
[Worker 5] Round 37 | Loss: 0.0193216 | Train Acc: 99.6555%
[Worker 2] Round 37 | Loss: 0.016309 | Train Acc: 99.7761%
[Worker 1] Round 37 | Loss: 0.0141456 | Train Acc: 99.845%
[Worker 6] Round 37 | Loss: 0.0150349 | Train Acc: 99.8794%
[Worker 3] Round 37 | Loss: 0.0140659 | Train Acc: 99.8966%
[Worker 27] Round 37 | Loss: 0.0195816 | Train Acc: 99.7416%
[Worker 26] Round 37 | Loss: 0.0200822 | Train Acc: 99.7071%
[Worker 25] Round 37 | Loss: 0.0449074 | Train Acc: 99.1559%
[Worker 29] Round 37 | Loss: 0.0223339 | Train Acc: 99.6727%
[Worker 24] Round 37 | Loss: 0.0214011 | Train Acc: 99.7588%
[Worker 30] Round 37 | Loss: 0.0205004 | Train Acc: 99.7933%
[Worker 28] Round 37 | Loss: 0.0633318 | Train Acc: 98.5702%
[Worker 22] Round 37 | Loss: 0.0306458 | Train Acc: 99.7416%
[Worker 17] Round 37 | Loss: 0.0229805 | Train Acc: 99.845%
[Worker 23] Round 37 | Loss: 0.01844 | Train Acc: 99.8794%
[Worker 18] Round 37 | Loss: 0.0271041 | Train Acc: 99.7933%
[Worker 16] Round 37 | Loss: 0.0531989 | Train Acc: 99.0009%
[Worker 20] Round 37 | Loss: 0.0166511 | Train Acc: 99.845%
[Worker 19] Round 37 | Loss: 0.102909 | Train Acc: 97.5022%
[Worker 21] Round 37 | Loss: 0.0172985 | Train Acc: 99.8794%
[Worker 8] Round 37 | Loss: 0.0251925 | Train Acc: 99.5693%
[Worker 9] Round 37 | Loss: 0.0237758 | Train Acc: 99.5521%
[Worker 11] Round 37 | Loss: 0.0246659 | Train Acc: 99.6038%
[Worker 10] Round 37 | Loss: 0.0965435 | Train Acc: 97.0887%
[Worker 13] Round 37 | Loss: 0.0468427 | Train Acc: 99.1387%
[Worker 15] Round 37 | Loss: 0.0217798 | Train Acc: 99.6727%
[Worker 12] Round 37 | Loss: 0.0214346 | Train Acc: 99.6727%
[Worker 14] Round 37 | Loss: 0.0194599 | Train Acc: 99.7071%
[Worker 31] Round 37 | Loss: 0.0205073 | Train Acc: 99.7949%
[Central Round] 37 [Global Test Accuracy]: 88.96%
[Worker 2] Round 38 | Loss: 0.0160635 | Train Acc: 99.7933%
[Worker 4] Round 38 | Loss: 0.019042 | Train Acc: 99.845%
[Worker 7] Round 38 | Loss: 0.0720199 | Train Acc: 98.3463%
[Worker 5] Round 38 | Loss: 0.0187845 | Train Acc: 99.6382%
[Worker 6] Round 38 | Loss: 0.015199 | Train Acc: 99.8966%
[Worker 1] Round 38 | Loss: 0.0142874 | Train Acc: 99.8277%
[Worker 3] Round 38 | Loss: 0.013706 | Train Acc: 99.8794%
[Worker 24] Round 38 | Loss: 0.0214767 | Train Acc: 99.7244%
[Worker 27] Round 38 | Loss: 0.0194321 | Train Acc: 99.7071%
[Worker 26] Round 38 | Loss: 0.0192793 | Train Acc: 99.8277%
[Worker 25] Round 38 | Loss: 0.0439891 | Train Acc: 99.1214%
[Worker 29] Round 38 | Loss: 0.0218184 | Train Acc: 99.7761%
[Worker 30] Round 38 | Loss: 0.02103 | Train Acc: 99.7416%
[Worker 28] Round 38 | Loss: 0.0631811 | Train Acc: 98.5702%
[Worker 18] Round 38 | Loss: 0.0266615 | Train Acc: 99.7761%
[Worker 16] Round 38 | Loss: 0.0529606 | Train Acc: 99.1214%
[Worker 20] Round 38 | Loss: 0.0170329 | Train Acc: 99.8105%
[Worker 19] Round 38 | Loss: 0.10342 | Train Acc: 97.6744%
[Worker 21] Round 38 | Loss: 0.0172828 | Train Acc: 99.8794%
[Worker 22] Round 38 | Loss: 0.0306866 | Train Acc: 99.6899%
[Worker 23] Round 38 | Loss: 0.0182181 | Train Acc: 99.8277%
[Worker 17] Round 38 | Loss: 0.0236246 | Train Acc: 99.7761%
[Worker 10] Round 38 | Loss: 0.0962702 | Train Acc: 97.2954%
[Worker 8] Round 38 | Loss: 0.0257851 | Train Acc: 99.5521%
[Worker 9] Round 38 | Loss: 0.0249733 | Train Acc: 99.5004%
[Worker 11] Round 38 | Loss: 0.0247254 | Train Acc: 99.5693%
[Worker 15] Round 38 | Loss: 0.0216764 | Train Acc: 99.7933%
[Worker 12] Round 38 | Loss: 0.0209771 | Train Acc: 99.7244%
[Worker 14] Round 38 | Loss: 0.0197413 | Train Acc: 99.7588%
[Worker 13] Round 38 | Loss: 0.0460028 | Train Acc: 99.1731%
[Worker 31] Round 38 | Loss: 0.020341 | Train Acc: 99.812%
[Central Round] 38 [Global Test Accuracy]: 88.98%
[Worker 1] Round 39 | Loss: 0.0144932 | Train Acc: 99.8105%
[Worker 2] Round 39 | Loss: 0.0158405 | Train Acc: 99.8277%
[Worker 4] Round 39 | Loss: 0.0192697 | Train Acc: 99.7933%
[Worker 7] Round 39 | Loss: 0.0719523 | Train Acc: 98.2257%
[Worker 3] Round 39 | Loss: 0.0143158 | Train Acc: 99.8622%
[Worker 6] Round 39 | Loss: 0.0149649 | Train Acc: 99.8794%
[Worker 5] Round 39 | Loss: 0.0189221 | Train Acc: 99.6899%
[Worker 24] Round 39 | Loss: 0.0213464 | Train Acc: 99.7071%
[Worker 27] Round 39 | Loss: 0.019143 | Train Acc: 99.7933%
[Worker 26] Round 39 | Loss: 0.0196199 | Train Acc: 99.845%
[Worker 25] Round 39 | Loss: 0.0437568 | Train Acc: 99.1904%
[Worker 28] Round 39 | Loss: 0.0641165 | Train Acc: 98.4841%
[Worker 29] Round 39 | Loss: 0.0217575 | Train Acc: 99.621%
[Worker 30] Round 39 | Loss: 0.0217931 | Train Acc: 99.621%
[Worker 22] Round 39 | Loss: 0.0308582 | Train Acc: 99.6899%
[Worker 19] Round 39 | Loss: 0.101713 | Train Acc: 97.4849%
[Worker 18] Round 39 | Loss: 0.0267993 | Train Acc: 99.7588%
[Worker 16] Round 39 | Loss: 0.0523364 | Train Acc: 99.0009%
[Worker 20] Round 39 | Loss: 0.0172399 | Train Acc: 99.7933%
[Worker 17] Round 39 | Loss: 0.0235566 | Train Acc: 99.7244%
[Worker 21] Round 39 | Loss: 0.0167662 | Train Acc: 99.9139%
[Worker 23] Round 39 | Loss: 0.018095 | Train Acc: 99.845%
[Worker 8] Round 39 | Loss: 0.0252578 | Train Acc: 99.466%
[Worker 9] Round 39 | Loss: 0.0240961 | Train Acc: 99.6899%
[Worker 13] Round 39 | Loss: 0.0457391 | Train Acc: 99.1904%
[Worker 11] Round 39 | Loss: 0.0250989 | Train Acc: 99.621%
[Worker 12] Round 39 | Loss: 0.0214072 | Train Acc: 99.7071%
[Worker 14] Round 39 | Loss: 0.0194697 | Train Acc: 99.7416%
[Worker 10] Round 39 | Loss: 0.096646 | Train Acc: 97.1059%
[Worker 15] Round 39 | Loss: 0.0210861 | Train Acc: 99.8105%
[Worker 31] Round 39 | Loss: 0.0203156 | Train Acc: 99.7436%
[Central Round] 39 [Global Test Accuracy]: 89.08%
[Worker 5] Round 40 | Loss: 0.0188715 | Train Acc: 99.6555%
[Worker 1] Round 40 | Loss: 0.0143707 | Train Acc: 99.8622%
[Worker 7] Round 40 | Loss: 0.0706445 | Train Acc: 98.3463%
[Worker 3] Round 40 | Loss: 0.0135731 | Train Acc: 99.8966%
[Worker 4] Round 40 | Loss: 0.0196944 | Train Acc: 99.7416%
[Worker 2] Round 40 | Loss: 0.0162244 | Train Acc: 99.8105%
[Worker 6] Round 40 | Loss: 0.0146847 | Train Acc: 99.845%
[Worker 24] Round 40 | Loss: 0.0210344 | Train Acc: 99.7244%
[Worker 27] Round 40 | Loss: 0.0200265 | Train Acc: 99.7588%
[Worker 26] Round 40 | Loss: 0.019916 | Train Acc: 99.7933%
[Worker 25] Round 40 | Loss: 0.0442686 | Train Acc: 99.0009%
[Worker 29] Round 40 | Loss: 0.0216092 | Train Acc: 99.6899%
[Worker 30] Round 40 | Loss: 0.0218005 | Train Acc: 99.7071%
[Worker 28] Round 40 | Loss: 0.0628152 | Train Acc: 98.5357%
[Worker 17] Round 40 | Loss: 0.0234982 | Train Acc: 99.6899%
[Worker 21] Round 40 | Loss: 0.0167186 | Train Acc: 99.9311%
[Worker 19] Round 40 | Loss: 0.103858 | Train Acc: 97.5883%
[Worker 23] Round 40 | Loss: 0.0185038 | Train Acc: 99.8277%
[Worker 22] Round 40 | Loss: 0.0310178 | Train Acc: 99.621%
[Worker 18] Round 40 | Loss: 0.0266624 | Train Acc: 99.6727%
[Worker 16] Round 40 | Loss: 0.0523284 | Train Acc: 99.087%
[Worker 20] Round 40 | Loss: 0.0172567 | Train Acc: 99.7244%
[Worker 9] Round 40 | Loss: 0.0239068 | Train Acc: 99.6038%
[Worker 8] Round 40 | Loss: 0.0261162 | Train Acc: 99.5349%
[Worker 10] Round 40 | Loss: 0.0965345 | Train Acc: 97.1232%
[Worker 11] Round 40 | Loss: 0.0236563 | Train Acc: 99.6727%
[Worker 15] Round 40 | Loss: 0.0210449 | Train Acc: 99.7416%
[Worker 13] Round 40 | Loss: 0.0459895 | Train Acc: 99.242%
[Worker 12] Round 40 | Loss: 0.0207954 | Train Acc: 99.7588%
[Worker 14] Round 40 | Loss: 0.0199441 | Train Acc: 99.7588%
[Worker 31] Round 40 | Loss: 0.0197214 | Train Acc: 99.7949%
[Central Round] 40 [Global Test Accuracy]: 89.09%
[Worker 7] Round 41 | Loss: 0.0707856 | Train Acc: 98.174%
[Worker 4] Round 41 | Loss: 0.0190578 | Train Acc: 99.7761%
[Worker 1] Round 41 | Loss: 0.0146502 | Train Acc: 99.845%
[Worker 3] Round 41 | Loss: 0.0138645 | Train Acc: 99.8105%
[Worker 2] Round 41 | Loss: 0.0156862 | Train Acc: 99.7933%
[Worker 6] Round 41 | Loss: 0.01481 | Train Acc: 99.8966%
[Worker 5] Round 41 | Loss: 0.0185775 | Train Acc: 99.6899%
[Worker 24] Round 41 | Loss: 0.020817 | Train Acc: 99.7416%
[Worker 27] Round 41 | Loss: 0.0200793 | Train Acc: 99.7933%
[Worker 26] Round 41 | Loss: 0.0189751 | Train Acc: 99.8622%
[Worker 25] Round 41 | Loss: 0.0433941 | Train Acc: 99.1559%
[Worker 29] Round 41 | Loss: 0.0217919 | Train Acc: 99.7588%
[Worker 28] Round 41 | Loss: 0.0620004 | Train Acc: 98.6908%
[Worker 30] Round 41 | Loss: 0.0212793 | Train Acc: 99.7071%
[Worker 21] Round 41 | Loss: 0.0170763 | Train Acc: 99.845%
[Worker 22] Round 41 | Loss: 0.0301789 | Train Acc: 99.7244%
[Worker 18] Round 41 | Loss: 0.0266787 | Train Acc: 99.621%
[Worker 20] Round 41 | Loss: 0.016872 | Train Acc: 99.7933%
[Worker 19] Round 41 | Loss: 0.102557 | Train Acc: 97.5538%
[Worker 17] Round 41 | Loss: 0.0238795 | Train Acc: 99.7933%
[Worker 16] Round 41 | Loss: 0.0529347 | Train Acc: 98.9836%
[Worker 23] Round 41 | Loss: 0.0190616 | Train Acc: 99.7416%
[Worker 8] Round 41 | Loss: 0.0250483 | Train Acc: 99.5521%
[Worker 10] Round 41 | Loss: 0.0967038 | Train Acc: 96.8992%
[Worker 13] Round 41 | Loss: 0.0459457 | Train Acc: 99.2593%
[Worker 11] Round 41 | Loss: 0.0246178 | Train Acc: 99.6555%
[Worker 9] Round 41 | Loss: 0.0247294 | Train Acc: 99.6382%
[Worker 15] Round 41 | Loss: 0.0220928 | Train Acc: 99.7071%
[Worker 12] Round 41 | Loss: 0.0213754 | Train Acc: 99.6727%
[Worker 14] Round 41 | Loss: 0.0198796 | Train Acc: 99.7071%
[Worker 31] Round 41 | Loss: 0.0205849 | Train Acc: 99.7436%
[Central Round] 41 [Global Test Accuracy]: 89.1%
[Worker 6] Round 42 | Loss: 0.0149697 | Train Acc: 99.845%
[Worker 7] Round 42 | Loss: 0.071252 | Train Acc: 98.2429%
[Worker 1] Round 42 | Loss: 0.0144795 | Train Acc: 99.8622%
[Worker 4] Round 42 | Loss: 0.019354 | Train Acc: 99.7588%
[Worker 5] Round 42 | Loss: 0.0191836 | Train Acc: 99.6899%
[Worker 3] Round 42 | Loss: 0.0138469 | Train Acc: 99.8966%
[Worker 2] Round 42 | Loss: 0.0157708 | Train Acc: 99.845%
[Worker 27] Round 42 | Loss: 0.0187565 | Train Acc: 99.7933%
[Worker 24] Round 42 | Loss: 0.0210942 | Train Acc: 99.6727%
[Worker 28] Round 42 | Loss: 0.0628317 | Train Acc: 98.6047%
[Worker 26] Round 42 | Loss: 0.0200165 | Train Acc: 99.7416%
[Worker 25] Round 42 | Loss: 0.0438125 | Train Acc: 99.1387%
[Worker 9] Round 42 | Loss: 0.024887 | Train Acc: 99.621%
[Worker 29] Round 42 | Loss: 0.0221644 | Train Acc: 99.6382%
[Worker 30] Round 42 | Loss: 0.020548 | Train Acc: 99.7588%
[Worker 8] Round 42 | Loss: 0.0255483 | Train Acc: 99.5521%
[Worker 17] Round 42 | Loss: 0.0237908 | Train Acc: 99.845%
[Worker 16] Round 42 | Loss: 0.052612 | Train Acc: 98.9147%
[Worker 21] Round 42 | Loss: 0.0171465 | Train Acc: 99.8277%
[Worker 23] Round 42 | Loss: 0.0186621 | Train Acc: 99.7761%
[Worker 20] Round 42 | Loss: 0.0167394 | Train Acc: 99.8794%
[Worker 19] Round 42 | Loss: 0.102552 | Train Acc: 97.6916%
[Worker 22] Round 42 | Loss: 0.0297284 | Train Acc: 99.6727%
[Worker 18] Round 42 | Loss: 0.0264717 | Train Acc: 99.7071%
[Worker 10] Round 42 | Loss: 0.0955268 | Train Acc: 97.3643%
[Worker 11] Round 42 | Loss: 0.0245364 | Train Acc: 99.6038%
[Worker 13] Round 42 | Loss: 0.0464802 | Train Acc: 99.1559%
[Worker 15] Round 42 | Loss: 0.0212849 | Train Acc: 99.7588%
[Worker 14] Round 42 | Loss: 0.0197897 | Train Acc: 99.7761%
[Worker 12] Round 42 | Loss: 0.0212607 | Train Acc: 99.6727%
[Worker 31] Round 42 | Loss: 0.0201808 | Train Acc: 99.6752%
[Central Round] 42 [Global Test Accuracy]: 89.18%
[Worker 4] Round 43 | Loss: 0.0194413 | Train Acc: 99.7244%
[Worker 5] Round 43 | Loss: 0.0193165 | Train Acc: 99.6555%
[Worker 7] Round 43 | Loss: 0.0700791 | Train Acc: 98.1568%
[Worker 1] Round 43 | Loss: 0.0148863 | Train Acc: 99.8105%
[Worker 6] Round 43 | Loss: 0.0149076 | Train Acc: 99.8794%
[Worker 3] Round 43 | Loss: 0.0142755 | Train Acc: 99.8622%
[Worker 2] Round 43 | Loss: 0.0151139 | Train Acc: 99.7761%
[Worker 24] Round 43 | Loss: 0.0216617 | Train Acc: 99.6555%
[Worker 26] Round 43 | Loss: 0.0195653 | Train Acc: 99.8105%
[Worker 25] Round 43 | Loss: 0.0431845 | Train Acc: 99.1042%
[Worker 29] Round 43 | Loss: 0.0221005 | Train Acc: 99.6382%
[Worker 27] Round 43 | Loss: 0.0192369 | Train Acc: 99.7071%
[Worker 30] Round 43 | Loss: 0.0210558 | Train Acc: 99.845%
[Worker 28] Round 43 | Loss: 0.0628386 | Train Acc: 98.6219%
[Worker 23] Round 43 | Loss: 0.0191399 | Train Acc: 99.7761%
[Worker 20] Round 43 | Loss: 0.016798 | Train Acc: 99.8277%
[Worker 21] Round 43 | Loss: 0.0169985 | Train Acc: 99.845%
[Worker 17] Round 43 | Loss: 0.0237294 | Train Acc: 99.7416%
[Worker 16] Round 43 | Loss: 0.0526565 | Train Acc: 98.9836%
[Worker 19] Round 43 | Loss: 0.101929 | Train Acc: 97.5366%
[Worker 18] Round 43 | Loss: 0.0265606 | Train Acc: 99.621%
[Worker 22] Round 43 | Loss: 0.0306002 | Train Acc: 99.6555%
[Worker 8] Round 43 | Loss: 0.0251884 | Train Acc: 99.5177%
[Worker 10] Round 43 | Loss: 0.0961865 | Train Acc: 97.037%
[Worker 9] Round 43 | Loss: 0.0252531 | Train Acc: 99.5349%
[Worker 13] Round 43 | Loss: 0.0456243 | Train Acc: 99.1904%
[Worker 11] Round 43 | Loss: 0.0241502 | Train Acc: 99.6382%
[Worker 15] Round 43 | Loss: 0.0213564 | Train Acc: 99.7071%
[Worker 14] Round 43 | Loss: 0.0200208 | Train Acc: 99.7071%
[Worker 12] Round 43 | Loss: 0.021087 | Train Acc: 99.7071%
[Worker 31] Round 43 | Loss: 0.0199134 | Train Acc: 99.7778%
[Central Round] 43 [Global Test Accuracy]: 89.18%
[Worker 4] Round 44 | Loss: 0.0187023 | Train Acc: 99.8105%
[Worker 6] Round 44 | Loss: 0.0160248 | Train Acc: 99.8105%
[Worker 1] Round 44 | Loss: 0.0140096 | Train Acc: 99.8622%
[Worker 5] Round 44 | Loss: 0.0183107 | Train Acc: 99.6899%
[Worker 7] Round 44 | Loss: 0.0692131 | Train Acc: 98.3979%
[Worker 3] Round 44 | Loss: 0.0139788 | Train Acc: 99.845%
[Worker 2] Round 44 | Loss: 0.0157144 | Train Acc: 99.845%
[Worker 24] Round 44 | Loss: 0.0211618 | Train Acc: 99.6727%
[Worker 25] Round 44 | Loss: 0.0431697 | Train Acc: 99.0353%
[Worker 29] Round 44 | Loss: 0.0216651 | Train Acc: 99.7071%
[Worker 27] Round 44 | Loss: 0.0187498 | Train Acc: 99.8105%
[Worker 10] Round 44 | Loss: 0.0950965 | Train Acc: 97.261%
[Worker 28] Round 44 | Loss: 0.0614672 | Train Acc: 98.5357%
[Worker 30] Round 44 | Loss: 0.021886 | Train Acc: 99.7244%
[Worker 26] Round 44 | Loss: 0.0205992 | Train Acc: 99.6555%
[Worker 19] Round 44 | Loss: 0.10267 | Train Acc: 97.7606%
[Worker 8] Round 44 | Loss: 0.0254884 | Train Acc: 99.5693%
[Worker 11] Round 44 | Loss: 0.0241783 | Train Acc: 99.6382%
[Worker 23] Round 44 | Loss: 0.0187116 | Train Acc: 99.7588%
[Worker 20] Round 44 | Loss: 0.0169898 | Train Acc: 99.7933%
[Worker 21] Round 44 | Loss: 0.0172961 | Train Acc: 99.8622%
[Worker 18] Round 44 | Loss: 0.0258392 | Train Acc: 99.7244%
[Worker 17] Round 44 | Loss: 0.0232115 | Train Acc: 99.7588%
[Worker 16] Round 44 | Loss: 0.0520757 | Train Acc: 99.0525%
[Worker 22] Round 44 | Loss: 0.0297969 | Train Acc: 99.6899%
[Worker 9] Round 44 | Loss: 0.0245848 | Train Acc: 99.621%
[Worker 13] Round 44 | Loss: 0.0454891 | Train Acc: 99.2076%
[Worker 15] Round 44 | Loss: 0.0219343 | Train Acc: 99.7416%
[Worker 12] Round 44 | Loss: 0.0206755 | Train Acc: 99.7244%
[Worker 14] Round 44 | Loss: 0.0201151 | Train Acc: 99.7416%
[Worker 31] Round 44 | Loss: 0.0200209 | Train Acc: 99.7778%
[Central Round] 44 [Global Test Accuracy]: 89.17%
[Central] Early stopping at round 44 after 5 rounds without global accuracy improvement.

[Central] Done. Federated data saved to /home-mscluster/ldemelo/HPC_Assignment/problem1/federated_clustering_mpi/metrics/sweep_2/federated/fixed_ppn_n4_p8_rep2_j201388

[mult_node] run_id=fixed_ppn_n4_p8_rep3_j201388 rep=3/3
Rank 5 of 32 processes
Rank 7 of 32 processes
Rank 4 of 32 processes
Rank 0 of 32 processes
Rank 1 of 32 processes
Rank 2 of 32 processes
Rank 3 of 32 processes
Rank 6 of 32 processes
Rank 22 of 32 processes
Rank 16 of 32 processes
Rank 8 of 32 processes
Rank 24 of 32 processes
Rank 18 of 32 processes
Rank 10 of 32 processes
Rank 26 of 32 processes
Rank 20 of 32 processes
Rank 12 of 32 processes
Rank 28 of 32 processes
Rank 21 of 32 processes
Rank 14 of 32 processes
Rank 30 of 32 processes
Rank 17 of 32 processes
Rank 15 of 32 processes
Rank 25 of 32 processes
Rank 11 of 32 processes
Rank 29 of 32 processes
Rank 19 of 32 processes
Rank 23 of 32 processes
Rank 13 of 32 processes
Rank 31 of 32 processes
Rank 9 of 32 processes
Rank 27 of 32 processes
Softmax regression: 10 classes; 784 features
[Mode] Non-IID Label Shard Distribution
[Mode] Non-IID Label Shard Distribution
[Mode] Non-IID Label Shard Distribution
[Mode] Non-IID Label Shard Distribution
[Mode] Non-IID Label Shard Distribution
[Mode] Non-IID Label Shard Distribution
[Mode] Non-IID Label Shard Distribution
[Mode] Non-IID Label Shard Distribution
[Mode] Non-IID Label Shard Distribution
[Mode] Non-IID Label Shard Distribution
[Mode] Non-IID Label Shard Distribution
[Distributed Worker 16] Shard size: 1935
Softmax regression: 10 classes; 784 features
[Distributed Worker 18] Shard size: 1935
Softmax regression: 10 classes; 784 features
[Distributed Worker 20] Shard size: 1935
Softmax regression: 10 classes; 784 features
[Mode] Non-IID Label Shard Distribution
[Mode] Non-IID Label Shard Distribution
[Mode] Non-IID Label Shard Distribution
[Distributed Worker 26] Shard size: 1935
[Distributed Worker 28] Shard size: 1935
Softmax regression: 10 classes; 784 features
[Distributed Worker 30] Shard size: 1935
Softmax regression: 10 classes; 784 features
[Distributed Worker 12] Shard size: 1935
[Distributed Worker 8] Shard size: 1935
Softmax regression: 10 classes; 784 features
Softmax regression: 10 classes; 784 features
[Distributed Worker 14] Shard size: 1935
Softmax regression: 10 classes; 784 features
Softmax regression: 10 classes; 784 features
[Distributed Worker 24] Shard size: 1935
[Distributed Worker 22] Shard size: 1935
Softmax regression: 10 classes; 784 features
Softmax regression: 10 classes; 784 features
[Mode] Non-IID Label Shard Distribution
[Mode] Non-IID Label Shard Distribution
[Mode] Non-IID Label Shard Distribution
[Mode] Non-IID Label Shard Distribution
[Mode] Non-IID Label Shard Distribution
[Mode] Non-IID Label Shard Distribution
[Mode] Non-IID Label Shard Distribution
[Mode] Non-IID Label Shard Distribution
[Mode] Non-IID Label Shard Distribution
[Distributed Worker 10] Shard size: 1935
Softmax regression: 10 classes; 784 features
[Mode] Non-IID Label Shard Distribution
[Mode] Non-IID Label Shard Distribution
[Distributed Worker 4] Shard size: 1935
Softmax regression: 10 classes; 784 features
[Distributed Worker 2] Shard size: 1935
Softmax regression: 10 classes; 784 features
[Mode] Non-IID Label Shard Distribution
[Mode] Non-IID Label Shard Distribution
[Mode] Non-IID Label Shard Distribution
[Mode] Non-IID Label Shard Distribution
[Distributed Worker 7] Shard size: 1935
[Distributed Worker 5] Shard size: 1935
Softmax regression: 10 classes; 784 features
Softmax regression: 10 classes; 784 features
[Distributed Worker 6] Shard size: 1935
[Distributed Worker 13] Shard size: 1935
Softmax regression: 10 classes; 784 features
Softmax regression: 10 classes; 784 features
[Mode] Non-IID Label Shard Distribution
[Distributed Worker 11] Shard size: 1935
Softmax regression: 10 classes; 784 features
[Distributed Worker 9] Shard size: 1935
Softmax regression: 10 classes; 784 features
[Distributed Worker 17] Shard size: 1935
Softmax regression: 10 classes; 784 features
[Distributed Worker 15] Shard size: 1935
[Distributed Worker 19] Shard size: 1935
Softmax regression: 10 classes; 784 features
Softmax regression: 10 classes; 784 features
[Distributed Worker 23] Shard size: 1935
Softmax regression: 10 classes; 784 features
[Mode] Non-IID Label Shard Distribution
[Distributed Worker 21] Shard size: 1935
Softmax regression: 10 classes; 784 features
[Distributed Worker 3] Shard size: 1935
[Distributed Worker 1] Shard size: 1935
Softmax regression: 10 classes; 784 features
Softmax regression: 10 classes; 784 features
[Distributed Worker 29] Shard size: 1935
Softmax regression: 10 classes; 784 features
[Distributed Worker 31] Shard size: 1950
Softmax regression: 10 classes; 784 features
[Distributed Worker 27] Shard size: 1935
Softmax regression: 10 classes; 784 features
[Distributed Worker 25] Shard size: 1935
Softmax regression: 10 classes; 784 features
[Worker 18] Round 1 | Loss: 0.0239918 | Train Acc: 99.7623%
[Worker 22] Round 1 | Loss: 0.0470084 | Train Acc: 99.2972%
[Worker 14] Round 1 | Loss: 0.0174725 | Train Acc: 99.7623%
[Worker 26] Round 1 | Loss: 0.0156495 | Train Acc: 99.7106%
[Worker 30] Round 1 | Loss: 0.0178104 | Train Acc: 99.6693%
[Worker 10] Round 1 | Loss: 0.113226 | Train Acc: 96.6408%
[Worker 8] Round 1 | Loss: 0.0196069 | Train Acc: 99.6899%
[Worker 12] Round 1 | Loss: 0.0175557 | Train Acc: 99.6899%
[Worker 16] Round 1 | Loss: 0.0755658 | Train Acc: 98.0775%
[Worker 20] Round 1 | Loss: 0.0170958 | Train Acc: 99.7003%
[Worker 7] Round 1 | Loss: 0.0929852 | Train Acc: 97.5504%
[Worker 28] Round 1 | Loss: 0.0789262 | Train Acc: 97.8915%
[Worker 5] Round 1 | Loss: 0.0177994 | Train Acc: 99.6796%
[Worker 2] Round 1 | Loss: 0.0166457 | Train Acc: 99.6796%
[Worker 17] Round 1 | Loss: 0.0228826 | Train Acc: 99.7416%
[Worker 13] Round 1 | Loss: 0.0608336 | Train Acc: 98.708%
[Worker 19] Round 1 | Loss: 0.125982 | Train Acc: 96.9716%
[Worker 6] Round 1 | Loss: 0.0180089 | Train Acc: 99.7003%
[Worker 4] Round 1 | Loss: 0.0275854 | Train Acc: 99.5246%
[Worker 3] Round 1 | Loss: 0.0157749 | Train Acc: 99.6796%
[Worker 1] Round 1 | Loss: 0.0151872 | Train Acc: 99.6693%
[Worker 11] Round 1 | Loss: 0.017783 | Train Acc: 99.6693%
[Worker 24] Round 1 | Loss: 0.0203945 | Train Acc: 99.6693%
[Worker 9] Round 1 | Loss: 0.019739 | Train Acc: 99.6796%
[Worker 23] Round 1 | Loss: 0.019864 | Train Acc: 99.6796%
[Worker 15] Round 1 | Loss: 0.0179959 | Train Acc: 99.7519%
[Worker 21] Round 1 | Loss: 0.0173598 | Train Acc: 99.6796%
[Worker 29] Round 1 | Loss: 0.0176513 | Train Acc: 99.7106%
[Worker 31] Round 1 | Loss: 0.0175924 | Train Acc: 99.6923%
[Worker 27] Round 1 | Loss: 0.0154124 | Train Acc: 99.7003%
[Worker 25] Round 1 | Loss: 0.0607388 | Train Acc: 98.5013%
[Central Round] 1 [Global Test Accuracy]: 55.93%
[Worker 6] Round 2 | Loss: 0.0150579 | Train Acc: 99.9897%
[Worker 2] Round 2 | Loss: 0.0148176 | Train Acc: 99.845%
[Worker 4] Round 2 | Loss: 0.023271 | Train Acc: 99.876%
[Worker 1] Round 2 | Loss: 0.0137775 | Train Acc: 99.814%
[Worker 3] Round 2 | Loss: 0.0137138 | Train Acc: 99.8656%
[Worker 7] Round 2 | Loss: 0.088003 | Train Acc: 97.7984%
[Worker 5] Round 2 | Loss: 0.0156693 | Train Acc: 99.938%
[Worker 9] Round 2 | Loss: 0.0178463 | Train Acc: 99.8966%
[Worker 11] Round 2 | Loss: 0.0164218 | Train Acc: 99.7933%
[Worker 24] Round 2 | Loss: 0.0183971 | Train Acc: 99.8553%
[Worker 28] Round 2 | Loss: 0.0753216 | Train Acc: 97.9845%
[Worker 25] Round 2 | Loss: 0.0562473 | Train Acc: 98.832%
[Worker 27] Round 2 | Loss: 0.0146859 | Train Acc: 99.7416%
[Worker 26] Round 2 | Loss: 0.01448 | Train Acc: 99.7623%
[Worker 29] Round 2 | Loss: 0.0165425 | Train Acc: 99.8243%
[Worker 30] Round 2 | Loss: 0.0167989 | Train Acc: 99.8243%
[Worker 10] Round 2 | Loss: 0.107703 | Train Acc: 97.0543%
[Worker 17] Round 2 | Loss: 0.0209102 | Train Acc: 99.8656%
[Worker 20] Round 2 | Loss: 0.0161462 | Train Acc: 99.7829%
[Worker 16] Round 2 | Loss: 0.0702102 | Train Acc: 98.4599%
[Worker 22] Round 2 | Loss: 0.0427114 | Train Acc: 99.6382%
[Worker 19] Round 2 | Loss: 0.121201 | Train Acc: 97.2817%
[Worker 21] Round 2 | Loss: 0.0161189 | Train Acc: 99.8243%
[Worker 23] Round 2 | Loss: 0.0179567 | Train Acc: 99.8656%
[Worker 18] Round 2 | Loss: 0.0220279 | Train Acc: 99.907%
[Worker 13] Round 2 | Loss: 0.0564802 | Train Acc: 98.9044%
[Worker 14] Round 2 | Loss: 0.0161141 | Train Acc: 99.8966%
[Worker 12] Round 2 | Loss: 0.0160412 | Train Acc: 99.7726%
[Worker 15] Round 2 | Loss: 0.016582 | Train Acc: 99.8656%
[Worker 8] Round 2 | Loss: 0.0182443 | Train Acc: 99.8243%
[Worker 31] Round 2 | Loss: 0.0163769 | Train Acc: 99.8051%
[Central Round] 2 [Global Test Accuracy]: 72.74%
[Worker 6] Round 3 | Loss: 0.013736 | Train Acc: 99.9897%
[Worker 2] Round 3 | Loss: 0.0137061 | Train Acc: 99.8966%
[Worker 4] Round 3 | Loss: 0.0208867 | Train Acc: 99.907%
[Worker 7] Round 3 | Loss: 0.0827368 | Train Acc: 97.9432%
[Worker 1] Round 3 | Loss: 0.013103 | Train Acc: 99.907%
[Worker 3] Round 3 | Loss: 0.0132045 | Train Acc: 99.8863%
[Worker 5] Round 3 | Loss: 0.01393 | Train Acc: 99.9793%
[Worker 9] Round 3 | Loss: 0.0169307 | Train Acc: 99.9277%
[Worker 10] Round 3 | Loss: 0.104676 | Train Acc: 96.9612%
[Worker 11] Round 3 | Loss: 0.0153797 | Train Acc: 99.907%
[Worker 27] Round 3 | Loss: 0.0143657 | Train Acc: 99.7829%
[Worker 25] Round 3 | Loss: 0.0530119 | Train Acc: 99.0078%
[Worker 28] Round 3 | Loss: 0.0722102 | Train Acc: 98.1292%
[Worker 24] Round 3 | Loss: 0.0166125 | Train Acc: 99.969%
[Worker 26] Round 3 | Loss: 0.0142198 | Train Acc: 99.7726%
[Worker 30] Round 3 | Loss: 0.0157631 | Train Acc: 99.8243%
[Worker 29] Round 3 | Loss: 0.0160735 | Train Acc: 99.7933%
[Worker 19] Round 3 | Loss: 0.117081 | Train Acc: 97.416%
[Worker 17] Round 3 | Loss: 0.0199561 | Train Acc: 99.9277%
[Worker 22] Round 3 | Loss: 0.0398332 | Train Acc: 99.5969%
[Worker 21] Round 3 | Loss: 0.0151663 | Train Acc: 99.9173%
[Worker 23] Round 3 | Loss: 0.0165555 | Train Acc: 99.938%
[Worker 20] Round 3 | Loss: 0.0148554 | Train Acc: 99.9277%
[Worker 16] Round 3 | Loss: 0.0660386 | Train Acc: 98.6047%
[Worker 18] Round 3 | Loss: 0.0210313 | Train Acc: 99.8966%
[Worker 14] Round 3 | Loss: 0.0151031 | Train Acc: 99.9793%
[Worker 13] Round 3 | Loss: 0.0526006 | Train Acc: 99.0388%
[Worker 8] Round 3 | Loss: 0.0169005 | Train Acc: 99.8966%
[Worker 12] Round 3 | Loss: 0.0152468 | Train Acc: 99.9173%
[Worker 15] Round 3 | Loss: 0.0157303 | Train Acc: 99.9587%
[Worker 31] Round 3 | Loss: 0.0154877 | Train Acc: 99.8667%
[Central Round] 3 [Global Test Accuracy]: 79.21%
[Worker 6] Round 4 | Loss: 0.0125459 | Train Acc: 100%
[Worker 2] Round 4 | Loss: 0.0131062 | Train Acc: 99.9483%
[Worker 4] Round 4 | Loss: 0.0190203 | Train Acc: 99.938%
[Worker 18] Round 4 | Loss: 0.020393 | Train Acc: 99.8966%
[Worker 3] Round 4 | Loss: 0.0124606 | Train Acc: 99.938%
[Worker 7] Round 4 | Loss: 0.0795086 | Train Acc: 98.0362%
[Worker 1] Round 4 | Loss: 0.0118054 | Train Acc: 99.9587%
[Worker 5] Round 4 | Loss: 0.0131936 | Train Acc: 100%
[Worker 10] Round 4 | Loss: 0.103353 | Train Acc: 97.0956%
[Worker 8] Round 4 | Loss: 0.016088 | Train Acc: 99.9277%
[Worker 14] Round 4 | Loss: 0.0142259 | Train Acc: 99.9483%
[Worker 22] Round 4 | Loss: 0.0367035 | Train Acc: 99.7416%
[Worker 27] Round 4 | Loss: 0.0141295 | Train Acc: 99.814%
[Worker 20] Round 4 | Loss: 0.0138504 | Train Acc: 99.9483%
[Worker 25] Round 4 | Loss: 0.0501485 | Train Acc: 99.0904%
[Worker 29] Round 4 | Loss: 0.0153923 | Train Acc: 99.845%
[Worker 12] Round 4 | Loss: 0.014858 | Train Acc: 99.876%
[Worker 24] Round 4 | Loss: 0.0159556 | Train Acc: 99.9793%
[Worker 28] Round 4 | Loss: 0.0698673 | Train Acc: 98.2532%
[Worker 26] Round 4 | Loss: 0.0135559 | Train Acc: 99.8656%
[Worker 9] Round 4 | Loss: 0.0159413 | Train Acc: 99.938%
[Worker 11] Round 4 | Loss: 0.0149132 | Train Acc: 99.938%
[Worker 30] Round 4 | Loss: 0.0156497 | Train Acc: 99.8553%
[Worker 13] Round 4 | Loss: 0.0508835 | Train Acc: 99.1525%
[Worker 16] Round 4 | Loss: 0.0631503 | Train Acc: 98.6667%
[Worker 19] Round 4 | Loss: 0.114504 | Train Acc: 97.4057%
[Worker 23] Round 4 | Loss: 0.0155221 | Train Acc: 99.9587%
[Worker 17] Round 4 | Loss: 0.0190232 | Train Acc: 99.907%
[Worker 21] Round 4 | Loss: 0.0144806 | Train Acc: 99.9173%
[Worker 15] Round 4 | Loss: 0.0146503 | Train Acc: 99.9483%
[Worker 31] Round 4 | Loss: 0.0150459 | Train Acc: 99.8564%
[Central Round] 4 [Global Test Accuracy]: 81.85%
[Worker 6] Round 5 | Loss: 0.0180122 | Train Acc: 100%
[Worker 3] Round 5 | Loss: 0.0175681 | Train Acc: 99.9655%
[Worker 1] Round 5 | Loss: 0.0175226 | Train Acc: 99.9139%
[Worker 7] Round 5 | Loss: 0.0960258 | Train Acc: 97.64%
[Worker 4] Round 5 | Loss: 0.0266862 | Train Acc: 99.9139%
[Worker 2] Round 5 | Loss: 0.0190214 | Train Acc: 99.9139%
[Worker 5] Round 5 | Loss: 0.0189777 | Train Acc: 99.9828%
[Worker 10] Round 5 | Loss: 0.120659 | Train Acc: 96.8648%
[Worker 25] Round 5 | Loss: 0.0630846 | Train Acc: 98.9147%
[Worker 28] Round 5 | Loss: 0.0841763 | Train Acc: 97.9328%
[Worker 26] Round 5 | Loss: 0.0211683 | Train Acc: 99.7761%
[Worker 27] Round 5 | Loss: 0.0211443 | Train Acc: 99.7588%
[Worker 24] Round 5 | Loss: 0.0228939 | Train Acc: 99.9483%
[Worker 30] Round 5 | Loss: 0.0231887 | Train Acc: 99.8277%
[Worker 29] Round 5 | Loss: 0.0228172 | Train Acc: 99.8105%
[Worker 16] Round 5 | Loss: 0.0799336 | Train Acc: 98.5185%
[Worker 9] Round 5 | Loss: 0.024106 | Train Acc: 99.8622%
[Worker 11] Round 5 | Loss: 0.0226371 | Train Acc: 99.8794%
[Worker 17] Round 5 | Loss: 0.0283898 | Train Acc: 99.7761%
[Worker 19] Round 5 | Loss: 0.132659 | Train Acc: 97.3816%
[Worker 22] Round 5 | Loss: 0.0494777 | Train Acc: 99.5349%
[Worker 23] Round 5 | Loss: 0.0227877 | Train Acc: 99.8794%
[Worker 21] Round 5 | Loss: 0.0207292 | Train Acc: 99.9655%
[Worker 20] Round 5 | Loss: 0.0206618 | Train Acc: 99.9311%
[Worker 18] Round 5 | Loss: 0.0312898 | Train Acc: 99.8622%
[Worker 13] Round 5 | Loss: 0.0639626 | Train Acc: 99.0181%
[Worker 14] Round 5 | Loss: 0.0211002 | Train Acc: 99.9655%
[Worker 8] Round 5 | Loss: 0.023992 | Train Acc: 99.8966%
[Worker 12] Round 5 | Loss: 0.0219322 | Train Acc: 99.9139%
[Worker 15] Round 5 | Loss: 0.0224664 | Train Acc: 99.8622%
[Worker 31] Round 5 | Loss: 0.0223429 | Train Acc: 99.9316%
[Central Round] 5 [Global Test Accuracy]: 82.81%
[Worker 6] Round 6 | Loss: 0.0171451 | Train Acc: 100%
[Worker 3] Round 6 | Loss: 0.0167 | Train Acc: 99.9655%
[Worker 1] Round 6 | Loss: 0.017467 | Train Acc: 99.8622%
[Worker 7] Round 6 | Loss: 0.0939347 | Train Acc: 97.7606%
[Worker 4] Round 6 | Loss: 0.0247346 | Train Acc: 99.9139%
[Worker 2] Round 6 | Loss: 0.0186384 | Train Acc: 99.9311%
[Worker 5] Round 6 | Loss: 0.0183703 | Train Acc: 99.9655%
[Worker 25] Round 6 | Loss: 0.06265 | Train Acc: 98.8286%
[Worker 26] Round 6 | Loss: 0.0203857 | Train Acc: 99.7588%
[Worker 27] Round 6 | Loss: 0.0215111 | Train Acc: 99.7588%
[Worker 24] Round 6 | Loss: 0.0228616 | Train Acc: 99.9139%
[Worker 29] Round 6 | Loss: 0.0233535 | Train Acc: 99.6899%
[Worker 28] Round 6 | Loss: 0.0822732 | Train Acc: 97.9673%
[Worker 30] Round 6 | Loss: 0.0230091 | Train Acc: 99.7933%
[Worker 10] Round 6 | Loss: 0.119367 | Train Acc: 96.9509%
[Worker 19] Round 6 | Loss: 0.130156 | Train Acc: 97.261%
[Worker 11] Round 6 | Loss: 0.02232 | Train Acc: 99.8794%
[Worker 9] Round 6 | Loss: 0.0235785 | Train Acc: 99.845%
[Worker 22] Round 6 | Loss: 0.0458645 | Train Acc: 99.6555%
[Worker 18] Round 6 | Loss: 0.0301737 | Train Acc: 99.7933%
[Worker 21] Round 6 | Loss: 0.0196062 | Train Acc: 99.9139%
[Worker 23] Round 6 | Loss: 0.0215996 | Train Acc: 99.9655%
[Worker 16] Round 6 | Loss: 0.0767878 | Train Acc: 98.5357%
[Worker 17] Round 6 | Loss: 0.028691 | Train Acc: 99.8966%
[Worker 20] Round 6 | Loss: 0.0197141 | Train Acc: 99.9139%
[Worker 31] Round 6 | Loss: 0.0220829 | Train Acc: 99.8633%
[Worker 8] Round 6 | Loss: 0.0244944 | Train Acc: 99.7761%
[Worker 13] Round 6 | Loss: 0.0623707 | Train Acc: 99.0181%
[Worker 14] Round 6 | Loss: 0.0204525 | Train Acc: 99.9139%
[Worker 12] Round 6 | Loss: 0.0217787 | Train Acc: 99.8794%
[Worker 15] Round 6 | Loss: 0.0213128 | Train Acc: 99.8966%
[Central Round] 6 [Global Test Accuracy]: 83.84%
[Worker 6] Round 7 | Loss: 0.0170621 | Train Acc: 99.9483%
[Worker 2] Round 7 | Loss: 0.0175497 | Train Acc: 99.9655%
[Worker 5] Round 7 | Loss: 0.017893 | Train Acc: 99.9311%
[Worker 3] Round 7 | Loss: 0.0164212 | Train Acc: 99.9311%
[Worker 1] Round 7 | Loss: 0.0165744 | Train Acc: 99.8966%
[Worker 7] Round 7 | Loss: 0.0915242 | Train Acc: 97.8467%
[Worker 4] Round 7 | Loss: 0.0239178 | Train Acc: 99.9311%
[Worker 25] Round 7 | Loss: 0.0602669 | Train Acc: 98.8631%
[Worker 24] Round 7 | Loss: 0.0227406 | Train Acc: 99.8794%
[Worker 9] Round 7 | Loss: 0.0231716 | Train Acc: 99.9311%
[Worker 27] Round 7 | Loss: 0.0202852 | Train Acc: 99.8105%
[Worker 30] Round 7 | Loss: 0.0224845 | Train Acc: 99.7588%
[Worker 28] Round 7 | Loss: 0.0802211 | Train Acc: 98.0362%
[Worker 10] Round 7 | Loss: 0.116702 | Train Acc: 96.9165%
[Worker 11] Round 7 | Loss: 0.0216462 | Train Acc: 99.9311%
[Worker 26] Round 7 | Loss: 0.0206841 | Train Acc: 99.7761%
[Worker 29] Round 7 | Loss: 0.0225658 | Train Acc: 99.8277%
[Worker 19] Round 7 | Loss: 0.12849 | Train Acc: 97.3643%
[Worker 20] Round 7 | Loss: 0.0192296 | Train Acc: 99.9311%
[Worker 17] Round 7 | Loss: 0.0280702 | Train Acc: 99.845%
[Worker 21] Round 7 | Loss: 0.018963 | Train Acc: 99.9483%
[Worker 23] Round 7 | Loss: 0.0212227 | Train Acc: 99.9311%
[Worker 16] Round 7 | Loss: 0.0738883 | Train Acc: 98.6736%
[Worker 22] Round 7 | Loss: 0.0442604 | Train Acc: 99.7071%
[Worker 18] Round 7 | Loss: 0.0306071 | Train Acc: 99.7588%
[Worker 8] Round 7 | Loss: 0.0239011 | Train Acc: 99.7588%
[Worker 13] Round 7 | Loss: 0.060811 | Train Acc: 99.1042%
[Worker 14] Round 7 | Loss: 0.0202517 | Train Acc: 99.9311%
[Worker 12] Round 7 | Loss: 0.0210368 | Train Acc: 99.8966%
[Worker 15] Round 7 | Loss: 0.0211717 | Train Acc: 99.8794%
[Worker 31] Round 7 | Loss: 0.0220476 | Train Acc: 99.7265%
[Central Round] 7 [Global Test Accuracy]: 84.63%
[Worker 6] Round 8 | Loss: 0.0164576 | Train Acc: 99.9828%
[Worker 24] Round 8 | Loss: 0.0220696 | Train Acc: 99.9139%
[Worker 4] Round 8 | Loss: 0.0236235 | Train Acc: 99.9139%
[Worker 26] Round 8 | Loss: 0.0204674 | Train Acc: 99.7588%
[Worker 2] Round 8 | Loss: 0.018062 | Train Acc: 99.9139%
[Worker 30] Round 8 | Loss: 0.0221877 | Train Acc: 99.8277%
[Worker 28] Round 8 | Loss: 0.0782661 | Train Acc: 98.2429%
[Worker 7] Round 8 | Loss: 0.0886632 | Train Acc: 97.8811%
[Worker 5] Round 8 | Loss: 0.0180084 | Train Acc: 99.8966%
[Worker 18] Round 8 | Loss: 0.0290292 | Train Acc: 99.8277%
[Worker 20] Round 8 | Loss: 0.0185225 | Train Acc: 99.9311%
[Worker 22] Round 8 | Loss: 0.0424358 | Train Acc: 99.7071%
[Worker 1] Round 8 | Loss: 0.016646 | Train Acc: 99.8966%
[Worker 3] Round 8 | Loss: 0.0164442 | Train Acc: 99.9655%
[Worker 16] Round 8 | Loss: 0.0726614 | Train Acc: 98.6391%
[Worker 10] Round 8 | Loss: 0.113862 | Train Acc: 97.0715%
[Worker 8] Round 8 | Loss: 0.0228342 | Train Acc: 99.8622%
[Worker 14] Round 8 | Loss: 0.01936 | Train Acc: 99.9655%
[Worker 12] Round 8 | Loss: 0.0209781 | Train Acc: 99.9139%
[Worker 21] Round 8 | Loss: 0.0191979 | Train Acc: 99.9828%
[Worker 27] Round 8 | Loss: 0.0192801 | Train Acc: 99.8794%
[Worker 13] Round 8 | Loss: 0.0592617 | Train Acc: 99.1042%
[Worker 29] Round 8 | Loss: 0.0228211 | Train Acc: 99.7071%
[Worker 11] Round 8 | Loss: 0.0228894 | Train Acc: 99.8277%
[Worker 25] Round 8 | Loss: 0.0587024 | Train Acc: 99.0009%
[Worker 9] Round 8 | Loss: 0.0230252 | Train Acc: 99.8966%
[Worker 17] Round 8 | Loss: 0.0270959 | Train Acc: 99.8794%
[Worker 23] Round 8 | Loss: 0.021095 | Train Acc: 99.9483%
[Worker 19] Round 8 | Loss: 0.125425 | Train Acc: 97.3643%
[Worker 15] Round 8 | Loss: 0.0210085 | Train Acc: 99.9139%
[Worker 31] Round 8 | Loss: 0.0217405 | Train Acc: 99.7094%
[Central Round] 8 [Global Test Accuracy]: 85.19%
[Worker 6] Round 9 | Loss: 0.0161872 | Train Acc: 99.9828%
[Worker 2] Round 9 | Loss: 0.0172381 | Train Acc: 99.9655%
[Worker 4] Round 9 | Loss: 0.0223763 | Train Acc: 99.9311%
[Worker 1] Round 9 | Loss: 0.0157638 | Train Acc: 99.9655%
[Worker 3] Round 9 | Loss: 0.0163221 | Train Acc: 99.9311%
[Worker 5] Round 9 | Loss: 0.0179753 | Train Acc: 99.9139%
[Worker 22] Round 9 | Loss: 0.0415456 | Train Acc: 99.6038%
[Worker 7] Round 9 | Loss: 0.088324 | Train Acc: 97.9156%
[Worker 20] Round 9 | Loss: 0.0183485 | Train Acc: 99.9655%
[Worker 10] Round 9 | Loss: 0.113169 | Train Acc: 96.8648%
[Worker 14] Round 9 | Loss: 0.0203381 | Train Acc: 99.9311%
[Worker 8] Round 9 | Loss: 0.0235002 | Train Acc: 99.7933%
[Worker 12] Round 9 | Loss: 0.0213259 | Train Acc: 99.845%
[Worker 9] Round 9 | Loss: 0.0232172 | Train Acc: 99.845%
[Worker 11] Round 9 | Loss: 0.0223972 | Train Acc: 99.8105%
[Worker 25] Round 9 | Loss: 0.0570265 | Train Acc: 99.0181%
[Worker 15] Round 9 | Loss: 0.0210706 | Train Acc: 99.8966%
[Worker 27] Round 9 | Loss: 0.0196533 | Train Acc: 99.845%
[Worker 18] Round 9 | Loss: 0.0292295 | Train Acc: 99.7933%
[Worker 16] Round 9 | Loss: 0.0702857 | Train Acc: 98.6736%
[Worker 19] Round 9 | Loss: 0.124227 | Train Acc: 97.3988%
[Worker 23] Round 9 | Loss: 0.0200824 | Train Acc: 99.9483%
[Worker 17] Round 9 | Loss: 0.0268009 | Train Acc: 99.845%
[Worker 21] Round 9 | Loss: 0.0188026 | Train Acc: 99.9655%
[Worker 13] Round 9 | Loss: 0.0577521 | Train Acc: 99.0698%
[Worker 29] Round 9 | Loss: 0.0221365 | Train Acc: 99.7071%
[Worker 26] Round 9 | Loss: 0.0204631 | Train Acc: 99.7588%
[Worker 31] Round 9 | Loss: 0.0213972 | Train Acc: 99.8291%
[Worker 24] Round 9 | Loss: 0.0214372 | Train Acc: 99.9311%
[Worker 28] Round 9 | Loss: 0.0780744 | Train Acc: 98.1568%
[Worker 30] Round 9 | Loss: 0.0221085 | Train Acc: 99.7933%
[Central Round] 9 [Global Test Accuracy]: 85.6%
[Worker 6] Round 10 | Loss: 0.0162254 | Train Acc: 99.9483%
[Worker 7] Round 10 | Loss: 0.0862904 | Train Acc: 97.9156%
[Worker 4] Round 10 | Loss: 0.0219366 | Train Acc: 99.9311%
[Worker 3] Round 10 | Loss: 0.016479 | Train Acc: 99.9139%
[Worker 2] Round 10 | Loss: 0.0181837 | Train Acc: 99.8966%
[Worker 5] Round 10 | Loss: 0.0172639 | Train Acc: 99.8966%
[Worker 1] Round 10 | Loss: 0.0158969 | Train Acc: 99.9139%
[Worker 10] Round 10 | Loss: 0.112303 | Train Acc: 97.0198%
[Worker 27] Round 10 | Loss: 0.0204646 | Train Acc: 99.6727%
[Worker 29] Round 10 | Loss: 0.0227431 | Train Acc: 99.6899%
[Worker 25] Round 10 | Loss: 0.055725 | Train Acc: 99.0525%
[Worker 26] Round 10 | Loss: 0.019419 | Train Acc: 99.8622%
[Worker 24] Round 10 | Loss: 0.0211946 | Train Acc: 99.8622%
[Worker 28] Round 10 | Loss: 0.0755829 | Train Acc: 98.329%
[Worker 30] Round 10 | Loss: 0.022457 | Train Acc: 99.7761%
[Worker 22] Round 10 | Loss: 0.0408053 | Train Acc: 99.5177%
[Worker 17] Round 10 | Loss: 0.0262383 | Train Acc: 99.7933%
[Worker 23] Round 10 | Loss: 0.0197715 | Train Acc: 99.9139%
[Worker 19] Round 10 | Loss: 0.121637 | Train Acc: 97.4333%
[Worker 21] Round 10 | Loss: 0.0184346 | Train Acc: 99.9311%
[Worker 20] Round 10 | Loss: 0.0188256 | Train Acc: 99.9483%
[Worker 18] Round 10 | Loss: 0.0293691 | Train Acc: 99.7244%
[Worker 16] Round 10 | Loss: 0.0686219 | Train Acc: 98.6736%
[Worker 9] Round 10 | Loss: 0.0233689 | Train Acc: 99.7933%
[Worker 11] Round 10 | Loss: 0.0215422 | Train Acc: 99.8966%
[Worker 14] Round 10 | Loss: 0.0196389 | Train Acc: 99.9655%
[Worker 8] Round 10 | Loss: 0.0238523 | Train Acc: 99.845%
[Worker 13] Round 10 | Loss: 0.0565339 | Train Acc: 99.2248%
[Worker 12] Round 10 | Loss: 0.0217461 | Train Acc: 99.8277%
[Worker 15] Round 10 | Loss: 0.0204885 | Train Acc: 99.8966%
[Worker 31] Round 10 | Loss: 0.021324 | Train Acc: 99.8633%
[Central Round] 10 [Global Test Accuracy]: 85.84%
[Worker 6] Round 11 | Loss: 0.0155975 | Train Acc: 99.9311%
[Worker 3] Round 11 | Loss: 0.0155813 | Train Acc: 99.9311%
[Worker 2] Round 11 | Loss: 0.0164891 | Train Acc: 99.9655%
[Worker 7] Round 11 | Loss: 0.0843151 | Train Acc: 98.019%
[Worker 4] Round 11 | Loss: 0.0217487 | Train Acc: 99.8966%
[Worker 1] Round 11 | Loss: 0.0156541 | Train Acc: 99.8966%
[Worker 5] Round 11 | Loss: 0.0174407 | Train Acc: 99.8622%
[Worker 26] Round 11 | Loss: 0.0200229 | Train Acc: 99.7761%
[Worker 10] Round 11 | Loss: 0.111422 | Train Acc: 96.7959%
[Worker 9] Round 11 | Loss: 0.023775 | Train Acc: 99.7071%
[Worker 11] Round 11 | Loss: 0.0220634 | Train Acc: 99.8622%
[Worker 27] Round 11 | Loss: 0.0194659 | Train Acc: 99.7416%
[Worker 29] Round 11 | Loss: 0.0228608 | Train Acc: 99.7244%
[Worker 24] Round 11 | Loss: 0.0214208 | Train Acc: 99.9139%
[Worker 25] Round 11 | Loss: 0.0547923 | Train Acc: 99.0525%
[Worker 30] Round 11 | Loss: 0.022261 | Train Acc: 99.7761%
[Worker 28] Round 11 | Loss: 0.0747027 | Train Acc: 98.2084%
[Worker 19] Round 11 | Loss: 0.121464 | Train Acc: 97.5366%
[Worker 22] Round 11 | Loss: 0.0402712 | Train Acc: 99.6555%
[Worker 20] Round 11 | Loss: 0.0179908 | Train Acc: 99.9311%
[Worker 17] Round 11 | Loss: 0.0260951 | Train Acc: 99.7933%
[Worker 18] Round 11 | Loss: 0.0286385 | Train Acc: 99.8794%
[Worker 23] Round 11 | Loss: 0.0203348 | Train Acc: 99.8622%
[Worker 16] Round 11 | Loss: 0.0679836 | Train Acc: 98.7252%
[Worker 21] Round 11 | Loss: 0.0185979 | Train Acc: 99.9311%
[Worker 8] Round 11 | Loss: 0.0246791 | Train Acc: 99.7071%
[Worker 13] Round 11 | Loss: 0.0564075 | Train Acc: 99.1387%
[Worker 14] Round 11 | Loss: 0.0197765 | Train Acc: 99.845%
[Worker 12] Round 11 | Loss: 0.0207762 | Train Acc: 99.8794%
[Worker 15] Round 11 | Loss: 0.0212237 | Train Acc: 99.7933%
[Worker 31] Round 11 | Loss: 0.0212571 | Train Acc: 99.7778%
[Central Round] 11 [Global Test Accuracy]: 86.22%
[Worker 7] Round 12 | Loss: 0.0836475 | Train Acc: 98.0879%
[Worker 1] Round 12 | Loss: 0.0160032 | Train Acc: 99.9139%
[Worker 5] Round 12 | Loss: 0.0173748 | Train Acc: 99.8966%
[Worker 3] Round 12 | Loss: 0.0154591 | Train Acc: 99.9311%
[Worker 6] Round 12 | Loss: 0.015345 | Train Acc: 99.9655%
[Worker 2] Round 12 | Loss: 0.0170682 | Train Acc: 99.9139%
[Worker 4] Round 12 | Loss: 0.0220482 | Train Acc: 99.845%
[Worker 11] Round 12 | Loss: 0.0223194 | Train Acc: 99.8105%
[Worker 9] Round 12 | Loss: 0.0240237 | Train Acc: 99.7588%
[Worker 25] Round 12 | Loss: 0.053836 | Train Acc: 99.087%
[Worker 27] Round 12 | Loss: 0.0201643 | Train Acc: 99.8105%
[Worker 24] Round 12 | Loss: 0.0211295 | Train Acc: 99.9139%
[Worker 26] Round 12 | Loss: 0.0190183 | Train Acc: 99.8105%
[Worker 28] Round 12 | Loss: 0.0728981 | Train Acc: 98.4152%
[Worker 29] Round 12 | Loss: 0.0220665 | Train Acc: 99.8105%
[Worker 30] Round 12 | Loss: 0.0220046 | Train Acc: 99.845%
[Worker 17] Round 12 | Loss: 0.0254116 | Train Acc: 99.845%
[Worker 23] Round 12 | Loss: 0.0200063 | Train Acc: 99.8966%
[Worker 19] Round 12 | Loss: 0.119963 | Train Acc: 97.5022%
[Worker 13] Round 12 | Loss: 0.0566137 | Train Acc: 99.1559%
[Worker 21] Round 12 | Loss: 0.0175099 | Train Acc: 99.9828%
[Worker 22] Round 12 | Loss: 0.0386135 | Train Acc: 99.7244%
[Worker 20] Round 12 | Loss: 0.0176217 | Train Acc: 99.9483%
[Worker 18] Round 12 | Loss: 0.0283835 | Train Acc: 99.7933%
[Worker 16] Round 12 | Loss: 0.0662431 | Train Acc: 98.6736%
[Worker 10] Round 12 | Loss: 0.109511 | Train Acc: 96.9509%
[Worker 8] Round 12 | Loss: 0.0238753 | Train Acc: 99.7416%
[Worker 14] Round 12 | Loss: 0.0193537 | Train Acc: 99.9311%
[Worker 15] Round 12 | Loss: 0.0213287 | Train Acc: 99.7761%
[Worker 12] Round 12 | Loss: 0.0215881 | Train Acc: 99.845%
[Worker 31] Round 12 | Loss: 0.0205689 | Train Acc: 99.7778%
[Central Round] 12 [Global Test Accuracy]: 86.42%
[Worker 6] Round 13 | Loss: 0.0150525 | Train Acc: 99.9655%
[Worker 1] Round 13 | Loss: 0.0150693 | Train Acc: 99.8966%
[Worker 4] Round 13 | Loss: 0.0213634 | Train Acc: 99.8966%
[Worker 2] Round 13 | Loss: 0.0170656 | Train Acc: 99.8966%
[Worker 7] Round 13 | Loss: 0.083043 | Train Acc: 98.0017%
[Worker 3] Round 13 | Loss: 0.0152605 | Train Acc: 99.9655%
[Worker 5] Round 13 | Loss: 0.0175975 | Train Acc: 99.8277%
[Worker 9] Round 13 | Loss: 0.023005 | Train Acc: 99.8277%
[Worker 10] Round 13 | Loss: 0.109015 | Train Acc: 96.9337%
[Worker 27] Round 13 | Loss: 0.0191912 | Train Acc: 99.8105%
[Worker 25] Round 13 | Loss: 0.0521791 | Train Acc: 99.1042%
[Worker 24] Round 13 | Loss: 0.0214283 | Train Acc: 99.8622%
[Worker 29] Round 13 | Loss: 0.0220596 | Train Acc: 99.6382%
[Worker 26] Round 13 | Loss: 0.0195533 | Train Acc: 99.8622%
[Worker 28] Round 13 | Loss: 0.0728625 | Train Acc: 98.4324%
[Worker 30] Round 13 | Loss: 0.0222883 | Train Acc: 99.8277%
[Worker 22] Round 13 | Loss: 0.0374664 | Train Acc: 99.7588%
[Worker 19] Round 13 | Loss: 0.119054 | Train Acc: 97.3643%
[Worker 20] Round 13 | Loss: 0.0176737 | Train Acc: 99.9655%
[Worker 16] Round 13 | Loss: 0.0649836 | Train Acc: 98.8114%
[Worker 18] Round 13 | Loss: 0.0289649 | Train Acc: 99.6899%
[Worker 17] Round 13 | Loss: 0.0251206 | Train Acc: 99.9139%
[Worker 23] Round 13 | Loss: 0.0194989 | Train Acc: 99.8966%
[Worker 21] Round 13 | Loss: 0.0183502 | Train Acc: 99.9311%
[Worker 8] Round 13 | Loss: 0.0241916 | Train Acc: 99.7071%
[Worker 14] Round 13 | Loss: 0.0195716 | Train Acc: 99.8966%
[Worker 11] Round 13 | Loss: 0.0216915 | Train Acc: 99.8622%
[Worker 13] Round 13 | Loss: 0.0545009 | Train Acc: 99.1214%
[Worker 12] Round 13 | Loss: 0.0213304 | Train Acc: 99.8794%
[Worker 15] Round 13 | Loss: 0.0204088 | Train Acc: 99.8794%
[Worker 31] Round 13 | Loss: 0.0207064 | Train Acc: 99.7949%
[Central Round] 13 [Global Test Accuracy]: 86.6%
[Worker 6] Round 14 | Loss: 0.0158386 | Train Acc: 99.9139%
[Worker 1] Round 14 | Loss: 0.0153345 | Train Acc: 99.9139%
[Worker 4] Round 14 | Loss: 0.0212751 | Train Acc: 99.9311%
[Worker 2] Round 14 | Loss: 0.0165575 | Train Acc: 99.9139%
[Worker 7] Round 14 | Loss: 0.0819812 | Train Acc: 98.0879%
[Worker 3] Round 14 | Loss: 0.0151648 | Train Acc: 99.9483%
[Worker 5] Round 14 | Loss: 0.0174492 | Train Acc: 99.7933%
[Worker 9] Round 14 | Loss: 0.0235223 | Train Acc: 99.7588%
[Worker 25] Round 14 | Loss: 0.0521804 | Train Acc: 99.0698%
[Worker 27] Round 14 | Loss: 0.0193313 | Train Acc: 99.8105%
[Worker 26] Round 14 | Loss: 0.0197647 | Train Acc: 99.8277%
[Worker 24] Round 14 | Loss: 0.0211888 | Train Acc: 99.8105%
[Worker 30] Round 14 | Loss: 0.0212052 | Train Acc: 99.7933%
[Worker 29] Round 14 | Loss: 0.0222878 | Train Acc: 99.621%
[Worker 28] Round 14 | Loss: 0.0707928 | Train Acc: 98.3979%
[Worker 19] Round 14 | Loss: 0.116629 | Train Acc: 97.64%
[Worker 21] Round 14 | Loss: 0.0181559 | Train Acc: 99.8966%
[Worker 17] Round 14 | Loss: 0.0261005 | Train Acc: 99.7761%
[Worker 23] Round 14 | Loss: 0.0195127 | Train Acc: 99.8966%
[Worker 22] Round 14 | Loss: 0.0372725 | Train Acc: 99.6899%
[Worker 18] Round 14 | Loss: 0.027802 | Train Acc: 99.8105%
[Worker 20] Round 14 | Loss: 0.0176397 | Train Acc: 99.9311%
[Worker 16] Round 14 | Loss: 0.0637141 | Train Acc: 98.8458%
[Worker 10] Round 14 | Loss: 0.108463 | Train Acc: 97.0198%
[Worker 11] Round 14 | Loss: 0.0219572 | Train Acc: 99.8105%
[Worker 14] Round 14 | Loss: 0.019766 | Train Acc: 99.8794%
[Worker 8] Round 14 | Loss: 0.0240954 | Train Acc: 99.7761%
[Worker 13] Round 14 | Loss: 0.0539025 | Train Acc: 99.2076%
[Worker 12] Round 14 | Loss: 0.0209055 | Train Acc: 99.8622%
[Worker 15] Round 14 | Loss: 0.0205184 | Train Acc: 99.8277%
[Worker 31] Round 14 | Loss: 0.0215647 | Train Acc: 99.7265%
[Central Round] 14 [Global Test Accuracy]: 86.88%
[Worker 6] Round 15 | Loss: 0.0156611 | Train Acc: 99.9483%
[Worker 1] Round 15 | Loss: 0.0151515 | Train Acc: 99.9483%
[Worker 7] Round 15 | Loss: 0.0817871 | Train Acc: 98.0017%
[Worker 3] Round 15 | Loss: 0.0151475 | Train Acc: 99.9311%
[Worker 4] Round 15 | Loss: 0.020776 | Train Acc: 99.8966%
[Worker 2] Round 15 | Loss: 0.016449 | Train Acc: 99.9311%
[Worker 5] Round 15 | Loss: 0.0174086 | Train Acc: 99.8277%
[Worker 10] Round 15 | Loss: 0.106637 | Train Acc: 97.1404%
[Worker 26] Round 15 | Loss: 0.0196968 | Train Acc: 99.7588%
[Worker 24] Round 15 | Loss: 0.0213753 | Train Acc: 99.8277%
[Worker 29] Round 15 | Loss: 0.0213901 | Train Acc: 99.8105%
[Worker 25] Round 15 | Loss: 0.0513735 | Train Acc: 99.1214%
[Worker 27] Round 15 | Loss: 0.0196671 | Train Acc: 99.845%
[Worker 28] Round 15 | Loss: 0.071851 | Train Acc: 98.3979%
[Worker 30] Round 15 | Loss: 0.0214471 | Train Acc: 99.7761%
[Worker 22] Round 15 | Loss: 0.0370174 | Train Acc: 99.6727%
[Worker 21] Round 15 | Loss: 0.0183514 | Train Acc: 99.8794%
[Worker 17] Round 15 | Loss: 0.0254261 | Train Acc: 99.8277%
[Worker 18] Round 15 | Loss: 0.0276867 | Train Acc: 99.7933%
[Worker 23] Round 15 | Loss: 0.0202253 | Train Acc: 99.8794%
[Worker 19] Round 15 | Loss: 0.117252 | Train Acc: 97.5711%
[Worker 16] Round 15 | Loss: 0.0623325 | Train Acc: 98.8114%
[Worker 20] Round 15 | Loss: 0.0179022 | Train Acc: 99.8794%
[Worker 9] Round 15 | Loss: 0.0235437 | Train Acc: 99.8277%
[Worker 11] Round 15 | Loss: 0.0221352 | Train Acc: 99.8277%
[Worker 8] Round 15 | Loss: 0.0235767 | Train Acc: 99.7761%
[Worker 13] Round 15 | Loss: 0.0526647 | Train Acc: 99.3109%
[Worker 14] Round 15 | Loss: 0.0192372 | Train Acc: 99.845%
[Worker 12] Round 15 | Loss: 0.0208686 | Train Acc: 99.845%
[Worker 15] Round 15 | Loss: 0.02074 | Train Acc: 99.8277%
[Worker 31] Round 15 | Loss: 0.020303 | Train Acc: 99.8633%
[Central Round] 15 [Global Test Accuracy]: 87.1%
[Worker 6] Round 16 | Loss: 0.0151153 | Train Acc: 99.9655%
[Worker 1] Round 16 | Loss: 0.0150929 | Train Acc: 99.8966%
[Worker 7] Round 16 | Loss: 0.0806166 | Train Acc: 97.9673%
[Worker 3] Round 16 | Loss: 0.0153026 | Train Acc: 99.8622%
[Worker 2] Round 16 | Loss: 0.0169228 | Train Acc: 99.8794%
[Worker 5] Round 16 | Loss: 0.0171079 | Train Acc: 99.8105%
[Worker 4] Round 16 | Loss: 0.0210441 | Train Acc: 99.8622%
[Worker 25] Round 16 | Loss: 0.0510489 | Train Acc: 99.0181%
[Worker 10] Round 16 | Loss: 0.106953 | Train Acc: 96.9681%
[Worker 27] Round 16 | Loss: 0.0194089 | Train Acc: 99.845%
[Worker 29] Round 16 | Loss: 0.0220565 | Train Acc: 99.7416%
[Worker 30] Round 16 | Loss: 0.0213614 | Train Acc: 99.8105%
[Worker 26] Round 16 | Loss: 0.0197582 | Train Acc: 99.845%
[Worker 28] Round 16 | Loss: 0.0711977 | Train Acc: 98.5357%
[Worker 19] Round 16 | Loss: 0.116375 | Train Acc: 97.3643%
[Worker 24] Round 16 | Loss: 0.021149 | Train Acc: 99.6899%
[Worker 23] Round 16 | Loss: 0.0197059 | Train Acc: 99.8622%
[Worker 17] Round 16 | Loss: 0.0252334 | Train Acc: 99.8794%
[Worker 18] Round 16 | Loss: 0.0288408 | Train Acc: 99.6727%
[Worker 16] Round 16 | Loss: 0.0618141 | Train Acc: 98.8631%
[Worker 20] Round 16 | Loss: 0.0176359 | Train Acc: 99.9139%
[Worker 22] Round 16 | Loss: 0.0360509 | Train Acc: 99.621%
[Worker 21] Round 16 | Loss: 0.0181876 | Train Acc: 99.8966%
[Worker 9] Round 16 | Loss: 0.0236162 | Train Acc: 99.6899%
[Worker 11] Round 16 | Loss: 0.0218031 | Train Acc: 99.8622%
[Worker 14] Round 16 | Loss: 0.0189004 | Train Acc: 99.9311%
[Worker 13] Round 16 | Loss: 0.053044 | Train Acc: 99.1387%
[Worker 8] Round 16 | Loss: 0.0241002 | Train Acc: 99.6727%
[Worker 12] Round 16 | Loss: 0.0219096 | Train Acc: 99.7416%
[Worker 15] Round 16 | Loss: 0.0202934 | Train Acc: 99.8105%
[Worker 31] Round 16 | Loss: 0.0202638 | Train Acc: 99.8291%
[Central Round] 16 [Global Test Accuracy]: 87.33%
[Worker 3] Round 17 | Loss: 0.0157117 | Train Acc: 99.8966%
[Worker 1] Round 17 | Loss: 0.0146728 | Train Acc: 99.9483%
[Worker 7] Round 17 | Loss: 0.0795244 | Train Acc: 98.1051%
[Worker 5] Round 17 | Loss: 0.0173766 | Train Acc: 99.7933%
[Worker 9] Round 17 | Loss: 0.0237056 | Train Acc: 99.7761%
[Worker 11] Round 17 | Loss: 0.0228329 | Train Acc: 99.7416%
[Worker 13] Round 17 | Loss: 0.0517276 | Train Acc: 99.3109%
[Worker 4] Round 17 | Loss: 0.0205776 | Train Acc: 99.8277%
[Worker 6] Round 17 | Loss: 0.0152431 | Train Acc: 99.9311%
[Worker 2] Round 17 | Loss: 0.0167825 | Train Acc: 99.9311%
[Worker 15] Round 17 | Loss: 0.0207131 | Train Acc: 99.8277%
[Worker 27] Round 17 | Loss: 0.0191025 | Train Acc: 99.8622%
[Worker 24] Round 17 | Loss: 0.0212451 | Train Acc: 99.7588%
[Worker 29] Round 17 | Loss: 0.021203 | Train Acc: 99.7588%
[Worker 17] Round 17 | Loss: 0.0248599 | Train Acc: 99.8277%
[Worker 19] Round 17 | Loss: 0.114893 | Train Acc: 97.5022%
[Worker 26] Round 17 | Loss: 0.0190528 | Train Acc: 99.8622%
[Worker 21] Round 17 | Loss: 0.0182441 | Train Acc: 99.8794%
[Worker 28] Round 17 | Loss: 0.0702232 | Train Acc: 98.4496%
[Worker 25] Round 17 | Loss: 0.0504446 | Train Acc: 99.0009%
[Worker 30] Round 17 | Loss: 0.021362 | Train Acc: 99.8277%
[Worker 23] Round 17 | Loss: 0.0199737 | Train Acc: 99.845%
[Worker 22] Round 17 | Loss: 0.0360185 | Train Acc: 99.6899%
[Worker 18] Round 17 | Loss: 0.028689 | Train Acc: 99.6899%
[Worker 20] Round 17 | Loss: 0.0174911 | Train Acc: 99.9139%
[Worker 16] Round 17 | Loss: 0.0609684 | Train Acc: 98.8803%
[Worker 31] Round 17 | Loss: 0.0199599 | Train Acc: 99.7949%
[Worker 8] Round 17 | Loss: 0.0239273 | Train Acc: 99.6555%
[Worker 10] Round 17 | Loss: 0.105924 | Train Acc: 96.882%
[Worker 14] Round 17 | Loss: 0.01956 | Train Acc: 99.8277%
[Worker 12] Round 17 | Loss: 0.0218441 | Train Acc: 99.7933%
[Central Round] 17 [Global Test Accuracy]: 87.52%
[Worker 6] Round 18 | Loss: 0.0149599 | Train Acc: 99.9483%
[Worker 2] Round 18 | Loss: 0.0167384 | Train Acc: 99.7933%
[Worker 4] Round 18 | Loss: 0.0208513 | Train Acc: 99.8105%
[Worker 16] Round 18 | Loss: 0.0606519 | Train Acc: 98.7941%
[Worker 22] Round 18 | Loss: 0.0353567 | Train Acc: 99.6382%
[Worker 20] Round 18 | Loss: 0.017482 | Train Acc: 99.8794%
[Worker 18] Round 18 | Loss: 0.0273832 | Train Acc: 99.7588%
[Worker 10] Round 18 | Loss: 0.105595 | Train Acc: 97.0026%
[Worker 5] Round 18 | Loss: 0.0173502 | Train Acc: 99.7761%
[Worker 1] Round 18 | Loss: 0.0146947 | Train Acc: 99.9311%
[Worker 7] Round 18 | Loss: 0.0792821 | Train Acc: 98.0362%
[Worker 3] Round 18 | Loss: 0.0148746 | Train Acc: 99.9311%
[Worker 8] Round 18 | Loss: 0.0239754 | Train Acc: 99.7761%
[Worker 14] Round 18 | Loss: 0.0189482 | Train Acc: 99.8277%
[Worker 12] Round 18 | Loss: 0.0208738 | Train Acc: 99.7933%
[Worker 9] Round 18 | Loss: 0.0229581 | Train Acc: 99.8105%
[Worker 11] Round 18 | Loss: 0.0229129 | Train Acc: 99.7244%
[Worker 13] Round 18 | Loss: 0.0512591 | Train Acc: 99.1731%
[Worker 23] Round 18 | Loss: 0.0195281 | Train Acc: 99.8794%
[Worker 15] Round 18 | Loss: 0.0206022 | Train Acc: 99.7933%
[Worker 19] Round 18 | Loss: 0.114504 | Train Acc: 97.4849%
[Worker 17] Round 18 | Loss: 0.0247968 | Train Acc: 99.8277%
[Worker 27] Round 18 | Loss: 0.018607 | Train Acc: 99.845%
[Worker 21] Round 18 | Loss: 0.0175952 | Train Acc: 99.9655%
[Worker 25] Round 18 | Loss: 0.0499665 | Train Acc: 99.1042%
[Worker 24] Round 18 | Loss: 0.0210302 | Train Acc: 99.845%
[Worker 29] Round 18 | Loss: 0.0218223 | Train Acc: 99.7416%
[Worker 26] Round 18 | Loss: 0.0192873 | Train Acc: 99.8966%
[Worker 28] Round 18 | Loss: 0.0691231 | Train Acc: 98.5185%
[Worker 30] Round 18 | Loss: 0.0214103 | Train Acc: 99.7416%
[Worker 31] Round 18 | Loss: 0.0202236 | Train Acc: 99.8462%
[Central Round] 18 [Global Test Accuracy]: 87.71%
[Worker 1] Round 19 | Loss: 0.0150798 | Train Acc: 99.8622%
[Worker 6] Round 19 | Loss: 0.0151329 | Train Acc: 99.8794%
[Worker 7] Round 19 | Loss: 0.0795911 | Train Acc: 98.1051%
[Worker 3] Round 19 | Loss: 0.0152236 | Train Acc: 99.8794%
[Worker 5] Round 19 | Loss: 0.0175773 | Train Acc: 99.7761%
[Worker 4] Round 19 | Loss: 0.0202722 | Train Acc: 99.8794%
[Worker 2] Round 19 | Loss: 0.0160292 | Train Acc: 99.9139%
[Worker 10] Round 19 | Loss: 0.104801 | Train Acc: 97.1404%
[Worker 11] Round 19 | Loss: 0.0229755 | Train Acc: 99.6382%
[Worker 25] Round 19 | Loss: 0.049717 | Train Acc: 99.0525%
[Worker 27] Round 19 | Loss: 0.0196655 | Train Acc: 99.7588%
[Worker 24] Round 19 | Loss: 0.0211002 | Train Acc: 99.7761%
[Worker 26] Round 19 | Loss: 0.0191367 | Train Acc: 99.8794%
[Worker 28] Round 19 | Loss: 0.06789 | Train Acc: 98.5013%
[Worker 30] Round 19 | Loss: 0.0212074 | Train Acc: 99.7933%
[Worker 29] Round 19 | Loss: 0.0225672 | Train Acc: 99.7071%
[Worker 19] Round 19 | Loss: 0.11417 | Train Acc: 97.3471%
[Worker 21] Round 19 | Loss: 0.0175055 | Train Acc: 99.9139%
[Worker 16] Round 19 | Loss: 0.0600051 | Train Acc: 98.7252%
[Worker 22] Round 19 | Loss: 0.0353989 | Train Acc: 99.6382%
[Worker 20] Round 19 | Loss: 0.0169454 | Train Acc: 99.9311%
[Worker 18] Round 19 | Loss: 0.0269328 | Train Acc: 99.7933%
[Worker 17] Round 19 | Loss: 0.0245539 | Train Acc: 99.8966%
[Worker 23] Round 19 | Loss: 0.0195018 | Train Acc: 99.845%
[Worker 9] Round 19 | Loss: 0.0230309 | Train Acc: 99.7416%
[Worker 14] Round 19 | Loss: 0.0197083 | Train Acc: 99.7761%
[Worker 8] Round 19 | Loss: 0.023548 | Train Acc: 99.7244%
[Worker 13] Round 19 | Loss: 0.0503274 | Train Acc: 99.2076%
[Worker 12] Round 19 | Loss: 0.0211581 | Train Acc: 99.845%
[Worker 15] Round 19 | Loss: 0.0206734 | Train Acc: 99.7244%
[Worker 31] Round 19 | Loss: 0.0200811 | Train Acc: 99.8803%
[Central Round] 19 [Global Test Accuracy]: 87.85%
[Worker 6] Round 20 | Loss: 0.0150467 | Train Acc: 99.9311%
[Worker 1] Round 20 | Loss: 0.0143674 | Train Acc: 99.8966%
[Worker 4] Round 20 | Loss: 0.0203894 | Train Acc: 99.8622%
[Worker 7] Round 20 | Loss: 0.0774062 | Train Acc: 98.2429%
[Worker 5] Round 20 | Loss: 0.0180616 | Train Acc: 99.7933%
[Worker 3] Round 20 | Loss: 0.0147738 | Train Acc: 99.9311%
[Worker 2] Round 20 | Loss: 0.0168004 | Train Acc: 99.9139%
[Worker 10] Round 20 | Loss: 0.103517 | Train Acc: 97.1059%
[Worker 9] Round 20 | Loss: 0.0230903 | Train Acc: 99.7933%
[Worker 11] Round 20 | Loss: 0.0228612 | Train Acc: 99.7933%
[Worker 25] Round 20 | Loss: 0.0488673 | Train Acc: 99.1559%
[Worker 27] Round 20 | Loss: 0.0193858 | Train Acc: 99.7761%
[Worker 29] Round 20 | Loss: 0.0218019 | Train Acc: 99.7416%
[Worker 24] Round 20 | Loss: 0.0215607 | Train Acc: 99.7761%
[Worker 26] Round 20 | Loss: 0.0192825 | Train Acc: 99.845%
[Worker 30] Round 20 | Loss: 0.0218809 | Train Acc: 99.7588%
[Worker 28] Round 20 | Loss: 0.0676781 | Train Acc: 98.5185%
[Worker 18] Round 20 | Loss: 0.0272445 | Train Acc: 99.7416%
[Worker 17] Round 20 | Loss: 0.0248775 | Train Acc: 99.7933%
[Worker 19] Round 20 | Loss: 0.112143 | Train Acc: 97.5022%
[Worker 23] Round 20 | Loss: 0.0190762 | Train Acc: 99.8622%
[Worker 21] Round 20 | Loss: 0.0172176 | Train Acc: 99.9311%
[Worker 22] Round 20 | Loss: 0.0347952 | Train Acc: 99.6038%
[Worker 16] Round 20 | Loss: 0.0597368 | Train Acc: 98.8286%
[Worker 20] Round 20 | Loss: 0.0170404 | Train Acc: 99.9483%
[Worker 8] Round 20 | Loss: 0.0242559 | Train Acc: 99.6038%
[Worker 13] Round 20 | Loss: 0.0503439 | Train Acc: 99.2248%
[Worker 14] Round 20 | Loss: 0.0192422 | Train Acc: 99.8622%
[Worker 12] Round 20 | Loss: 0.0205471 | Train Acc: 99.845%
[Worker 15] Round 20 | Loss: 0.021232 | Train Acc: 99.7244%
[Worker 31] Round 20 | Loss: 0.0205663 | Train Acc: 99.7436%
[Central Round] 20 [Global Test Accuracy]: 88.01%
[Worker 6] Round 21 | Loss: 0.0148437 | Train Acc: 99.8966%
[Worker 1] Round 21 | Loss: 0.0146815 | Train Acc: 99.8966%
[Worker 2] Round 21 | Loss: 0.015942 | Train Acc: 99.8966%
[Worker 4] Round 21 | Loss: 0.0199314 | Train Acc: 99.8794%
[Worker 7] Round 21 | Loss: 0.0784512 | Train Acc: 97.9673%
[Worker 5] Round 21 | Loss: 0.018396 | Train Acc: 99.7071%
[Worker 3] Round 21 | Loss: 0.0146766 | Train Acc: 99.9139%
[Worker 27] Round 21 | Loss: 0.0193746 | Train Acc: 99.8277%
[Worker 10] Round 21 | Loss: 0.1038 | Train Acc: 96.9681%
[Worker 9] Round 21 | Loss: 0.0231879 | Train Acc: 99.7761%
[Worker 25] Round 21 | Loss: 0.0485796 | Train Acc: 99.1214%
[Worker 29] Round 21 | Loss: 0.0215586 | Train Acc: 99.7761%
[Worker 28] Round 21 | Loss: 0.0670908 | Train Acc: 98.6047%
[Worker 26] Round 21 | Loss: 0.019573 | Train Acc: 99.7933%
[Worker 24] Round 21 | Loss: 0.0210554 | Train Acc: 99.7933%
[Worker 30] Round 21 | Loss: 0.0217125 | Train Acc: 99.7933%
[Worker 23] Round 21 | Loss: 0.0196752 | Train Acc: 99.7588%
[Worker 22] Round 21 | Loss: 0.0341857 | Train Acc: 99.7071%
[Worker 21] Round 21 | Loss: 0.0173446 | Train Acc: 99.8966%
[Worker 19] Round 21 | Loss: 0.1115 | Train Acc: 97.5366%
[Worker 17] Round 21 | Loss: 0.0241155 | Train Acc: 99.845%
[Worker 20] Round 21 | Loss: 0.0172409 | Train Acc: 99.9311%
[Worker 16] Round 21 | Loss: 0.058402 | Train Acc: 98.8631%
[Worker 18] Round 21 | Loss: 0.0272667 | Train Acc: 99.7761%
[Worker 11] Round 21 | Loss: 0.0228466 | Train Acc: 99.7071%
[Worker 13] Round 21 | Loss: 0.0509269 | Train Acc: 99.1731%
[Worker 8] Round 21 | Loss: 0.0244076 | Train Acc: 99.6382%
[Worker 14] Round 21 | Loss: 0.0194649 | Train Acc: 99.7761%
[Worker 12] Round 21 | Loss: 0.0208223 | Train Acc: 99.7933%
[Worker 15] Round 21 | Loss: 0.0207183 | Train Acc: 99.8105%
[Worker 31] Round 21 | Loss: 0.0200371 | Train Acc: 99.8291%
[Central Round] 21 [Global Test Accuracy]: 88.13%
[Worker 6] Round 22 | Loss: 0.0145764 | Train Acc: 99.9655%
[Worker 7] Round 22 | Loss: 0.0762766 | Train Acc: 98.1568%
[Worker 3] Round 22 | Loss: 0.0143509 | Train Acc: 99.9483%
[Worker 1] Round 22 | Loss: 0.0148226 | Train Acc: 99.9139%
[Worker 2] Round 22 | Loss: 0.0168514 | Train Acc: 99.8622%
[Worker 4] Round 22 | Loss: 0.0200952 | Train Acc: 99.8622%
[Worker 5] Round 22 | Loss: 0.0172281 | Train Acc: 99.8105%
[Worker 9] Round 22 | Loss: 0.023549 | Train Acc: 99.7244%
[Worker 10] Round 22 | Loss: 0.102984 | Train Acc: 97.1232%
[Worker 27] Round 22 | Loss: 0.0193233 | Train Acc: 99.7244%
[Worker 25] Round 22 | Loss: 0.0485418 | Train Acc: 99.1214%
[Worker 29] Round 22 | Loss: 0.0222868 | Train Acc: 99.7588%
[Worker 28] Round 22 | Loss: 0.0665852 | Train Acc: 98.553%
[Worker 26] Round 22 | Loss: 0.019203 | Train Acc: 99.8622%
[Worker 24] Round 22 | Loss: 0.0214992 | Train Acc: 99.7244%
[Worker 30] Round 22 | Loss: 0.0214431 | Train Acc: 99.7761%
[Worker 19] Round 22 | Loss: 0.110743 | Train Acc: 97.5538%
[Worker 18] Round 22 | Loss: 0.0273253 | Train Acc: 99.7244%
[Worker 17] Round 22 | Loss: 0.024561 | Train Acc: 99.7761%
[Worker 23] Round 22 | Loss: 0.0191602 | Train Acc: 99.8622%
[Worker 21] Round 22 | Loss: 0.0173708 | Train Acc: 99.8966%
[Worker 16] Round 22 | Loss: 0.0581735 | Train Acc: 98.9147%
[Worker 22] Round 22 | Loss: 0.0342703 | Train Acc: 99.6382%
[Worker 20] Round 22 | Loss: 0.0170949 | Train Acc: 99.8794%
[Worker 11] Round 22 | Loss: 0.0230702 | Train Acc: 99.7244%
[Worker 14] Round 22 | Loss: 0.0198437 | Train Acc: 99.8277%
[Worker 8] Round 22 | Loss: 0.0246557 | Train Acc: 99.6038%
[Worker 13] Round 22 | Loss: 0.0499566 | Train Acc: 99.242%
[Worker 12] Round 22 | Loss: 0.0212091 | Train Acc: 99.8105%
[Worker 15] Round 22 | Loss: 0.0212876 | Train Acc: 99.7588%
[Worker 31] Round 22 | Loss: 0.0204904 | Train Acc: 99.8291%
[Central Round] 22 [Global Test Accuracy]: 88.22%
[Worker 6] Round 23 | Loss: 0.0149493 | Train Acc: 99.9139%
[Worker 1] Round 23 | Loss: 0.0146303 | Train Acc: 99.9139%
[Worker 2] Round 23 | Loss: 0.0162298 | Train Acc: 99.8277%
[Worker 4] Round 23 | Loss: 0.0195981 | Train Acc: 99.8277%
[Worker 7] Round 23 | Loss: 0.0758366 | Train Acc: 98.2601%
[Worker 5] Round 23 | Loss: 0.0178941 | Train Acc: 99.7416%
[Worker 3] Round 23 | Loss: 0.0144147 | Train Acc: 99.9139%
[Worker 27] Round 23 | Loss: 0.0190339 | Train Acc: 99.8105%
[Worker 25] Round 23 | Loss: 0.0487731 | Train Acc: 99.087%
[Worker 29] Round 23 | Loss: 0.0214607 | Train Acc: 99.7416%
[Worker 26] Round 23 | Loss: 0.0195061 | Train Acc: 99.8277%
[Worker 24] Round 23 | Loss: 0.0211929 | Train Acc: 99.7761%
[Worker 28] Round 23 | Loss: 0.0669899 | Train Acc: 98.3807%
[Worker 30] Round 23 | Loss: 0.0212638 | Train Acc: 99.7416%
[Worker 21] Round 23 | Loss: 0.0171766 | Train Acc: 99.8794%
[Worker 19] Round 23 | Loss: 0.111482 | Train Acc: 97.5538%
[Worker 17] Round 23 | Loss: 0.0247184 | Train Acc: 99.845%
[Worker 23] Round 23 | Loss: 0.0195407 | Train Acc: 99.8277%
[Worker 22] Round 23 | Loss: 0.0335264 | Train Acc: 99.6555%
[Worker 20] Round 23 | Loss: 0.0168278 | Train Acc: 99.9139%
[Worker 18] Round 23 | Loss: 0.0270912 | Train Acc: 99.7071%
[Worker 16] Round 23 | Loss: 0.057168 | Train Acc: 98.8631%
[Worker 9] Round 23 | Loss: 0.0231191 | Train Acc: 99.7588%
[Worker 10] Round 23 | Loss: 0.102242 | Train Acc: 97.037%
[Worker 11] Round 23 | Loss: 0.0234779 | Train Acc: 99.6555%
[Worker 8] Round 23 | Loss: 0.0249119 | Train Acc: 99.621%
[Worker 31] Round 23 | Loss: 0.0207413 | Train Acc: 99.7436%
[Worker 13] Round 23 | Loss: 0.0502414 | Train Acc: 99.1559%
[Worker 14] Round 23 | Loss: 0.0189931 | Train Acc: 99.845%
[Worker 15] Round 23 | Loss: 0.021354 | Train Acc: 99.7588%
[Worker 12] Round 23 | Loss: 0.020484 | Train Acc: 99.7416%
[Central Round] 23 [Global Test Accuracy]: 88.31%
[Worker 6] Round 24 | Loss: 0.0148574 | Train Acc: 99.9311%
[Worker 2] Round 24 | Loss: 0.0163306 | Train Acc: 99.8966%
[Worker 4] Round 24 | Loss: 0.0201745 | Train Acc: 99.7761%
[Worker 1] Round 24 | Loss: 0.0151362 | Train Acc: 99.8794%
[Worker 3] Round 24 | Loss: 0.0151229 | Train Acc: 99.8622%
[Worker 7] Round 24 | Loss: 0.0766665 | Train Acc: 98.1912%
[Worker 5] Round 24 | Loss: 0.0174965 | Train Acc: 99.7761%
[Worker 10] Round 24 | Loss: 0.103728 | Train Acc: 97.0026%
[Worker 25] Round 24 | Loss: 0.0473561 | Train Acc: 99.087%
[Worker 29] Round 24 | Loss: 0.0216831 | Train Acc: 99.7933%
[Worker 27] Round 24 | Loss: 0.0192553 | Train Acc: 99.8277%
[Worker 24] Round 24 | Loss: 0.0214082 | Train Acc: 99.7244%
[Worker 26] Round 24 | Loss: 0.0194998 | Train Acc: 99.8105%
[Worker 28] Round 24 | Loss: 0.0666808 | Train Acc: 98.6047%
[Worker 30] Round 24 | Loss: 0.0213357 | Train Acc: 99.7244%
[Worker 9] Round 24 | Loss: 0.0238278 | Train Acc: 99.6555%
[Worker 11] Round 24 | Loss: 0.0234266 | Train Acc: 99.6038%
[Worker 23] Round 24 | Loss: 0.0194492 | Train Acc: 99.7588%
[Worker 17] Round 24 | Loss: 0.02424 | Train Acc: 99.7933%
[Worker 22] Round 24 | Loss: 0.0335953 | Train Acc: 99.6555%
[Worker 21] Round 24 | Loss: 0.0175653 | Train Acc: 99.9139%
[Worker 16] Round 24 | Loss: 0.0575138 | Train Acc: 98.7941%
[Worker 20] Round 24 | Loss: 0.0169604 | Train Acc: 99.8794%
[Worker 19] Round 24 | Loss: 0.110354 | Train Acc: 97.5022%
[Worker 18] Round 24 | Loss: 0.0268509 | Train Acc: 99.6727%
[Worker 8] Round 24 | Loss: 0.0243152 | Train Acc: 99.6899%
[Worker 14] Round 24 | Loss: 0.0190177 | Train Acc: 99.8277%
[Worker 13] Round 24 | Loss: 0.0492678 | Train Acc: 99.2076%
[Worker 12] Round 24 | Loss: 0.0212288 | Train Acc: 99.7416%
[Worker 15] Round 24 | Loss: 0.0209512 | Train Acc: 99.7416%
[Worker 31] Round 24 | Loss: 0.0211932 | Train Acc: 99.7949%
[Central Round] 24 [Global Test Accuracy]: 88.36%
[Worker 6] Round 25 | Loss: 0.0145203 | Train Acc: 99.8966%
[Worker 7] Round 25 | Loss: 0.0753996 | Train Acc: 98.1568%
[Worker 5] Round 25 | Loss: 0.0178217 | Train Acc: 99.7416%
[Worker 4] Round 25 | Loss: 0.020108 | Train Acc: 99.8105%
[Worker 2] Round 25 | Loss: 0.0160584 | Train Acc: 99.9311%
[Worker 3] Round 25 | Loss: 0.0153048 | Train Acc: 99.8622%
[Worker 1] Round 25 | Loss: 0.0151021 | Train Acc: 99.845%
[Worker 9] Round 25 | Loss: 0.023572 | Train Acc: 99.6727%
[Worker 11] Round 25 | Loss: 0.0228988 | Train Acc: 99.6555%
[Worker 25] Round 25 | Loss: 0.0474815 | Train Acc: 99.0525%
[Worker 24] Round 25 | Loss: 0.0213709 | Train Acc: 99.7416%
[Worker 29] Round 25 | Loss: 0.0217616 | Train Acc: 99.8105%
[Worker 26] Round 25 | Loss: 0.0195291 | Train Acc: 99.8277%
[Worker 28] Round 25 | Loss: 0.0651468 | Train Acc: 98.708%
[Worker 27] Round 25 | Loss: 0.0195301 | Train Acc: 99.6899%
[Worker 30] Round 25 | Loss: 0.0210819 | Train Acc: 99.7071%
[Worker 22] Round 25 | Loss: 0.033663 | Train Acc: 99.5521%
[Worker 18] Round 25 | Loss: 0.0274677 | Train Acc: 99.7416%
[Worker 14] Round 25 | Loss: 0.0194667 | Train Acc: 99.7071%
[Worker 8] Round 25 | Loss: 0.0246039 | Train Acc: 99.5521%
[Worker 13] Round 25 | Loss: 0.0493781 | Train Acc: 99.2248%
[Worker 19] Round 25 | Loss: 0.111173 | Train Acc: 97.3299%
[Worker 23] Round 25 | Loss: 0.0195694 | Train Acc: 99.7588%
[Worker 17] Round 25 | Loss: 0.0241727 | Train Acc: 99.7761%
[Worker 20] Round 25 | Loss: 0.016823 | Train Acc: 99.8622%
[Worker 21] Round 25 | Loss: 0.0175172 | Train Acc: 99.9139%
[Worker 16] Round 25 | Loss: 0.056964 | Train Acc: 98.932%
[Worker 10] Round 25 | Loss: 0.101549 | Train Acc: 97.0887%
[Worker 12] Round 25 | Loss: 0.0208311 | Train Acc: 99.7933%
[Worker 15] Round 25 | Loss: 0.0210251 | Train Acc: 99.7416%
[Worker 31] Round 25 | Loss: 0.0204021 | Train Acc: 99.7949%
[Central Round] 25 [Global Test Accuracy]: 88.46%
[Worker 6] Round 26 | Loss: 0.0150407 | Train Acc: 99.8794%
[Worker 7] Round 26 | Loss: 0.0761836 | Train Acc: 98.174%
[Worker 5] Round 26 | Loss: 0.0175258 | Train Acc: 99.7071%
[Worker 3] Round 26 | Loss: 0.0145462 | Train Acc: 99.9483%
[Worker 1] Round 26 | Loss: 0.0150049 | Train Acc: 99.845%
[Worker 4] Round 26 | Loss: 0.0200926 | Train Acc: 99.8105%
[Worker 2] Round 26 | Loss: 0.0174991 | Train Acc: 99.8277%
[Worker 9] Round 26 | Loss: 0.023514 | Train Acc: 99.6899%
[Worker 25] Round 26 | Loss: 0.0465172 | Train Acc: 99.087%
[Worker 10] Round 26 | Loss: 0.101899 | Train Acc: 97.1232%
[Worker 24] Round 26 | Loss: 0.0211286 | Train Acc: 99.7761%
[Worker 27] Round 26 | Loss: 0.0191487 | Train Acc: 99.845%
[Worker 26] Round 26 | Loss: 0.0190245 | Train Acc: 99.8277%
[Worker 28] Round 26 | Loss: 0.0655189 | Train Acc: 98.6736%
[Worker 30] Round 26 | Loss: 0.0205576 | Train Acc: 99.7761%
[Worker 29] Round 26 | Loss: 0.0226249 | Train Acc: 99.7071%
[Worker 21] Round 26 | Loss: 0.0171402 | Train Acc: 99.8622%
[Worker 17] Round 26 | Loss: 0.0237344 | Train Acc: 99.8794%
[Worker 18] Round 26 | Loss: 0.0278943 | Train Acc: 99.6899%
[Worker 20] Round 26 | Loss: 0.0169763 | Train Acc: 99.8966%
[Worker 19] Round 26 | Loss: 0.109645 | Train Acc: 97.5022%
[Worker 23] Round 26 | Loss: 0.01948 | Train Acc: 99.845%
[Worker 22] Round 26 | Loss: 0.0328528 | Train Acc: 99.7244%
[Worker 16] Round 26 | Loss: 0.0565638 | Train Acc: 98.9147%
[Worker 11] Round 26 | Loss: 0.0231952 | Train Acc: 99.7244%
[Worker 8] Round 26 | Loss: 0.0252283 | Train Acc: 99.5177%
[Worker 14] Round 26 | Loss: 0.0192514 | Train Acc: 99.7933%
[Worker 13] Round 26 | Loss: 0.0491864 | Train Acc: 99.2248%
[Worker 12] Round 26 | Loss: 0.0213647 | Train Acc: 99.7933%
[Worker 15] Round 26 | Loss: 0.0217148 | Train Acc: 99.7244%
[Worker 31] Round 26 | Loss: 0.0202063 | Train Acc: 99.7778%
[Central Round] 26 [Global Test Accuracy]: 88.47%
[Worker 6] Round 27 | Loss: 0.015029 | Train Acc: 99.8794%
[Worker 7] Round 27 | Loss: 0.0754034 | Train Acc: 98.0362%
[Worker 3] Round 27 | Loss: 0.0143484 | Train Acc: 99.8794%
[Worker 1] Round 27 | Loss: 0.0146025 | Train Acc: 99.9139%
[Worker 5] Round 27 | Loss: 0.0185721 | Train Acc: 99.6899%
[Worker 4] Round 27 | Loss: 0.01934 | Train Acc: 99.8277%
[Worker 2] Round 27 | Loss: 0.0157606 | Train Acc: 99.8966%
[Worker 9] Round 27 | Loss: 0.0230625 | Train Acc: 99.7588%
[Worker 26] Round 27 | Loss: 0.0189426 | Train Acc: 99.8966%
[Worker 25] Round 27 | Loss: 0.0465581 | Train Acc: 99.0525%
[Worker 24] Round 27 | Loss: 0.021809 | Train Acc: 99.6727%
[Worker 27] Round 27 | Loss: 0.0188844 | Train Acc: 99.7933%
[Worker 28] Round 27 | Loss: 0.0651397 | Train Acc: 98.6736%
[Worker 29] Round 27 | Loss: 0.0211219 | Train Acc: 99.7588%
[Worker 30] Round 27 | Loss: 0.0212156 | Train Acc: 99.7071%
[Worker 23] Round 27 | Loss: 0.0197243 | Train Acc: 99.7588%
[Worker 17] Round 27 | Loss: 0.0242844 | Train Acc: 99.7933%
[Worker 18] Round 27 | Loss: 0.0265571 | Train Acc: 99.7416%
[Worker 20] Round 27 | Loss: 0.0173119 | Train Acc: 99.8622%
[Worker 19] Round 27 | Loss: 0.110402 | Train Acc: 97.5194%
[Worker 21] Round 27 | Loss: 0.0168703 | Train Acc: 99.9139%
[Worker 16] Round 27 | Loss: 0.0558362 | Train Acc: 98.9147%
[Worker 22] Round 27 | Loss: 0.0331036 | Train Acc: 99.621%
[Worker 10] Round 27 | Loss: 0.10092 | Train Acc: 97.1749%
[Worker 11] Round 27 | Loss: 0.0241205 | Train Acc: 99.6382%
[Worker 8] Round 27 | Loss: 0.025439 | Train Acc: 99.6555%
[Worker 13] Round 27 | Loss: 0.0484325 | Train Acc: 99.242%
[Worker 14] Round 27 | Loss: 0.0196597 | Train Acc: 99.8105%
[Worker 12] Round 27 | Loss: 0.0219669 | Train Acc: 99.7244%
[Worker 15] Round 27 | Loss: 0.0214403 | Train Acc: 99.7244%
[Worker 31] Round 27 | Loss: 0.0200509 | Train Acc: 99.8633%
[Central Round] 27 [Global Test Accuracy]: 88.47%
[Worker 6] Round 28 | Loss: 0.0150027 | Train Acc: 99.9311%
[Worker 1] Round 28 | Loss: 0.015103 | Train Acc: 99.845%
[Worker 7] Round 28 | Loss: 0.0746808 | Train Acc: 98.1912%
[Worker 3] Round 28 | Loss: 0.0142556 | Train Acc: 99.9139%
[Worker 4] Round 28 | Loss: 0.0194619 | Train Acc: 99.845%
[Worker 2] Round 28 | Loss: 0.0159941 | Train Acc: 99.8966%
[Worker 5] Round 28 | Loss: 0.0176793 | Train Acc: 99.7588%
[Worker 10] Round 28 | Loss: 0.100011 | Train Acc: 97.3299%
[Worker 9] Round 28 | Loss: 0.0236966 | Train Acc: 99.5866%
[Worker 11] Round 28 | Loss: 0.0235282 | Train Acc: 99.6899%
[Worker 29] Round 28 | Loss: 0.022184 | Train Acc: 99.6382%
[Worker 25] Round 28 | Loss: 0.0467017 | Train Acc: 99.1042%
[Worker 27] Round 28 | Loss: 0.0192745 | Train Acc: 99.7761%
[Worker 26] Round 28 | Loss: 0.0188848 | Train Acc: 99.7933%
[Worker 24] Round 28 | Loss: 0.0214456 | Train Acc: 99.7416%
[Worker 19] Round 28 | Loss: 0.108354 | Train Acc: 97.5366%
[Worker 23] Round 28 | Loss: 0.0190954 | Train Acc: 99.8105%
[Worker 17] Round 28 | Loss: 0.0239962 | Train Acc: 99.7071%
[Worker 21] Round 28 | Loss: 0.0169541 | Train Acc: 99.9139%
[Worker 16] Round 28 | Loss: 0.0547564 | Train Acc: 98.9836%
[Worker 22] Round 28 | Loss: 0.0326545 | Train Acc: 99.6555%
[Worker 18] Round 28 | Loss: 0.0267907 | Train Acc: 99.6899%
[Worker 20] Round 28 | Loss: 0.0175072 | Train Acc: 99.7761%
[Worker 8] Round 28 | Loss: 0.0248123 | Train Acc: 99.6382%
[Worker 13] Round 28 | Loss: 0.0485602 | Train Acc: 99.2937%
[Worker 14] Round 28 | Loss: 0.0195208 | Train Acc: 99.7933%
[Worker 12] Round 28 | Loss: 0.0213516 | Train Acc: 99.7933%
[Worker 15] Round 28 | Loss: 0.0216227 | Train Acc: 99.5866%
[Worker 30] Round 28 | Loss: 0.0216851 | Train Acc: 99.7933%
[Worker 28] Round 28 | Loss: 0.0650102 | Train Acc: 98.553%
[Worker 31] Round 28 | Loss: 0.0199289 | Train Acc: 99.8291%
[Central Round] 28 [Global Test Accuracy]: 88.61%
[Worker 1] Round 29 | Loss: 0.0141929 | Train Acc: 99.8794%
[Worker 7] Round 29 | Loss: 0.0739121 | Train Acc: 98.2601%
[Worker 3] Round 29 | Loss: 0.0145729 | Train Acc: 99.8794%
[Worker 5] Round 29 | Loss: 0.0181823 | Train Acc: 99.6727%
[Worker 9] Round 29 | Loss: 0.0243739 | Train Acc: 99.5866%
[Worker 11] Round 29 | Loss: 0.0233766 | Train Acc: 99.6555%
[Worker 13] Round 29 | Loss: 0.0480101 | Train Acc: 99.2248%
[Worker 6] Round 29 | Loss: 0.0144736 | Train Acc: 99.9139%
[Worker 4] Round 29 | Loss: 0.019905 | Train Acc: 99.7588%
[Worker 2] Round 29 | Loss: 0.0163996 | Train Acc: 99.8966%
[Worker 15] Round 29 | Loss: 0.0216847 | Train Acc: 99.7244%
[Worker 26] Round 29 | Loss: 0.0199291 | Train Acc: 99.7588%
[Worker 19] Round 29 | Loss: 0.108337 | Train Acc: 97.6055%
[Worker 24] Round 29 | Loss: 0.0215464 | Train Acc: 99.7416%
[Worker 23] Round 29 | Loss: 0.0196024 | Train Acc: 99.7933%
[Worker 17] Round 29 | Loss: 0.0241401 | Train Acc: 99.7933%
[Worker 21] Round 29 | Loss: 0.0168745 | Train Acc: 99.9483%
[Worker 25] Round 29 | Loss: 0.046135 | Train Acc: 99.1042%
[Worker 27] Round 29 | Loss: 0.0192141 | Train Acc: 99.7416%
[Worker 29] Round 29 | Loss: 0.0216899 | Train Acc: 99.6899%
[Worker 30] Round 29 | Loss: 0.0211423 | Train Acc: 99.7933%
[Worker 28] Round 29 | Loss: 0.0646688 | Train Acc: 98.5702%
[Worker 22] Round 29 | Loss: 0.032269 | Train Acc: 99.6727%
[Worker 18] Round 29 | Loss: 0.0266024 | Train Acc: 99.7761%
[Worker 16] Round 29 | Loss: 0.0547472 | Train Acc: 98.9836%
[Worker 20] Round 29 | Loss: 0.0167291 | Train Acc: 99.8966%
[Worker 31] Round 29 | Loss: 0.0197644 | Train Acc: 99.8291%
[Worker 8] Round 29 | Loss: 0.0238919 | Train Acc: 99.6382%
[Worker 10] Round 29 | Loss: 0.10062 | Train Acc: 96.9854%
[Worker 14] Round 29 | Loss: 0.0199214 | Train Acc: 99.7588%
[Worker 12] Round 29 | Loss: 0.0214647 | Train Acc: 99.7244%
[Central Round] 29 [Global Test Accuracy]: 88.64%
[Worker 6] Round 30 | Loss: 0.0155516 | Train Acc: 99.8622%
[Worker 2] Round 30 | Loss: 0.0162388 | Train Acc: 99.8622%
[Worker 4] Round 30 | Loss: 0.0198858 | Train Acc: 99.7588%
[Worker 18] Round 30 | Loss: 0.025788 | Train Acc: 99.8277%
[Worker 16] Round 30 | Loss: 0.0551781 | Train Acc: 99.0353%
[Worker 10] Round 30 | Loss: 0.099517 | Train Acc: 97.1921%
[Worker 3] Round 30 | Loss: 0.0142736 | Train Acc: 99.8966%
[Worker 7] Round 30 | Loss: 0.0748661 | Train Acc: 98.1395%
[Worker 1] Round 30 | Loss: 0.0152517 | Train Acc: 99.7588%
[Worker 5] Round 30 | Loss: 0.0184405 | Train Acc: 99.7244%
[Worker 22] Round 30 | Loss: 0.032199 | Train Acc: 99.6899%
[Worker 20] Round 30 | Loss: 0.017344 | Train Acc: 99.8622%
[Worker 14] Round 30 | Loss: 0.0193131 | Train Acc: 99.8105%
[Worker 8] Round 30 | Loss: 0.0253303 | Train Acc: 99.6382%
[Worker 12] Round 30 | Loss: 0.0209275 | Train Acc: 99.8277%
[Worker 9] Round 30 | Loss: 0.0236213 | Train Acc: 99.7416%
[Worker 11] Round 30 | Loss: 0.0237528 | Train Acc: 99.6727%
[Worker 13] Round 30 | Loss: 0.047161 | Train Acc: 99.2937%
[Worker 17] Round 30 | Loss: 0.0241007 | Train Acc: 99.7588%
[Worker 19] Round 30 | Loss: 0.107347 | Train Acc: 97.4677%
[Worker 23] Round 30 | Loss: 0.0198474 | Train Acc: 99.7933%
[Worker 15] Round 30 | Loss: 0.0212229 | Train Acc: 99.7761%
[Worker 25] Round 30 | Loss: 0.045344 | Train Acc: 99.1387%
[Worker 27] Round 30 | Loss: 0.0201404 | Train Acc: 99.6727%
[Worker 21] Round 30 | Loss: 0.0171374 | Train Acc: 99.9139%
[Worker 29] Round 30 | Loss: 0.0221771 | Train Acc: 99.6727%
[Worker 26] Round 30 | Loss: 0.0195038 | Train Acc: 99.7071%
[Worker 24] Round 30 | Loss: 0.0210848 | Train Acc: 99.7416%
[Worker 28] Round 30 | Loss: 0.0656628 | Train Acc: 98.5013%
[Worker 30] Round 30 | Loss: 0.0207621 | Train Acc: 99.8105%
[Worker 31] Round 30 | Loss: 0.0206559 | Train Acc: 99.812%
[Central Round] 30 [Global Test Accuracy]: 88.68%
[Worker 6] Round 31 | Loss: 0.0153606 | Train Acc: 99.8622%
[Worker 4] Round 31 | Loss: 0.0195823 | Train Acc: 99.7933%
[Worker 7] Round 31 | Loss: 0.0733996 | Train Acc: 98.329%
[Worker 2] Round 31 | Loss: 0.0154682 | Train Acc: 99.9139%
[Worker 3] Round 31 | Loss: 0.0142127 | Train Acc: 99.9311%
[Worker 5] Round 31 | Loss: 0.0184717 | Train Acc: 99.6727%
[Worker 1] Round 31 | Loss: 0.0151216 | Train Acc: 99.845%
[Worker 9] Round 31 | Loss: 0.0238869 | Train Acc: 99.5866%
[Worker 25] Round 31 | Loss: 0.0460894 | Train Acc: 99.0525%
[Worker 24] Round 31 | Loss: 0.0215329 | Train Acc: 99.7244%
[Worker 27] Round 31 | Loss: 0.018869 | Train Acc: 99.8277%
[Worker 29] Round 31 | Loss: 0.0215913 | Train Acc: 99.7071%
[Worker 28] Round 31 | Loss: 0.0639965 | Train Acc: 98.5702%
[Worker 26] Round 31 | Loss: 0.0193823 | Train Acc: 99.8105%
[Worker 30] Round 31 | Loss: 0.0213143 | Train Acc: 99.7416%
[Worker 19] Round 31 | Loss: 0.107511 | Train Acc: 97.6055%
[Worker 22] Round 31 | Loss: 0.0323278 | Train Acc: 99.6555%
[Worker 18] Round 31 | Loss: 0.0265856 | Train Acc: 99.7933%
[Worker 17] Round 31 | Loss: 0.0232829 | Train Acc: 99.8622%
[Worker 23] Round 31 | Loss: 0.018672 | Train Acc: 99.8277%
[Worker 20] Round 31 | Loss: 0.0168205 | Train Acc: 99.9311%
[Worker 16] Round 31 | Loss: 0.0545416 | Train Acc: 99.0009%
[Worker 21] Round 31 | Loss: 0.0175787 | Train Acc: 99.8622%
[Worker 10] Round 31 | Loss: 0.0987265 | Train Acc: 97.2093%
[Worker 11] Round 31 | Loss: 0.0227411 | Train Acc: 99.6727%
[Worker 8] Round 31 | Loss: 0.0254533 | Train Acc: 99.6038%
[Worker 13] Round 31 | Loss: 0.0473769 | Train Acc: 99.1904%
[Worker 14] Round 31 | Loss: 0.0197552 | Train Acc: 99.7761%
[Worker 12] Round 31 | Loss: 0.0207849 | Train Acc: 99.6899%
[Worker 15] Round 31 | Loss: 0.0214881 | Train Acc: 99.7416%
[Worker 31] Round 31 | Loss: 0.0198627 | Train Acc: 99.7949%
[Central Round] 31 [Global Test Accuracy]: 88.72%
[Worker 6] Round 32 | Loss: 0.0144809 | Train Acc: 99.8966%
[Worker 1] Round 32 | Loss: 0.0146184 | Train Acc: 99.8622%
[Worker 4] Round 32 | Loss: 0.0194875 | Train Acc: 99.7761%
[Worker 7] Round 32 | Loss: 0.073396 | Train Acc: 98.1568%
[Worker 2] Round 32 | Loss: 0.0161155 | Train Acc: 99.845%
[Worker 3] Round 32 | Loss: 0.0138402 | Train Acc: 99.9483%
[Worker 5] Round 32 | Loss: 0.0181956 | Train Acc: 99.6899%
[Worker 11] Round 32 | Loss: 0.0246687 | Train Acc: 99.5349%
[Worker 25] Round 32 | Loss: 0.0454983 | Train Acc: 99.1214%
[Worker 27] Round 32 | Loss: 0.0195741 | Train Acc: 99.7933%
[Worker 24] Round 32 | Loss: 0.0211432 | Train Acc: 99.7933%
[Worker 26] Round 32 | Loss: 0.0196232 | Train Acc: 99.7933%
[Worker 29] Round 32 | Loss: 0.0224957 | Train Acc: 99.6555%
[Worker 28] Round 32 | Loss: 0.0638681 | Train Acc: 98.5357%
[Worker 30] Round 32 | Loss: 0.0210106 | Train Acc: 99.6382%
[Worker 22] Round 32 | Loss: 0.0322917 | Train Acc: 99.6899%
[Worker 18] Round 32 | Loss: 0.0267562 | Train Acc: 99.7416%
[Worker 17] Round 32 | Loss: 0.0238814 | Train Acc: 99.7244%
[Worker 9] Round 32 | Loss: 0.0238703 | Train Acc: 99.6038%
[Worker 14] Round 32 | Loss: 0.0197107 | Train Acc: 99.7761%
[Worker 8] Round 32 | Loss: 0.0243264 | Train Acc: 99.6555%
[Worker 13] Round 32 | Loss: 0.0472665 | Train Acc: 99.2937%
[Worker 20] Round 32 | Loss: 0.0170583 | Train Acc: 99.845%
[Worker 21] Round 32 | Loss: 0.0169859 | Train Acc: 99.9311%
[Worker 23] Round 32 | Loss: 0.0197759 | Train Acc: 99.7933%
[Worker 19] Round 32 | Loss: 0.107722 | Train Acc: 97.416%
[Worker 16] Round 32 | Loss: 0.0542985 | Train Acc: 98.9836%
[Worker 10] Round 32 | Loss: 0.0989685 | Train Acc: 97.1404%
[Worker 15] Round 32 | Loss: 0.0219633 | Train Acc: 99.7416%
[Worker 12] Round 32 | Loss: 0.0210614 | Train Acc: 99.8277%
[Worker 31] Round 32 | Loss: 0.0200266 | Train Acc: 99.8462%
[Central Round] 32 [Global Test Accuracy]: 88.84%
[Worker 6] Round 33 | Loss: 0.015144 | Train Acc: 99.8622%
[Worker 2] Round 33 | Loss: 0.0162084 | Train Acc: 99.8105%
[Worker 5] Round 33 | Loss: 0.0187752 | Train Acc: 99.6555%
[Worker 1] Round 33 | Loss: 0.0149082 | Train Acc: 99.8277%
[Worker 4] Round 33 | Loss: 0.01903 | Train Acc: 99.7761%
[Worker 7] Round 33 | Loss: 0.0729449 | Train Acc: 98.1912%
[Worker 3] Round 33 | Loss: 0.0145422 | Train Acc: 99.8966%
[Worker 9] Round 33 | Loss: 0.0235901 | Train Acc: 99.6727%
[Worker 25] Round 33 | Loss: 0.0446405 | Train Acc: 99.2248%
[Worker 27] Round 33 | Loss: 0.0193417 | Train Acc: 99.8277%
[Worker 29] Round 33 | Loss: 0.0216445 | Train Acc: 99.7761%
[Worker 24] Round 33 | Loss: 0.0204965 | Train Acc: 99.7416%
[Worker 26] Round 33 | Loss: 0.019286 | Train Acc: 99.7933%
[Worker 28] Round 33 | Loss: 0.063296 | Train Acc: 98.708%
[Worker 30] Round 33 | Loss: 0.0219869 | Train Acc: 99.6727%
[Worker 22] Round 33 | Loss: 0.0321592 | Train Acc: 99.621%
[Worker 18] Round 33 | Loss: 0.0263608 | Train Acc: 99.7588%
[Worker 17] Round 33 | Loss: 0.0235025 | Train Acc: 99.7933%
[Worker 19] Round 33 | Loss: 0.106244 | Train Acc: 97.5883%
[Worker 21] Round 33 | Loss: 0.0169772 | Train Acc: 99.9311%
[Worker 23] Round 33 | Loss: 0.0192728 | Train Acc: 99.8105%
[Worker 20] Round 33 | Loss: 0.0168694 | Train Acc: 99.9311%
[Worker 16] Round 33 | Loss: 0.0539264 | Train Acc: 98.9664%
[Worker 10] Round 33 | Loss: 0.0988755 | Train Acc: 97.2093%
[Worker 11] Round 33 | Loss: 0.0234008 | Train Acc: 99.7071%
[Worker 13] Round 33 | Loss: 0.0467593 | Train Acc: 99.1731%
[Worker 14] Round 33 | Loss: 0.0198144 | Train Acc: 99.7416%
[Worker 8] Round 33 | Loss: 0.0252997 | Train Acc: 99.6038%
[Worker 12] Round 33 | Loss: 0.0217412 | Train Acc: 99.7416%
[Worker 15] Round 33 | Loss: 0.0216671 | Train Acc: 99.7071%
[Worker 31] Round 33 | Loss: 0.0202804 | Train Acc: 99.7436%
[Central Round] 33 [Global Test Accuracy]: 88.88%
[Worker 6] Round 34 | Loss: 0.0148031 | Train Acc: 99.8794%
[Worker 4] Round 34 | Loss: 0.0195795 | Train Acc: 99.8277%
[Worker 2] Round 34 | Loss: 0.0159132 | Train Acc: 99.9139%
[Worker 7] Round 34 | Loss: 0.0730258 | Train Acc: 98.2601%
[Worker 1] Round 34 | Loss: 0.0142245 | Train Acc: 99.8105%
[Worker 3] Round 34 | Loss: 0.0145771 | Train Acc: 99.845%
[Worker 27] Round 34 | Loss: 0.0188202 | Train Acc: 99.7933%
[Worker 25] Round 34 | Loss: 0.044688 | Train Acc: 99.1214%
[Worker 29] Round 34 | Loss: 0.0221878 | Train Acc: 99.6899%
[Worker 24] Round 34 | Loss: 0.0214322 | Train Acc: 99.7244%
[Worker 26] Round 34 | Loss: 0.0199582 | Train Acc: 99.7588%
[Worker 28] Round 34 | Loss: 0.0624953 | Train Acc: 98.6908%
[Worker 30] Round 34 | Loss: 0.0207166 | Train Acc: 99.7244%
[Worker 23] Round 34 | Loss: 0.0193015 | Train Acc: 99.7244%
[Worker 17] Round 34 | Loss: 0.0239165 | Train Acc: 99.8105%
[Worker 19] Round 34 | Loss: 0.107392 | Train Acc: 97.6572%
[Worker 21] Round 34 | Loss: 0.0166621 | Train Acc: 99.9139%
[Worker 16] Round 34 | Loss: 0.0537956 | Train Acc: 98.9836%
[Worker 20] Round 34 | Loss: 0.0170551 | Train Acc: 99.845%
[Worker 22] Round 34 | Loss: 0.0312056 | Train Acc: 99.6899%
[Worker 18] Round 34 | Loss: 0.026801 | Train Acc: 99.7071%
[Worker 5] Round 34 | Loss: 0.0180209 | Train Acc: 99.7244%
[Worker 10] Round 34 | Loss: 0.0985727 | Train Acc: 97.0715%
[Worker 9] Round 34 | Loss: 0.0229843 | Train Acc: 99.6899%
[Worker 11] Round 34 | Loss: 0.0237266 | Train Acc: 99.7244%
[Worker 13] Round 34 | Loss: 0.0471847 | Train Acc: 99.1904%
[Worker 14] Round 34 | Loss: 0.020252 | Train Acc: 99.7933%
[Worker 8] Round 34 | Loss: 0.0248167 | Train Acc: 99.5349%
[Worker 12] Round 34 | Loss: 0.0216368 | Train Acc: 99.7244%
[Worker 15] Round 34 | Loss: 0.021695 | Train Acc: 99.7588%
[Worker 31] Round 34 | Loss: 0.0207419 | Train Acc: 99.7949%
[Central Round] 34 [Global Test Accuracy]: 88.93%
[Worker 6] Round 35 | Loss: 0.0147295 | Train Acc: 99.8277%
[Worker 2] Round 35 | Loss: 0.0159912 | Train Acc: 99.845%
[Worker 1] Round 35 | Loss: 0.0148893 | Train Acc: 99.7761%
[Worker 3] Round 35 | Loss: 0.0141709 | Train Acc: 99.9139%
[Worker 7] Round 35 | Loss: 0.0722941 | Train Acc: 98.2084%
[Worker 4] Round 35 | Loss: 0.0196042 | Train Acc: 99.7588%
[Worker 5] Round 35 | Loss: 0.0179801 | Train Acc: 99.7244%
[Worker 10] Round 35 | Loss: 0.0984295 | Train Acc: 97.1059%
[Worker 24] Round 35 | Loss: 0.0210986 | Train Acc: 99.7071%
[Worker 26] Round 35 | Loss: 0.0193454 | Train Acc: 99.8105%
[Worker 27] Round 35 | Loss: 0.0192288 | Train Acc: 99.7933%
[Worker 25] Round 35 | Loss: 0.045262 | Train Acc: 99.1042%
[Worker 29] Round 35 | Loss: 0.0218774 | Train Acc: 99.6899%
[Worker 28] Round 35 | Loss: 0.0633514 | Train Acc: 98.4841%
[Worker 30] Round 35 | Loss: 0.0206756 | Train Acc: 99.7071%
[Worker 17] Round 35 | Loss: 0.0241378 | Train Acc: 99.8105%
[Worker 19] Round 35 | Loss: 0.105477 | Train Acc: 97.6055%
[Worker 20] Round 35 | Loss: 0.0169634 | Train Acc: 99.8105%
[Worker 22] Round 35 | Loss: 0.0319261 | Train Acc: 99.6038%
[Worker 23] Round 35 | Loss: 0.0192014 | Train Acc: 99.7588%
[Worker 18] Round 35 | Loss: 0.0255015 | Train Acc: 99.845%
[Worker 21] Round 35 | Loss: 0.0166298 | Train Acc: 99.8966%
[Worker 16] Round 35 | Loss: 0.0532139 | Train Acc: 99.0525%
[Worker 9] Round 35 | Loss: 0.0242078 | Train Acc: 99.6899%
[Worker 11] Round 35 | Loss: 0.0236116 | Train Acc: 99.6555%
[Worker 14] Round 35 | Loss: 0.0200776 | Train Acc: 99.7761%
[Worker 8] Round 35 | Loss: 0.0256207 | Train Acc: 99.5177%
[Worker 13] Round 35 | Loss: 0.0466204 | Train Acc: 99.1904%
[Worker 15] Round 35 | Loss: 0.0214164 | Train Acc: 99.7416%
[Worker 12] Round 35 | Loss: 0.0211048 | Train Acc: 99.7244%
[Worker 31] Round 35 | Loss: 0.019601 | Train Acc: 99.812%
[Central Round] 35 [Global Test Accuracy]: 88.92%
[Worker 3] Round 36 | Loss: 0.0144474 | Train Acc: 99.9139%
[Worker 7] Round 36 | Loss: 0.0724625 | Train Acc: 98.1395%
[Worker 6] Round 36 | Loss: 0.0149766 | Train Acc: 99.8966%
[Worker 1] Round 36 | Loss: 0.0144339 | Train Acc: 99.8277%
[Worker 5] Round 36 | Loss: 0.0185675 | Train Acc: 99.7244%
[Worker 4] Round 36 | Loss: 0.0192758 | Train Acc: 99.7933%
[Worker 2] Round 36 | Loss: 0.0157362 | Train Acc: 99.845%
[Worker 27] Round 36 | Loss: 0.0187472 | Train Acc: 99.8277%
[Worker 25] Round 36 | Loss: 0.0450773 | Train Acc: 99.1559%
[Worker 29] Round 36 | Loss: 0.0219293 | Train Acc: 99.7588%
[Worker 26] Round 36 | Loss: 0.0192994 | Train Acc: 99.7761%
[Worker 24] Round 36 | Loss: 0.0214429 | Train Acc: 99.6555%
[Worker 28] Round 36 | Loss: 0.0628118 | Train Acc: 98.6736%
[Worker 30] Round 36 | Loss: 0.0205355 | Train Acc: 99.7761%
[Worker 22] Round 36 | Loss: 0.0316447 | Train Acc: 99.6555%
[Worker 23] Round 36 | Loss: 0.0188005 | Train Acc: 99.7761%
[Worker 17] Round 36 | Loss: 0.0233265 | Train Acc: 99.7761%
[Worker 18] Round 36 | Loss: 0.0267815 | Train Acc: 99.7244%
[Worker 21] Round 36 | Loss: 0.0170427 | Train Acc: 99.8277%
[Worker 19] Round 36 | Loss: 0.105416 | Train Acc: 97.4505%
[Worker 20] Round 36 | Loss: 0.0171556 | Train Acc: 99.8105%
[Worker 16] Round 36 | Loss: 0.0536897 | Train Acc: 98.9836%
[Worker 9] Round 36 | Loss: 0.0244945 | Train Acc: 99.5866%
[Worker 10] Round 36 | Loss: 0.0996865 | Train Acc: 97.261%
[Worker 11] Round 36 | Loss: 0.0236906 | Train Acc: 99.6555%
[Worker 13] Round 36 | Loss: 0.0469429 | Train Acc: 99.2593%
[Worker 8] Round 36 | Loss: 0.0247527 | Train Acc: 99.5349%
[Worker 14] Round 36 | Loss: 0.0194103 | Train Acc: 99.8105%
[Worker 12] Round 36 | Loss: 0.0216417 | Train Acc: 99.7416%
[Worker 15] Round 36 | Loss: 0.0210471 | Train Acc: 99.7416%
[Worker 31] Round 36 | Loss: 0.0208345 | Train Acc: 99.6581%
[Central Round] 36 [Global Test Accuracy]: 88.95%
[Worker 6] Round 37 | Loss: 0.0150217 | Train Acc: 99.8622%
[Worker 1] Round 37 | Loss: 0.0140955 | Train Acc: 99.845%
[Worker 3] Round 37 | Loss: 0.0141942 | Train Acc: 99.8966%
[Worker 7] Round 37 | Loss: 0.0716078 | Train Acc: 98.2773%
[Worker 5] Round 37 | Loss: 0.0189929 | Train Acc: 99.6727%
[Worker 4] Round 37 | Loss: 0.0196325 | Train Acc: 99.7761%
[Worker 2] Round 37 | Loss: 0.0164406 | Train Acc: 99.7761%
[Worker 27] Round 37 | Loss: 0.0196795 | Train Acc: 99.7416%
[Worker 26] Round 37 | Loss: 0.019967 | Train Acc: 99.7416%
[Worker 25] Round 37 | Loss: 0.0449934 | Train Acc: 99.0698%
[Worker 24] Round 37 | Loss: 0.0213388 | Train Acc: 99.7416%
[Worker 29] Round 37 | Loss: 0.0225398 | Train Acc: 99.6727%
[Worker 30] Round 37 | Loss: 0.0204734 | Train Acc: 99.7933%
[Worker 28] Round 37 | Loss: 0.0625199 | Train Acc: 98.5702%
[Worker 21] Round 37 | Loss: 0.0172364 | Train Acc: 99.8794%
[Worker 19] Round 37 | Loss: 0.10423 | Train Acc: 97.4849%
[Worker 23] Round 37 | Loss: 0.0185336 | Train Acc: 99.8622%
[Worker 17] Round 37 | Loss: 0.0229607 | Train Acc: 99.8622%
[Worker 18] Round 37 | Loss: 0.0269811 | Train Acc: 99.7933%
[Worker 16] Round 37 | Loss: 0.053197 | Train Acc: 99.0698%
[Worker 20] Round 37 | Loss: 0.0166707 | Train Acc: 99.8277%
[Worker 22] Round 37 | Loss: 0.0311205 | Train Acc: 99.7244%
[Worker 11] Round 37 | Loss: 0.0243054 | Train Acc: 99.6382%
[Worker 9] Round 37 | Loss: 0.0236231 | Train Acc: 99.5693%
[Worker 10] Round 37 | Loss: 0.0971102 | Train Acc: 97.1921%
[Worker 8] Round 37 | Loss: 0.025051 | Train Acc: 99.5349%
[Worker 14] Round 37 | Loss: 0.0196233 | Train Acc: 99.6899%
[Worker 31] Round 37 | Loss: 0.0205286 | Train Acc: 99.7778%
[Worker 13] Round 37 | Loss: 0.0466691 | Train Acc: 99.1559%
[Worker 12] Round 37 | Loss: 0.0214494 | Train Acc: 99.6727%
[Worker 15] Round 37 | Loss: 0.0218628 | Train Acc: 99.7071%
[Central Round] 37 [Global Test Accuracy]: 88.99%
[Worker 6] Round 38 | Loss: 0.0151879 | Train Acc: 99.8622%
[Worker 4] Round 38 | Loss: 0.0190658 | Train Acc: 99.8277%
[Worker 7] Round 38 | Loss: 0.0725455 | Train Acc: 98.2601%
[Worker 1] Round 38 | Loss: 0.0141903 | Train Acc: 99.8105%
[Worker 3] Round 38 | Loss: 0.0138474 | Train Acc: 99.8794%
[Worker 2] Round 38 | Loss: 0.0160961 | Train Acc: 99.7933%
[Worker 5] Round 38 | Loss: 0.0185009 | Train Acc: 99.6727%
[Worker 10] Round 38 | Loss: 0.0968632 | Train Acc: 97.2954%
[Worker 9] Round 38 | Loss: 0.0247707 | Train Acc: 99.5004%
[Worker 11] Round 38 | Loss: 0.0244376 | Train Acc: 99.5349%
[Worker 25] Round 38 | Loss: 0.0441998 | Train Acc: 99.1042%
[Worker 24] Round 38 | Loss: 0.0214172 | Train Acc: 99.7416%
[Worker 28] Round 38 | Loss: 0.0623357 | Train Acc: 98.5702%
[Worker 27] Round 38 | Loss: 0.0195754 | Train Acc: 99.7071%
[Worker 26] Round 38 | Loss: 0.0192421 | Train Acc: 99.8622%
[Worker 29] Round 38 | Loss: 0.0219469 | Train Acc: 99.7761%
[Worker 30] Round 38 | Loss: 0.0210309 | Train Acc: 99.7416%
[Worker 19] Round 38 | Loss: 0.104601 | Train Acc: 97.6744%
[Worker 23] Round 38 | Loss: 0.0183159 | Train Acc: 99.8277%
[Worker 17] Round 38 | Loss: 0.0235311 | Train Acc: 99.8277%
[Worker 18] Round 38 | Loss: 0.026527 | Train Acc: 99.7761%
[Worker 21] Round 38 | Loss: 0.0172166 | Train Acc: 99.8794%
[Worker 16] Round 38 | Loss: 0.05288 | Train Acc: 99.087%
[Worker 22] Round 38 | Loss: 0.0312237 | Train Acc: 99.6382%
[Worker 20] Round 38 | Loss: 0.0169804 | Train Acc: 99.8105%
[Worker 8] Round 38 | Loss: 0.0256602 | Train Acc: 99.5693%
[Worker 14] Round 38 | Loss: 0.0197673 | Train Acc: 99.7416%
[Worker 13] Round 38 | Loss: 0.045965 | Train Acc: 99.2076%
[Worker 12] Round 38 | Loss: 0.020964 | Train Acc: 99.7244%
[Worker 15] Round 38 | Loss: 0.0217426 | Train Acc: 99.7588%
[Worker 31] Round 38 | Loss: 0.0201934 | Train Acc: 99.8462%
[Central Round] 38 [Global Test Accuracy]: 89.05%
[Worker 6] Round 39 | Loss: 0.0149282 | Train Acc: 99.8794%
[Worker 7] Round 39 | Loss: 0.0723212 | Train Acc: 98.1395%
[Worker 2] Round 39 | Loss: 0.0159284 | Train Acc: 99.8277%
[Worker 3] Round 39 | Loss: 0.0144053 | Train Acc: 99.8966%
[Worker 5] Round 39 | Loss: 0.018635 | Train Acc: 99.7071%
[Worker 4] Round 39 | Loss: 0.0193038 | Train Acc: 99.7761%
[Worker 1] Round 39 | Loss: 0.0144036 | Train Acc: 99.8277%
[Worker 28] Round 39 | Loss: 0.0633736 | Train Acc: 98.553%
[Worker 22] Round 39 | Loss: 0.0313191 | Train Acc: 99.6555%
[Worker 27] Round 39 | Loss: 0.019206 | Train Acc: 99.7761%
[Worker 25] Round 39 | Loss: 0.0439874 | Train Acc: 99.1904%
[Worker 18] Round 39 | Loss: 0.0267073 | Train Acc: 99.7588%
[Worker 20] Round 39 | Loss: 0.0173491 | Train Acc: 99.7761%
[Worker 16] Round 39 | Loss: 0.0523415 | Train Acc: 99.0181%
[Worker 19] Round 39 | Loss: 0.102921 | Train Acc: 97.5194%
[Worker 17] Round 39 | Loss: 0.023542 | Train Acc: 99.7071%
[Worker 26] Round 39 | Loss: 0.0196232 | Train Acc: 99.8277%
[Worker 24] Round 39 | Loss: 0.0213229 | Train Acc: 99.7416%
[Worker 21] Round 39 | Loss: 0.0167377 | Train Acc: 99.9139%
[Worker 29] Round 39 | Loss: 0.0219054 | Train Acc: 99.621%
[Worker 30] Round 39 | Loss: 0.0216865 | Train Acc: 99.6555%
[Worker 10] Round 39 | Loss: 0.097182 | Train Acc: 97.1404%
[Worker 11] Round 39 | Loss: 0.0248344 | Train Acc: 99.6382%
[Worker 9] Round 39 | Loss: 0.0239416 | Train Acc: 99.6555%
[Worker 13] Round 39 | Loss: 0.0457121 | Train Acc: 99.1904%
[Worker 8] Round 39 | Loss: 0.0250528 | Train Acc: 99.5177%
[Worker 14] Round 39 | Loss: 0.0195521 | Train Acc: 99.7416%
[Worker 12] Round 39 | Loss: 0.0214338 | Train Acc: 99.6727%
[Worker 15] Round 39 | Loss: 0.0211475 | Train Acc: 99.7761%
[Worker 31] Round 39 | Loss: 0.0202683 | Train Acc: 99.7436%
[Worker 23] Round 39 | Loss: 0.0181635 | Train Acc: 99.845%
[Central Round] 39 [Global Test Accuracy]: 89.09%
[Worker 6] Round 40 | Loss: 0.0146354 | Train Acc: 99.845%
[Worker 7] Round 40 | Loss: 0.0710592 | Train Acc: 98.2946%
[Worker 2] Round 40 | Loss: 0.0162531 | Train Acc: 99.8105%
[Worker 1] Round 40 | Loss: 0.0143113 | Train Acc: 99.8794%
[Worker 3] Round 40 | Loss: 0.0137252 | Train Acc: 99.8966%
[Worker 5] Round 40 | Loss: 0.0186198 | Train Acc: 99.6555%
[Worker 4] Round 40 | Loss: 0.0197215 | Train Acc: 99.7244%
[Worker 10] Round 40 | Loss: 0.0970634 | Train Acc: 97.0887%
[Worker 27] Round 40 | Loss: 0.0200653 | Train Acc: 99.7244%
[Worker 25] Round 40 | Loss: 0.0444748 | Train Acc: 99.0181%
[Worker 26] Round 40 | Loss: 0.0199046 | Train Acc: 99.7933%
[Worker 24] Round 40 | Loss: 0.0209981 | Train Acc: 99.7416%
[Worker 28] Round 40 | Loss: 0.0621402 | Train Acc: 98.6219%
[Worker 29] Round 40 | Loss: 0.0217688 | Train Acc: 99.6727%
[Worker 30] Round 40 | Loss: 0.0218055 | Train Acc: 99.6727%
[Worker 21] Round 40 | Loss: 0.0166825 | Train Acc: 99.9311%
[Worker 19] Round 40 | Loss: 0.105018 | Train Acc: 97.4677%
[Worker 22] Round 40 | Loss: 0.0314637 | Train Acc: 99.6382%
[Worker 17] Round 40 | Loss: 0.0234516 | Train Acc: 99.7244%
[Worker 23] Round 40 | Loss: 0.018562 | Train Acc: 99.8105%
[Worker 18] Round 40 | Loss: 0.0266089 | Train Acc: 99.6382%
[Worker 16] Round 40 | Loss: 0.0522686 | Train Acc: 99.1042%
[Worker 20] Round 40 | Loss: 0.0172584 | Train Acc: 99.7416%
[Worker 9] Round 40 | Loss: 0.0237294 | Train Acc: 99.6382%
[Worker 11] Round 40 | Loss: 0.023296 | Train Acc: 99.6727%
[Worker 8] Round 40 | Loss: 0.0259552 | Train Acc: 99.5521%
[Worker 14] Round 40 | Loss: 0.0200874 | Train Acc: 99.7416%
[Worker 13] Round 40 | Loss: 0.0460252 | Train Acc: 99.1904%
[Worker 12] Round 40 | Loss: 0.0209213 | Train Acc: 99.7416%
[Worker 15] Round 40 | Loss: 0.0210461 | Train Acc: 99.7761%
[Worker 31] Round 40 | Loss: 0.0196169 | Train Acc: 99.812%
[Central Round] 40 [Global Test Accuracy]: 89.1%
[Worker 6] Round 41 | Loss: 0.0147597 | Train Acc: 99.8966%
[Worker 1] Round 41 | Loss: 0.0145802 | Train Acc: 99.8277%
[Worker 3] Round 41 | Loss: 0.0139763 | Train Acc: 99.845%
[Worker 4] Round 41 | Loss: 0.0191023 | Train Acc: 99.8105%
[Worker 5] Round 41 | Loss: 0.0182773 | Train Acc: 99.7071%
[Worker 7] Round 41 | Loss: 0.0712925 | Train Acc: 98.174%
[Worker 2] Round 41 | Loss: 0.0156929 | Train Acc: 99.845%
[Worker 10] Round 41 | Loss: 0.0972428 | Train Acc: 96.9337%
[Worker 24] Round 41 | Loss: 0.0207877 | Train Acc: 99.7761%
[Worker 28] Round 41 | Loss: 0.0612451 | Train Acc: 98.7769%
[Worker 27] Round 41 | Loss: 0.0201096 | Train Acc: 99.7761%
[Worker 25] Round 41 | Loss: 0.043625 | Train Acc: 99.1731%
[Worker 26] Round 41 | Loss: 0.0189235 | Train Acc: 99.8277%
[Worker 18] Round 41 | Loss: 0.0266661 | Train Acc: 99.6555%
[Worker 17] Round 41 | Loss: 0.0238737 | Train Acc: 99.7933%
[Worker 21] Round 41 | Loss: 0.0170129 | Train Acc: 99.845%
[Worker 29] Round 41 | Loss: 0.0219644 | Train Acc: 99.7416%
[Worker 30] Round 41 | Loss: 0.0212755 | Train Acc: 99.7244%
[Worker 19] Round 41 | Loss: 0.103709 | Train Acc: 97.5538%
[Worker 22] Round 41 | Loss: 0.0305888 | Train Acc: 99.7244%
[Worker 20] Round 41 | Loss: 0.0168876 | Train Acc: 99.7933%
[Worker 23] Round 41 | Loss: 0.0191431 | Train Acc: 99.7416%
[Worker 16] Round 41 | Loss: 0.0527907 | Train Acc: 99.0181%
[Worker 9] Round 41 | Loss: 0.0246197 | Train Acc: 99.621%
[Worker 11] Round 41 | Loss: 0.0242534 | Train Acc: 99.7071%
[Worker 8] Round 41 | Loss: 0.02494 | Train Acc: 99.5521%
[Worker 14] Round 41 | Loss: 0.020036 | Train Acc: 99.7416%
[Worker 13] Round 41 | Loss: 0.0458883 | Train Acc: 99.2248%
[Worker 12] Round 41 | Loss: 0.0214159 | Train Acc: 99.621%
[Worker 15] Round 41 | Loss: 0.022079 | Train Acc: 99.6899%
[Worker 31] Round 41 | Loss: 0.0206509 | Train Acc: 99.6923%
[Central Round] 41 [Global Test Accuracy]: 89.13%
[Worker 6] Round 42 | Loss: 0.0149477 | Train Acc: 99.8105%
[Worker 5] Round 42 | Loss: 0.0189052 | Train Acc: 99.6899%
[Worker 7] Round 42 | Loss: 0.0717829 | Train Acc: 98.2257%
[Worker 1] Round 42 | Loss: 0.0144672 | Train Acc: 99.8622%
[Worker 3] Round 42 | Loss: 0.013946 | Train Acc: 99.8966%
[Worker 4] Round 42 | Loss: 0.0194182 | Train Acc: 99.7588%
[Worker 2] Round 42 | Loss: 0.0158424 | Train Acc: 99.845%
[Worker 27] Round 42 | Loss: 0.0187882 | Train Acc: 99.7933%
[Worker 25] Round 42 | Loss: 0.0440371 | Train Acc: 99.1559%
[Worker 26] Round 42 | Loss: 0.0199256 | Train Acc: 99.7244%
[Worker 24] Round 42 | Loss: 0.0210568 | Train Acc: 99.6899%
[Worker 29] Round 42 | Loss: 0.0223236 | Train Acc: 99.6555%
[Worker 28] Round 42 | Loss: 0.0619828 | Train Acc: 98.6563%
[Worker 30] Round 42 | Loss: 0.0205755 | Train Acc: 99.7416%
[Worker 17] Round 42 | Loss: 0.0237358 | Train Acc: 99.845%
[Worker 21] Round 42 | Loss: 0.0170502 | Train Acc: 99.8794%
[Worker 19] Round 42 | Loss: 0.10363 | Train Acc: 97.6055%
[Worker 20] Round 42 | Loss: 0.0166755 | Train Acc: 99.845%
[Worker 23] Round 42 | Loss: 0.018817 | Train Acc: 99.7416%
[Worker 22] Round 42 | Loss: 0.030133 | Train Acc: 99.7244%
[Worker 18] Round 42 | Loss: 0.026238 | Train Acc: 99.7416%
[Worker 16] Round 42 | Loss: 0.0525217 | Train Acc: 98.9836%
[Worker 10] Round 42 | Loss: 0.0960606 | Train Acc: 97.2438%
[Worker 9] Round 42 | Loss: 0.0247894 | Train Acc: 99.5866%
[Worker 11] Round 42 | Loss: 0.0242762 | Train Acc: 99.621%
[Worker 8] Round 42 | Loss: 0.0254877 | Train Acc: 99.5349%
[Worker 14] Round 42 | Loss: 0.0199084 | Train Acc: 99.7761%
[Worker 13] Round 42 | Loss: 0.0463507 | Train Acc: 99.1387%
[Worker 12] Round 42 | Loss: 0.0212986 | Train Acc: 99.6899%
[Worker 31] Round 42 | Loss: 0.0201306 | Train Acc: 99.6752%
[Worker 15] Round 42 | Loss: 0.0213267 | Train Acc: 99.7761%
[Central Round] 42 [Global Test Accuracy]: 89.13%
[Worker 6] Round 43 | Loss: 0.0148393 | Train Acc: 99.8794%
[Worker 4] Round 43 | Loss: 0.0194806 | Train Acc: 99.7071%
[Worker 5] Round 43 | Loss: 0.0191181 | Train Acc: 99.6382%
[Worker 2] Round 43 | Loss: 0.0152206 | Train Acc: 99.7933%
[Worker 7] Round 43 | Loss: 0.0706489 | Train Acc: 98.174%
[Worker 1] Round 43 | Loss: 0.0148508 | Train Acc: 99.7761%
[Worker 3] Round 43 | Loss: 0.0143272 | Train Acc: 99.8622%
[Worker 25] Round 43 | Loss: 0.0433562 | Train Acc: 99.087%
[Worker 26] Round 43 | Loss: 0.0195286 | Train Acc: 99.845%
[Worker 24] Round 43 | Loss: 0.021672 | Train Acc: 99.6382%
[Worker 9] Round 43 | Loss: 0.025074 | Train Acc: 99.5177%
[Worker 27] Round 43 | Loss: 0.019242 | Train Acc: 99.7071%
[Worker 28] Round 43 | Loss: 0.0620441 | Train Acc: 98.6563%
[Worker 10] Round 43 | Loss: 0.0967927 | Train Acc: 97.0887%
[Worker 29] Round 43 | Loss: 0.0222385 | Train Acc: 99.6382%
[Worker 30] Round 43 | Loss: 0.0210093 | Train Acc: 99.845%
[Worker 23] Round 43 | Loss: 0.0192078 | Train Acc: 99.7933%
[Worker 22] Round 43 | Loss: 0.0310116 | Train Acc: 99.6555%
[Worker 17] Round 43 | Loss: 0.0237164 | Train Acc: 99.7588%
[Worker 21] Round 43 | Loss: 0.0168967 | Train Acc: 99.845%
[Worker 19] Round 43 | Loss: 0.103062 | Train Acc: 97.4677%
[Worker 20] Round 43 | Loss: 0.0167491 | Train Acc: 99.8277%
[Worker 16] Round 43 | Loss: 0.0524661 | Train Acc: 99.0181%
[Worker 18] Round 43 | Loss: 0.0264555 | Train Acc: 99.6038%
[Worker 11] Round 43 | Loss: 0.0238215 | Train Acc: 99.6382%
[Worker 8] Round 43 | Loss: 0.0252405 | Train Acc: 99.5177%
[Worker 13] Round 43 | Loss: 0.0455534 | Train Acc: 99.1904%
[Worker 14] Round 43 | Loss: 0.0200839 | Train Acc: 99.7071%
[Worker 12] Round 43 | Loss: 0.02115 | Train Acc: 99.6899%
[Worker 15] Round 43 | Loss: 0.0214125 | Train Acc: 99.7071%
[Worker 31] Round 43 | Loss: 0.0198493 | Train Acc: 99.7949%
[Central Round] 43 [Global Test Accuracy]: 89.18%
[Worker 7] Round 44 | Loss: 0.0697177 | Train Acc: 98.3807%
[Worker 6] Round 44 | Loss: 0.0159749 | Train Acc: 99.8105%
[Worker 3] Round 44 | Loss: 0.0141056 | Train Acc: 99.8277%
[Worker 4] Round 44 | Loss: 0.0187431 | Train Acc: 99.8105%
[Worker 5] Round 44 | Loss: 0.0180914 | Train Acc: 99.6899%
[Worker 2] Round 44 | Loss: 0.0157566 | Train Acc: 99.8277%
[Worker 1] Round 44 | Loss: 0.0139248 | Train Acc: 99.8794%
[Worker 27] Round 44 | Loss: 0.0188241 | Train Acc: 99.7588%
[Worker 25] Round 44 | Loss: 0.0433324 | Train Acc: 99.0525%
[Worker 26] Round 44 | Loss: 0.0204872 | Train Acc: 99.621%
[Worker 28] Round 44 | Loss: 0.0606795 | Train Acc: 98.5874%
[Worker 29] Round 44 | Loss: 0.0217903 | Train Acc: 99.7416%
[Worker 24] Round 44 | Loss: 0.0211048 | Train Acc: 99.7071%
[Worker 30] Round 44 | Loss: 0.0218408 | Train Acc: 99.7071%
[Worker 16] Round 44 | Loss: 0.0520341 | Train Acc: 99.0009%
[Worker 22] Round 44 | Loss: 0.030293 | Train Acc: 99.6727%
[Worker 17] Round 44 | Loss: 0.0232004 | Train Acc: 99.7588%
[Worker 18] Round 44 | Loss: 0.0258051 | Train Acc: 99.7244%
[Worker 21] Round 44 | Loss: 0.0172569 | Train Acc: 99.8794%
[Worker 19] Round 44 | Loss: 0.103831 | Train Acc: 97.6572%
[Worker 20] Round 44 | Loss: 0.0169171 | Train Acc: 99.845%
[Worker 23] Round 44 | Loss: 0.0188162 | Train Acc: 99.7244%
[Worker 10] Round 44 | Loss: 0.0956352 | Train Acc: 97.3643%
[Worker 9] Round 44 | Loss: 0.0243266 | Train Acc: 99.621%
[Worker 11] Round 44 | Loss: 0.0238502 | Train Acc: 99.6727%
[Worker 14] Round 44 | Loss: 0.0202454 | Train Acc: 99.7588%
[Worker 13] Round 44 | Loss: 0.0454798 | Train Acc: 99.2076%
[Worker 8] Round 44 | Loss: 0.0254826 | Train Acc: 99.5866%
[Worker 31] Round 44 | Loss: 0.0199843 | Train Acc: 99.7607%
[Worker 12] Round 44 | Loss: 0.0207593 | Train Acc: 99.7244%
[Worker 15] Round 44 | Loss: 0.0219977 | Train Acc: 99.7071%
[Central Round] 44 [Global Test Accuracy]: 89.16%
[Central] Early stopping at round 44 after 5 rounds without global accuracy improvement.

[Central] Done. Federated data saved to /home-mscluster/ldemelo/HPC_Assignment/problem1/federated_clustering_mpi/metrics/sweep_2/federated/fixed_ppn_n4_p8_rep3_j201388
