Job ID:        201387
Job name:      fed_fixed_ppn_n3_p8
Strategy:      fixed_ppn
Nodes:         3 (mscluster[27,29-30])
Tasks total:   24
Tasks/node:    8
Sweep id:      2
Sweep dir:     /home-mscluster/ldemelo/HPC_Assignment/problem1/federated_clustering_mpi/metrics/sweep_2

[mult_node] run_id=fixed_ppn_n3_p8_rep1_j201387 rep=1/3
Rank 0 of 24 processes
Rank 2 of 24 processes
Rank 5 of 24 processes
Rank 6 of 24 processes
Rank 7 of 24 processes
Rank 4 of 24 processes
Rank 1 of 24 processes
Rank 3 of 24 processes
Rank 8 of 24 processes
Rank 18 of 24 processes
Rank 10 of 24 processes
Rank 20 of 24 processes
Rank 22 of 24 processes
Rank 12 of 24 processes
Rank 16 of 24 processes
Rank 14 of 24 processes
Rank 23 of 24 processes
Rank 13 of 24 processes
Rank 17 of 24 processes
Rank 15 of 24 processes
Rank 19 of 24 processes
Rank 9 of 24 processes
Rank 21 of 24 processes
Rank 11 of 24 processes
Softmax regression: 10 classes; 784 features
[Mode] Non-IID Label Shard Distribution
[Mode] Non-IID Label Shard Distribution
[Mode] Non-IID Label Shard Distribution
[Mode] Non-IID Label Shard Distribution
[Mode] Non-IID Label Shard Distribution
[Mode] Non-IID Label Shard Distribution
[Mode] Non-IID Label Shard Distribution
[Mode] Non-IID Label Shard Distribution
[Distributed Worker 22] Shard size: 2608
[Distributed Worker 20] Shard size: 2608
[Distributed Worker 16] Shard size: 2608
[Distributed Worker 18] Shard size: 2608
Softmax regression: 10 classes; 784 features
Softmax regression: 10 classes; 784 features
Softmax regression: 10 classes; 784 features
Softmax regression: 10 classes; 784 features
[Distributed Worker 17] Shard size: 2608
[Distributed Worker 19] Shard size: 2608
Softmax regression: 10 classes; 784 features
Softmax regression: 10 classes; 784 features
[Distributed Worker 23] Shard size: 2624
[Distributed Worker 21] Shard size: 2608
Softmax regression: 10 classes; 784 features
Softmax regression: 10 classes; 784 features
[Worker 16] Round 1 | Loss: 0.0134338 | Train Acc: 99.7546%
[Mode] Non-IID Label Shard Distribution
[Mode] Non-IID Label Shard Distribution
[Mode] Non-IID Label Shard Distribution
[Mode] Non-IID Label Shard Distribution
[Mode] Non-IID Label Shard Distribution
[Mode] Non-IID Label Shard Distribution
[Mode] Non-IID Label Shard Distribution
[Mode] Non-IID Label Shard Distribution
[Mode] Non-IID Label Shard Distribution
[Mode] Non-IID Label Shard Distribution
[Mode] Non-IID Label Shard Distribution
[Distributed Worker 6] Shard size: 2608
Softmax regression: 10 classes; 784 features
[Mode] Non-IID Label Shard Distribution
[Mode] Non-IID Label Shard Distribution
[Distributed Worker 4] Shard size: 2608
Softmax regression: 10 classes; 784 features
[Distributed Worker 7] Shard size: 2608
[Distributed Worker 3] Shard size: 2608
Softmax regression: 10 classes; 784 features
Softmax regression: 10 classes; 784 features
[Distributed Worker 2] Shard size: 2608
Softmax regression: 10 classes; 784 features
[Distributed Worker 5] Shard size: 2608
[Distributed Worker 1] Shard size: 2608
Softmax regression: 10 classes; 784 features
Softmax regression: 10 classes; 784 features
[Mode] Non-IID Label Shard Distribution
[Distributed Worker 12] Shard size: 2608
[Mode] Non-IID Label Shard Distribution
Softmax regression: 10 classes; 784 features
[Distributed Worker 10] Shard size: 2608
[Distributed Worker 8] Shard size: 2608
[Distributed Worker 14] Shard size: 2608
Softmax regression: 10 classes; 784 features
Softmax regression: 10 classes; 784 features
Softmax regression: 10 classes; 784 features
[Distributed Worker 15] Shard size: 2608
[Distributed Worker 9] Shard size: 2608
Softmax regression: 10 classes; 784 features
Softmax regression: 10 classes; 784 features
[Distributed Worker 11] Shard size: 2608
[Distributed Worker 13] Shard size: 2608
Softmax regression: 10 classes; 784 features
Softmax regression: 10 classes; 784 features
[Worker 20] Round 1 | Loss: 0.0125009 | Train Acc: 99.7699%
[Worker 22] Round 1 | Loss: 0.0137932 | Train Acc: 99.7853%
[Worker 18] Round 1 | Loss: 0.0157065 | Train Acc: 99.7776%
[Worker 21] Round 1 | Loss: 0.0977018 | Train Acc: 97.4003%
[Worker 17] Round 1 | Loss: 0.0317539 | Train Acc: 99.4402%
[Worker 23] Round 1 | Loss: 0.0134229 | Train Acc: 99.8018%
[Worker 19] Round 1 | Loss: 0.067002 | Train Acc: 98.4433%
[Worker 2] Round 1 | Loss: 0.0128072 | Train Acc: 99.7623%
[Worker 4] Round 1 | Loss: 0.0140687 | Train Acc: 99.7546%
[Worker 6] Round 1 | Loss: 0.0139234 | Train Acc: 99.7699%
[Worker 10] Round 1 | Loss: 0.0518722 | Train Acc: 99.0261%
[Worker 8] Round 1 | Loss: 0.0825611 | Train Acc: 97.5613%
[Worker 14] Round 1 | Loss: 0.0921267 | Train Acc: 97.7071%
[Worker 12] Round 1 | Loss: 0.0723406 | Train Acc: 98.1748%
[Worker 7] Round 1 | Loss: 0.0143339 | Train Acc: 99.7853%
[Worker 1] Round 1 | Loss: 0.0118262 | Train Acc: 99.7623%
[Worker 15] Round 1 | Loss: 0.0136688 | Train Acc: 99.7699%
[Worker 9] Round 1 | Loss: 0.0136507 | Train Acc: 99.8006%
[Worker 3] Round 1 | Loss: 0.0264594 | Train Acc: 99.5169%
[Worker 5] Round 1 | Loss: 0.0554594 | Train Acc: 98.3205%
[Worker 11] Round 1 | Loss: 0.0147078 | Train Acc: 99.7623%
[Worker 13] Round 1 | Loss: 0.0172572 | Train Acc: 99.7776%
[Central Round] 1 [Global Test Accuracy]: 51.6%
[Worker 21] Round 2 | Loss: 0.0931156 | Train Acc: 97.6994%
[Worker 20] Round 2 | Loss: 0.0120499 | Train Acc: 99.8083%
[Worker 19] Round 2 | Loss: 0.0630772 | Train Acc: 98.6963%
[Worker 16] Round 2 | Loss: 0.0113972 | Train Acc: 99.9387%
[Worker 17] Round 2 | Loss: 0.0273126 | Train Acc: 99.7623%
[Worker 22] Round 2 | Loss: 0.0131321 | Train Acc: 99.8313%
[Worker 18] Round 2 | Loss: 0.0142587 | Train Acc: 99.9003%
[Worker 23] Round 2 | Loss: 0.0129286 | Train Acc: 99.8399%
[Worker 8] Round 2 | Loss: 0.0786584 | Train Acc: 97.7071%
[Worker 12] Round 2 | Loss: 0.0686069 | Train Acc: 98.2899%
[Worker 14] Round 2 | Loss: 0.0878499 | Train Acc: 97.8834%
[Worker 9] Round 2 | Loss: 0.0127835 | Train Acc: 99.8696%
[Worker 10] Round 2 | Loss: 0.0481971 | Train Acc: 99.1871%
[Worker 15] Round 2 | Loss: 0.0115846 | Train Acc: 99.9693%
[Worker 4] Round 2 | Loss: 0.0123741 | Train Acc: 99.8466%
[Worker 3] Round 2 | Loss: 0.0228161 | Train Acc: 99.6933%
[Worker 2] Round 2 | Loss: 0.0115073 | Train Acc: 99.8466%
[Worker 7] Round 2 | Loss: 0.0127204 | Train Acc: 100%
[Worker 1] Round 2 | Loss: 0.0111003 | Train Acc: 99.8236%
[Worker 5] Round 2 | Loss: 0.0503563 | Train Acc: 98.658%
[Worker 6] Round 2 | Loss: 0.0127516 | Train Acc: 99.9617%
[Worker 13] Round 2 | Loss: 0.016024 | Train Acc: 99.8466%
[Worker 11] Round 2 | Loss: 0.0132635 | Train Acc: 99.8236%
[Central Round] 2 [Global Test Accuracy]: 73.48%
[Worker 21] Round 3 | Loss: 0.0907558 | Train Acc: 97.8067%
[Worker 20] Round 3 | Loss: 0.0108874 | Train Acc: 99.931%
[Worker 19] Round 3 | Loss: 0.0592364 | Train Acc: 98.8574%
[Worker 17] Round 3 | Loss: 0.0247472 | Train Acc: 99.839%
[Worker 22] Round 3 | Loss: 0.0128329 | Train Acc: 99.839%
[Worker 16] Round 3 | Loss: 0.00994913 | Train Acc: 99.9923%
[Worker 18] Round 3 | Loss: 0.0133677 | Train Acc: 99.931%
[Worker 23] Round 3 | Loss: 0.0120305 | Train Acc: 99.8933%
[Worker 6] Round 3 | Loss: 0.0118056 | Train Acc: 99.9847%
[Worker 4] Round 3 | Loss: 0.0108615 | Train Acc: 99.9847%
[Worker 3] Round 3 | Loss: 0.0206932 | Train Acc: 99.839%
[Worker 2] Round 3 | Loss: 0.0102238 | Train Acc: 99.9617%
[Worker 7] Round 3 | Loss: 0.0119996 | Train Acc: 99.977%
[Worker 1] Round 3 | Loss: 0.00952091 | Train Acc: 99.9233%
[Worker 5] Round 3 | Loss: 0.0471332 | Train Acc: 98.8037%
[Worker 13] Round 3 | Loss: 0.0152045 | Train Acc: 99.908%
[Worker 11] Round 3 | Loss: 0.0123427 | Train Acc: 99.908%
[Worker 12] Round 3 | Loss: 0.0640292 | Train Acc: 98.6273%
[Worker 8] Round 3 | Loss: 0.0751427 | Train Acc: 97.8834%
[Worker 9] Round 3 | Loss: 0.0118487 | Train Acc: 99.9156%
[Worker 15] Round 3 | Loss: 0.0102888 | Train Acc: 99.977%
[Worker 10] Round 3 | Loss: 0.0455677 | Train Acc: 99.2255%
[Worker 14] Round 3 | Loss: 0.0845812 | Train Acc: 98.0521%
[Central Round] 3 [Global Test Accuracy]: 79.72%
[Worker 21] Round 4 | Loss: 0.0878405 | Train Acc: 97.8681%
[Worker 20] Round 4 | Loss: 0.010786 | Train Acc: 99.9233%
[Worker 19] Round 4 | Loss: 0.0564734 | Train Acc: 98.9341%
[Worker 16] Round 4 | Loss: 0.00951874 | Train Acc: 99.9923%
[Worker 17] Round 4 | Loss: 0.0231997 | Train Acc: 99.839%
[Worker 22] Round 4 | Loss: 0.0123668 | Train Acc: 99.862%
[Worker 18] Round 4 | Loss: 0.0122804 | Train Acc: 99.9617%
[Worker 23] Round 4 | Loss: 0.011462 | Train Acc: 99.9466%
[Worker 6] Round 4 | Loss: 0.0117846 | Train Acc: 99.9693%
[Worker 4] Round 4 | Loss: 0.0101529 | Train Acc: 100%
[Worker 3] Round 4 | Loss: 0.0189642 | Train Acc: 99.839%
[Worker 2] Round 4 | Loss: 0.00985191 | Train Acc: 99.9617%
[Worker 7] Round 4 | Loss: 0.011903 | Train Acc: 99.9617%
[Worker 1] Round 4 | Loss: 0.00903851 | Train Acc: 99.977%
[Worker 5] Round 4 | Loss: 0.0448394 | Train Acc: 98.911%
[Worker 13] Round 4 | Loss: 0.0146355 | Train Acc: 99.931%
[Worker 11] Round 4 | Loss: 0.0119618 | Train Acc: 99.9387%
[Worker 12] Round 4 | Loss: 0.0616396 | Train Acc: 98.5813%
[Worker 10] Round 4 | Loss: 0.0437678 | Train Acc: 99.2945%
[Worker 15] Round 4 | Loss: 0.00994599 | Train Acc: 99.977%
[Worker 9] Round 4 | Loss: 0.0116741 | Train Acc: 99.9463%
[Worker 8] Round 4 | Loss: 0.0737433 | Train Acc: 97.9218%
[Worker 14] Round 4 | Loss: 0.0813568 | Train Acc: 98.1825%
[Central Round] 4 [Global Test Accuracy]: 82.42%
[Worker 21] Round 5 | Loss: 0.102665 | Train Acc: 97.6099%
[Worker 20] Round 5 | Loss: 0.0160255 | Train Acc: 99.8594%
[Worker 19] Round 5 | Loss: 0.0700522 | Train Acc: 98.7858%
[Worker 16] Round 5 | Loss: 0.0138874 | Train Acc: 99.9872%
[Worker 17] Round 5 | Loss: 0.0306992 | Train Acc: 99.7827%
[Worker 18] Round 5 | Loss: 0.017817 | Train Acc: 99.9744%
[Worker 22] Round 5 | Loss: 0.0181353 | Train Acc: 99.8338%
[Worker 23] Round 5 | Loss: 0.0178398 | Train Acc: 99.8349%
[Worker 3] Round 5 | Loss: 0.0263745 | Train Acc: 99.8083%
[Worker 4] Round 5 | Loss: 0.0145729 | Train Acc: 99.9872%
[Worker 7] Round 5 | Loss: 0.0173793 | Train Acc: 99.9744%
[Worker 1] Round 5 | Loss: 0.0136635 | Train Acc: 99.9489%
[Worker 5] Round 5 | Loss: 0.0543286 | Train Acc: 98.773%
[Worker 2] Round 5 | Loss: 0.0141674 | Train Acc: 99.9361%
[Worker 6] Round 5 | Loss: 0.0178327 | Train Acc: 99.9361%
[Worker 13] Round 5 | Loss: 0.0223689 | Train Acc: 99.885%
[Worker 11] Round 5 | Loss: 0.017677 | Train Acc: 99.9233%
[Worker 12] Round 5 | Loss: 0.0756375 | Train Acc: 98.5174%
[Worker 8] Round 5 | Loss: 0.0860317 | Train Acc: 97.7633%
[Worker 15] Round 5 | Loss: 0.0146373 | Train Acc: 99.9872%
[Worker 9] Round 5 | Loss: 0.0173389 | Train Acc: 99.9361%
[Worker 10] Round 5 | Loss: 0.0552966 | Train Acc: 99.1181%
[Worker 14] Round 5 | Loss: 0.0958818 | Train Acc: 97.9678%
[Central Round] 5 [Global Test Accuracy]: 83.94%
[Worker 21] Round 6 | Loss: 0.0994891 | Train Acc: 97.6994%
[Worker 20] Round 6 | Loss: 0.0159342 | Train Acc: 99.8594%
[Worker 19] Round 6 | Loss: 0.0676087 | Train Acc: 98.8241%
[Worker 17] Round 6 | Loss: 0.0288489 | Train Acc: 99.7955%
[Worker 22] Round 6 | Loss: 0.0182805 | Train Acc: 99.8211%
[Worker 18] Round 6 | Loss: 0.0174472 | Train Acc: 99.9617%
[Worker 16] Round 6 | Loss: 0.0135257 | Train Acc: 99.9617%
[Worker 23] Round 6 | Loss: 0.0172091 | Train Acc: 99.8476%
[Worker 3] Round 6 | Loss: 0.0251092 | Train Acc: 99.7827%
[Worker 7] Round 6 | Loss: 0.0182048 | Train Acc: 99.9361%
[Worker 4] Round 6 | Loss: 0.01431 | Train Acc: 99.9744%
[Worker 1] Round 6 | Loss: 0.0125521 | Train Acc: 99.9361%
[Worker 5] Round 6 | Loss: 0.053306 | Train Acc: 98.7602%
[Worker 2] Round 6 | Loss: 0.0135606 | Train Acc: 99.9744%
[Worker 6] Round 6 | Loss: 0.0174033 | Train Acc: 99.9489%
[Worker 13] Round 6 | Loss: 0.0218959 | Train Acc: 99.8594%
[Worker 12] Round 6 | Loss: 0.0737966 | Train Acc: 98.4918%
[Worker 11] Round 6 | Loss: 0.0174396 | Train Acc: 99.9233%
[Worker 8] Round 6 | Loss: 0.0850925 | Train Acc: 97.8144%
[Worker 10] Round 6 | Loss: 0.0535209 | Train Acc: 99.1948%
[Worker 9] Round 6 | Loss: 0.0170734 | Train Acc: 99.9489%
[Worker 15] Round 6 | Loss: 0.0140841 | Train Acc: 99.9872%
[Worker 14] Round 6 | Loss: 0.0932955 | Train Acc: 97.9039%
[Central Round] 6 [Global Test Accuracy]: 84.81%
[Worker 21] Round 7 | Loss: 0.0971559 | Train Acc: 97.9039%
[Worker 20] Round 7 | Loss: 0.0157327 | Train Acc: 99.8594%
[Worker 19] Round 7 | Loss: 0.0655944 | Train Acc: 98.8241%
[Worker 16] Round 7 | Loss: 0.0134132 | Train Acc: 99.9617%
[Worker 17] Round 7 | Loss: 0.0281611 | Train Acc: 99.7827%
[Worker 23] Round 7 | Loss: 0.0169783 | Train Acc: 99.8476%
[Worker 22] Round 7 | Loss: 0.0179148 | Train Acc: 99.885%
[Worker 18] Round 7 | Loss: 0.0177076 | Train Acc: 99.8722%
[Worker 3] Round 7 | Loss: 0.0239726 | Train Acc: 99.7955%
[Worker 4] Round 7 | Loss: 0.014069 | Train Acc: 99.9233%
[Worker 1] Round 7 | Loss: 0.0127383 | Train Acc: 99.9744%
[Worker 7] Round 7 | Loss: 0.0178922 | Train Acc: 99.9233%
[Worker 5] Round 7 | Loss: 0.0510594 | Train Acc: 98.7602%
[Worker 2] Round 7 | Loss: 0.0135739 | Train Acc: 99.9489%
[Worker 6] Round 7 | Loss: 0.0177043 | Train Acc: 99.9105%
[Worker 13] Round 7 | Loss: 0.0216588 | Train Acc: 99.8211%
[Worker 8] Round 7 | Loss: 0.0831379 | Train Acc: 97.7505%
[Worker 12] Round 7 | Loss: 0.07152 | Train Acc: 98.5941%
[Worker 11] Round 7 | Loss: 0.0167191 | Train Acc: 99.9105%
[Worker 15] Round 7 | Loss: 0.0143322 | Train Acc: 99.9361%
[Worker 9] Round 7 | Loss: 0.016963 | Train Acc: 99.885%
[Worker 10] Round 7 | Loss: 0.0524299 | Train Acc: 99.1564%
[Worker 14] Round 7 | Loss: 0.0915703 | Train Acc: 97.9934%
[Central Round] 7 [Global Test Accuracy]: 85.39%
[Worker 21] Round 8 | Loss: 0.0953782 | Train Acc: 97.8144%
[Worker 20] Round 8 | Loss: 0.015333 | Train Acc: 99.885%
[Worker 19] Round 8 | Loss: 0.0635495 | Train Acc: 98.9008%
[Worker 17] Round 8 | Loss: 0.026857 | Train Acc: 99.8083%
[Worker 18] Round 8 | Loss: 0.017614 | Train Acc: 99.8594%
[Worker 22] Round 8 | Loss: 0.0181679 | Train Acc: 99.7699%
[Worker 16] Round 8 | Loss: 0.0132391 | Train Acc: 99.9872%
[Worker 23] Round 8 | Loss: 0.0166549 | Train Acc: 99.9111%
[Worker 4] Round 8 | Loss: 0.013971 | Train Acc: 99.9105%
[Worker 3] Round 8 | Loss: 0.0230767 | Train Acc: 99.8083%
[Worker 7] Round 8 | Loss: 0.0179154 | Train Acc: 99.8978%
[Worker 1] Round 8 | Loss: 0.0124576 | Train Acc: 99.9361%
[Worker 5] Round 8 | Loss: 0.0500134 | Train Acc: 98.773%
[Worker 2] Round 8 | Loss: 0.0134226 | Train Acc: 99.9233%
[Worker 6] Round 8 | Loss: 0.017756 | Train Acc: 99.9105%
[Worker 13] Round 8 | Loss: 0.0212302 | Train Acc: 99.8211%
[Worker 12] Round 8 | Loss: 0.0691013 | Train Acc: 98.6196%
[Worker 11] Round 8 | Loss: 0.016802 | Train Acc: 99.8211%
[Worker 10] Round 8 | Loss: 0.051075 | Train Acc: 99.1948%
[Worker 15] Round 8 | Loss: 0.014129 | Train Acc: 99.9872%
[Worker 9] Round 8 | Loss: 0.016837 | Train Acc: 99.8722%
[Worker 8] Round 8 | Loss: 0.0818377 | Train Acc: 97.8272%
[Worker 14] Round 8 | Loss: 0.0901688 | Train Acc: 97.9934%
[Central Round] 8 [Global Test Accuracy]: 85.85%
[Worker 21] Round 9 | Loss: 0.0943979 | Train Acc: 97.8911%
[Worker 20] Round 9 | Loss: 0.0155766 | Train Acc: 99.8083%
[Worker 19] Round 9 | Loss: 0.0623147 | Train Acc: 98.7986%
[Worker 22] Round 9 | Loss: 0.0172789 | Train Acc: 99.885%
[Worker 17] Round 9 | Loss: 0.0261614 | Train Acc: 99.7955%
[Worker 16] Round 9 | Loss: 0.013358 | Train Acc: 99.9361%
[Worker 18] Round 9 | Loss: 0.016729 | Train Acc: 99.9489%
[Worker 23] Round 9 | Loss: 0.0165027 | Train Acc: 99.8857%
[Worker 4] Round 9 | Loss: 0.0141398 | Train Acc: 99.885%
[Worker 3] Round 9 | Loss: 0.0223585 | Train Acc: 99.8083%
[Worker 2] Round 9 | Loss: 0.0129426 | Train Acc: 99.9744%
[Worker 7] Round 9 | Loss: 0.0182521 | Train Acc: 99.885%
[Worker 5] Round 9 | Loss: 0.0489492 | Train Acc: 98.8625%
[Worker 1] Round 9 | Loss: 0.0124766 | Train Acc: 99.8978%
[Worker 6] Round 9 | Loss: 0.0182921 | Train Acc: 99.8978%
[Worker 13] Round 9 | Loss: 0.0205067 | Train Acc: 99.8466%
[Worker 12] Round 9 | Loss: 0.0679043 | Train Acc: 98.6452%
[Worker 11] Round 9 | Loss: 0.0160529 | Train Acc: 99.9361%
[Worker 10] Round 9 | Loss: 0.049591 | Train Acc: 99.2459%
[Worker 9] Round 9 | Loss: 0.0167413 | Train Acc: 99.9233%
[Worker 15] Round 9 | Loss: 0.01409 | Train Acc: 99.9361%
[Worker 8] Round 9 | Loss: 0.081222 | Train Acc: 97.8528%
[Worker 14] Round 9 | Loss: 0.0893052 | Train Acc: 98.0061%
[Central Round] 9 [Global Test Accuracy]: 86.22%
[Worker 21] Round 10 | Loss: 0.0911415 | Train Acc: 97.8272%
[Worker 20] Round 10 | Loss: 0.015435 | Train Acc: 99.8722%
[Worker 19] Round 10 | Loss: 0.0605929 | Train Acc: 98.9008%
[Worker 17] Round 10 | Loss: 0.0256945 | Train Acc: 99.7827%
[Worker 22] Round 10 | Loss: 0.0174253 | Train Acc: 99.7827%
[Worker 16] Round 10 | Loss: 0.01309 | Train Acc: 99.9617%
[Worker 18] Round 10 | Loss: 0.0173942 | Train Acc: 99.8338%
[Worker 23] Round 10 | Loss: 0.0167984 | Train Acc: 99.8349%
[Worker 4] Round 10 | Loss: 0.0138543 | Train Acc: 99.885%
[Worker 7] Round 10 | Loss: 0.01792 | Train Acc: 99.8978%
[Worker 3] Round 10 | Loss: 0.0219487 | Train Acc: 99.8211%
[Worker 1] Round 10 | Loss: 0.0120637 | Train Acc: 99.9617%
[Worker 2] Round 10 | Loss: 0.0132581 | Train Acc: 99.9105%
[Worker 5] Round 10 | Loss: 0.0478317 | Train Acc: 98.8625%
[Worker 6] Round 10 | Loss: 0.0178377 | Train Acc: 99.885%
[Worker 13] Round 10 | Loss: 0.0205205 | Train Acc: 99.8211%
[Worker 12] Round 10 | Loss: 0.0663763 | Train Acc: 98.6324%
[Worker 11] Round 10 | Loss: 0.016957 | Train Acc: 99.8722%
[Worker 15] Round 10 | Loss: 0.0140573 | Train Acc: 99.9361%
[Worker 10] Round 10 | Loss: 0.0489475 | Train Acc: 99.2203%
[Worker 9] Round 10 | Loss: 0.0165589 | Train Acc: 99.9233%
[Worker 8] Round 10 | Loss: 0.0786446 | Train Acc: 97.9934%
[Worker 14] Round 10 | Loss: 0.0872731 | Train Acc: 98.1723%
[Central Round] 10 [Global Test Accuracy]: 86.44%
[Worker 21] Round 11 | Loss: 0.0905982 | Train Acc: 97.9167%
[Worker 20] Round 11 | Loss: 0.0157684 | Train Acc: 99.8594%
[Worker 19] Round 11 | Loss: 0.0590838 | Train Acc: 98.9008%
[Worker 17] Round 11 | Loss: 0.0253675 | Train Acc: 99.7955%
[Worker 22] Round 11 | Loss: 0.0180054 | Train Acc: 99.7572%
[Worker 16] Round 11 | Loss: 0.0128229 | Train Acc: 99.9489%
[Worker 18] Round 11 | Loss: 0.0169938 | Train Acc: 99.885%
[Worker 23] Round 11 | Loss: 0.0158933 | Train Acc: 99.9111%
[Worker 4] Round 11 | Loss: 0.0139794 | Train Acc: 99.885%
[Worker 3] Round 11 | Loss: 0.0217541 | Train Acc: 99.7955%
[Worker 5] Round 11 | Loss: 0.0475901 | Train Acc: 98.9519%
[Worker 2] Round 11 | Loss: 0.0130744 | Train Acc: 99.9489%
[Worker 7] Round 11 | Loss: 0.0177603 | Train Acc: 99.885%
[Worker 1] Round 11 | Loss: 0.0119161 | Train Acc: 99.9744%
[Worker 6] Round 11 | Loss: 0.0177555 | Train Acc: 99.8722%
[Worker 13] Round 11 | Loss: 0.02016 | Train Acc: 99.7827%
[Worker 12] Round 11 | Loss: 0.0653586 | Train Acc: 98.6068%
[Worker 15] Round 11 | Loss: 0.014189 | Train Acc: 99.9105%
[Worker 10] Round 11 | Loss: 0.0481841 | Train Acc: 99.2459%
[Worker 11] Round 11 | Loss: 0.0162962 | Train Acc: 99.885%
[Worker 9] Round 11 | Loss: 0.0167674 | Train Acc: 99.8338%
[Worker 8] Round 11 | Loss: 0.0789327 | Train Acc: 97.8272%
[Worker 14] Round 11 | Loss: 0.0861654 | Train Acc: 98.0317%
[Central Round] 11 [Global Test Accuracy]: 86.68%
[Worker 21] Round 12 | Loss: 0.08894 | Train Acc: 98.1339%
[Worker 20] Round 12 | Loss: 0.0152317 | Train Acc: 99.885%
[Worker 19] Round 12 | Loss: 0.0589929 | Train Acc: 98.7858%
[Worker 17] Round 12 | Loss: 0.0249908 | Train Acc: 99.7316%
[Worker 16] Round 12 | Loss: 0.0128361 | Train Acc: 99.9617%
[Worker 23] Round 12 | Loss: 0.0163899 | Train Acc: 99.8603%
[Worker 22] Round 12 | Loss: 0.0171465 | Train Acc: 99.8594%
[Worker 18] Round 12 | Loss: 0.017521 | Train Acc: 99.7955%
[Worker 3] Round 12 | Loss: 0.0216469 | Train Acc: 99.7444%
[Worker 2] Round 12 | Loss: 0.0132156 | Train Acc: 99.9361%
[Worker 7] Round 12 | Loss: 0.0183376 | Train Acc: 99.8338%
[Worker 4] Round 12 | Loss: 0.014404 | Train Acc: 99.8594%
[Worker 1] Round 12 | Loss: 0.0126414 | Train Acc: 99.8978%
[Worker 5] Round 12 | Loss: 0.0469109 | Train Acc: 98.9008%
[Worker 6] Round 12 | Loss: 0.017976 | Train Acc: 99.8594%
[Worker 13] Round 12 | Loss: 0.0203349 | Train Acc: 99.8211%
[Worker 12] Round 12 | Loss: 0.0641629 | Train Acc: 98.6452%
[Worker 8] Round 12 | Loss: 0.07793 | Train Acc: 97.8655%
[Worker 11] Round 12 | Loss: 0.0169258 | Train Acc: 99.8338%
[Worker 15] Round 12 | Loss: 0.0140751 | Train Acc: 99.9361%
[Worker 10] Round 12 | Loss: 0.0466918 | Train Acc: 99.3098%
[Worker 9] Round 12 | Loss: 0.0173082 | Train Acc: 99.8211%
[Worker 14] Round 12 | Loss: 0.0855915 | Train Acc: 98.1467%
[Central Round] 12 [Global Test Accuracy]: 86.91%
[Worker 21] Round 13 | Loss: 0.0872284 | Train Acc: 98.0317%
[Worker 20] Round 13 | Loss: 0.014825 | Train Acc: 99.9361%
[Worker 19] Round 13 | Loss: 0.0576252 | Train Acc: 98.8753%
[Worker 17] Round 13 | Loss: 0.0245098 | Train Acc: 99.7955%
[Worker 22] Round 13 | Loss: 0.017448 | Train Acc: 99.7955%
[Worker 18] Round 13 | Loss: 0.0169568 | Train Acc: 99.8338%
[Worker 16] Round 13 | Loss: 0.01302 | Train Acc: 99.9361%
[Worker 23] Round 13 | Loss: 0.0162432 | Train Acc: 99.8476%
[Worker 3] Round 13 | Loss: 0.0214028 | Train Acc: 99.7827%
[Worker 7] Round 13 | Loss: 0.0188889 | Train Acc: 99.8338%
[Worker 4] Round 13 | Loss: 0.0142852 | Train Acc: 99.8722%
[Worker 2] Round 13 | Loss: 0.0124091 | Train Acc: 99.9617%
[Worker 1] Round 13 | Loss: 0.0122181 | Train Acc: 99.9105%
[Worker 5] Round 13 | Loss: 0.0461056 | Train Acc: 98.8497%
[Worker 6] Round 13 | Loss: 0.0184227 | Train Acc: 99.7827%
[Worker 13] Round 13 | Loss: 0.0202561 | Train Acc: 99.8722%
[Worker 12] Round 13 | Loss: 0.0627482 | Train Acc: 98.6708%
[Worker 11] Round 13 | Loss: 0.0160491 | Train Acc: 99.8722%
[Worker 10] Round 13 | Loss: 0.0468682 | Train Acc: 99.2587%
[Worker 15] Round 13 | Loss: 0.0139011 | Train Acc: 99.9489%
[Worker 9] Round 13 | Loss: 0.0165632 | Train Acc: 99.9105%
[Worker 8] Round 13 | Loss: 0.0775794 | Train Acc: 97.8783%
[Worker 14] Round 13 | Loss: 0.0851354 | Train Acc: 98.0445%
[Central Round] 13 [Global Test Accuracy]: 87.05%
[Worker 21] Round 14 | Loss: 0.0868899 | Train Acc: 97.9295%
[Worker 19] Round 14 | Loss: 0.0569469 | Train Acc: 98.8625%
[Worker 17] Round 14 | Loss: 0.0240518 | Train Acc: 99.706%
[Worker 20] Round 14 | Loss: 0.0151286 | Train Acc: 99.8466%
[Worker 23] Round 14 | Loss: 0.016372 | Train Acc: 99.7967%
[Worker 22] Round 14 | Loss: 0.0171299 | Train Acc: 99.8594%
[Worker 18] Round 14 | Loss: 0.0168352 | Train Acc: 99.885%
[Worker 16] Round 14 | Loss: 0.0124083 | Train Acc: 99.9617%
[Worker 12] Round 14 | Loss: 0.0613732 | Train Acc: 98.7219%
[Worker 4] Round 14 | Loss: 0.0146296 | Train Acc: 99.8211%
[Worker 3] Round 14 | Loss: 0.0209771 | Train Acc: 99.7955%
[Worker 7] Round 14 | Loss: 0.0184756 | Train Acc: 99.8466%
[Worker 2] Round 14 | Loss: 0.0130025 | Train Acc: 99.8722%
[Worker 5] Round 14 | Loss: 0.045984 | Train Acc: 98.9136%
[Worker 1] Round 14 | Loss: 0.0120551 | Train Acc: 99.9233%
[Worker 10] Round 14 | Loss: 0.0458434 | Train Acc: 99.3098%
[Worker 15] Round 14 | Loss: 0.0141423 | Train Acc: 99.8978%
[Worker 14] Round 14 | Loss: 0.0835343 | Train Acc: 98.2106%
[Worker 8] Round 14 | Loss: 0.0767982 | Train Acc: 97.9678%
[Worker 6] Round 14 | Loss: 0.0182476 | Train Acc: 99.8466%
[Worker 9] Round 14 | Loss: 0.0162267 | Train Acc: 99.9233%
[Worker 13] Round 14 | Loss: 0.0199852 | Train Acc: 99.8338%
[Worker 11] Round 14 | Loss: 0.0166975 | Train Acc: 99.8594%
[Central Round] 14 [Global Test Accuracy]: 87.23%
[Worker 20] Round 15 | Loss: 0.0156714 | Train Acc: 99.8466%
[Worker 21] Round 15 | Loss: 0.0869085 | Train Acc: 97.9167%
[Worker 16] Round 15 | Loss: 0.0128663 | Train Acc: 99.9489%
[Worker 18] Round 15 | Loss: 0.0167759 | Train Acc: 99.8211%
[Worker 22] Round 15 | Loss: 0.0176139 | Train Acc: 99.7827%
[Worker 19] Round 15 | Loss: 0.0555617 | Train Acc: 98.9519%
[Worker 17] Round 15 | Loss: 0.0241488 | Train Acc: 99.7316%
[Worker 23] Round 15 | Loss: 0.0161898 | Train Acc: 99.8984%
[Worker 4] Round 15 | Loss: 0.0140043 | Train Acc: 99.8594%
[Worker 3] Round 15 | Loss: 0.0206341 | Train Acc: 99.8083%
[Worker 7] Round 15 | Loss: 0.0185242 | Train Acc: 99.8466%
[Worker 2] Round 15 | Loss: 0.0126393 | Train Acc: 99.9361%
[Worker 1] Round 15 | Loss: 0.0116108 | Train Acc: 99.9489%
[Worker 5] Round 15 | Loss: 0.0447716 | Train Acc: 98.9392%
[Worker 6] Round 15 | Loss: 0.0179849 | Train Acc: 99.8083%
[Worker 13] Round 15 | Loss: 0.0199644 | Train Acc: 99.8211%
[Worker 11] Round 15 | Loss: 0.016065 | Train Acc: 99.8722%
[Worker 8] Round 15 | Loss: 0.0764474 | Train Acc: 98.0828%
[Worker 15] Round 15 | Loss: 0.0138498 | Train Acc: 99.9105%
[Worker 12] Round 15 | Loss: 0.0611015 | Train Acc: 98.6963%
[Worker 9] Round 15 | Loss: 0.0166166 | Train Acc: 99.8594%
[Worker 10] Round 15 | Loss: 0.0454853 | Train Acc: 99.3226%
[Worker 14] Round 15 | Loss: 0.0831605 | Train Acc: 98.1595%
[Central Round] 15 [Global Test Accuracy]: 87.43%
[Worker 21] Round 16 | Loss: 0.0847367 | Train Acc: 98.07%
[Worker 20] Round 16 | Loss: 0.0153422 | Train Acc: 99.8338%
[Worker 19] Round 16 | Loss: 0.0551679 | Train Acc: 98.9775%
[Worker 17] Round 16 | Loss: 0.0234085 | Train Acc: 99.7827%
[Worker 16] Round 16 | Loss: 0.0128957 | Train Acc: 99.9361%
[Worker 22] Round 16 | Loss: 0.0171007 | Train Acc: 99.7699%
[Worker 18] Round 16 | Loss: 0.0166548 | Train Acc: 99.8466%
[Worker 23] Round 16 | Loss: 0.0160075 | Train Acc: 99.8476%
[Worker 4] Round 16 | Loss: 0.0140094 | Train Acc: 99.8466%
[Worker 2] Round 16 | Loss: 0.0127168 | Train Acc: 99.9233%
[Worker 3] Round 16 | Loss: 0.0203631 | Train Acc: 99.8083%
[Worker 5] Round 16 | Loss: 0.0442618 | Train Acc: 98.9136%
[Worker 7] Round 16 | Loss: 0.0187974 | Train Acc: 99.7827%
[Worker 1] Round 16 | Loss: 0.0120228 | Train Acc: 99.9233%
[Worker 6] Round 16 | Loss: 0.0193799 | Train Acc: 99.8083%
[Worker 13] Round 16 | Loss: 0.0198882 | Train Acc: 99.7572%
[Worker 12] Round 16 | Loss: 0.0600442 | Train Acc: 98.7219%
[Worker 8] Round 16 | Loss: 0.0752341 | Train Acc: 97.9422%
[Worker 11] Round 16 | Loss: 0.0161949 | Train Acc: 99.8722%
[Worker 15] Round 16 | Loss: 0.0136294 | Train Acc: 99.9361%
[Worker 10] Round 16 | Loss: 0.045264 | Train Acc: 99.3737%
[Worker 9] Round 16 | Loss: 0.0170151 | Train Acc: 99.8211%
[Worker 14] Round 16 | Loss: 0.0821997 | Train Acc: 98.1979%
[Central Round] 16 [Global Test Accuracy]: 87.72%
[Worker 21] Round 17 | Loss: 0.0844031 | Train Acc: 98.07%
[Worker 20] Round 17 | Loss: 0.0155574 | Train Acc: 99.8466%
[Worker 19] Round 17 | Loss: 0.0545088 | Train Acc: 98.9136%
[Worker 17] Round 17 | Loss: 0.0233665 | Train Acc: 99.706%
[Worker 16] Round 17 | Loss: 0.0124695 | Train Acc: 99.9744%
[Worker 22] Round 17 | Loss: 0.0173561 | Train Acc: 99.8338%
[Worker 18] Round 17 | Loss: 0.0167504 | Train Acc: 99.8083%
[Worker 23] Round 17 | Loss: 0.0157344 | Train Acc: 99.8857%
[Worker 4] Round 17 | Loss: 0.014412 | Train Acc: 99.8083%
[Worker 3] Round 17 | Loss: 0.0201065 | Train Acc: 99.7444%
[Worker 7] Round 17 | Loss: 0.0195536 | Train Acc: 99.7188%
[Worker 1] Round 17 | Loss: 0.0117848 | Train Acc: 99.9233%
[Worker 5] Round 17 | Loss: 0.0439847 | Train Acc: 98.9136%
[Worker 2] Round 17 | Loss: 0.01269 | Train Acc: 99.9105%
[Worker 6] Round 17 | Loss: 0.0183431 | Train Acc: 99.8338%
[Worker 12] Round 17 | Loss: 0.0598108 | Train Acc: 98.6452%
[Worker 13] Round 17 | Loss: 0.0197016 | Train Acc: 99.8211%
[Worker 11] Round 17 | Loss: 0.0168534 | Train Acc: 99.8211%
[Worker 15] Round 17 | Loss: 0.0137216 | Train Acc: 99.9233%
[Worker 10] Round 17 | Loss: 0.0446743 | Train Acc: 99.3609%
[Worker 9] Round 17 | Loss: 0.0165959 | Train Acc: 99.8466%
[Worker 8] Round 17 | Loss: 0.0759118 | Train Acc: 98.0061%
[Worker 14] Round 17 | Loss: 0.0830053 | Train Acc: 98.1595%
[Central Round] 17 [Global Test Accuracy]: 87.72%
[Worker 21] Round 18 | Loss: 0.083153 | Train Acc: 98.1723%
[Worker 20] Round 18 | Loss: 0.0154672 | Train Acc: 99.8083%
[Worker 19] Round 18 | Loss: 0.053858 | Train Acc: 98.9519%
[Worker 17] Round 18 | Loss: 0.0230826 | Train Acc: 99.6549%
[Worker 22] Round 18 | Loss: 0.0169234 | Train Acc: 99.885%
[Worker 23] Round 18 | Loss: 0.0161762 | Train Acc: 99.8222%
[Worker 16] Round 18 | Loss: 0.012527 | Train Acc: 99.9489%
[Worker 18] Round 18 | Loss: 0.0170627 | Train Acc: 99.7827%
[Worker 4] Round 18 | Loss: 0.0142414 | Train Acc: 99.8466%
[Worker 3] Round 18 | Loss: 0.019864 | Train Acc: 99.7316%
[Worker 7] Round 18 | Loss: 0.0192876 | Train Acc: 99.7572%
[Worker 5] Round 18 | Loss: 0.0439896 | Train Acc: 98.9392%
[Worker 1] Round 18 | Loss: 0.0117977 | Train Acc: 99.9105%
[Worker 2] Round 18 | Loss: 0.0123668 | Train Acc: 99.9361%
[Worker 6] Round 18 | Loss: 0.0188742 | Train Acc: 99.7316%
[Worker 13] Round 18 | Loss: 0.0199342 | Train Acc: 99.7955%
[Worker 12] Round 18 | Loss: 0.0591516 | Train Acc: 98.7091%
[Worker 11] Round 18 | Loss: 0.017158 | Train Acc: 99.7572%
[Worker 15] Round 18 | Loss: 0.013611 | Train Acc: 99.8978%
[Worker 10] Round 18 | Loss: 0.0453107 | Train Acc: 99.3098%
[Worker 9] Round 18 | Loss: 0.0165894 | Train Acc: 99.7955%
[Worker 8] Round 18 | Loss: 0.074577 | Train Acc: 98.0445%
[Worker 14] Round 18 | Loss: 0.0814171 | Train Acc: 98.2745%
[Central Round] 18 [Global Test Accuracy]: 87.74%
[Worker 21] Round 19 | Loss: 0.0829111 | Train Acc: 98.1467%
[Worker 20] Round 19 | Loss: 0.0155569 | Train Acc: 99.7955%
[Worker 19] Round 19 | Loss: 0.0535042 | Train Acc: 98.8753%
[Worker 17] Round 19 | Loss: 0.023169 | Train Acc: 99.7444%
[Worker 23] Round 19 | Loss: 0.0157921 | Train Acc: 99.8603%
[Worker 22] Round 19 | Loss: 0.0174207 | Train Acc: 99.7955%
[Worker 18] Round 19 | Loss: 0.01691 | Train Acc: 99.7444%
[Worker 16] Round 19 | Loss: 0.0128462 | Train Acc: 99.9105%
[Worker 7] Round 19 | Loss: 0.0189928 | Train Acc: 99.7316%
[Worker 3] Round 19 | Loss: 0.0201759 | Train Acc: 99.7188%
[Worker 1] Round 19 | Loss: 0.0118554 | Train Acc: 99.9105%
[Worker 4] Round 19 | Loss: 0.0142721 | Train Acc: 99.7955%
[Worker 5] Round 19 | Loss: 0.0435179 | Train Acc: 98.9392%
[Worker 13] Round 19 | Loss: 0.0196101 | Train Acc: 99.8338%
[Worker 12] Round 19 | Loss: 0.0582948 | Train Acc: 98.7986%
[Worker 11] Round 19 | Loss: 0.0167169 | Train Acc: 99.8466%
[Worker 10] Round 19 | Loss: 0.0440937 | Train Acc: 99.3482%
[Worker 9] Round 19 | Loss: 0.0166085 | Train Acc: 99.8466%
[Worker 15] Round 19 | Loss: 0.0139919 | Train Acc: 99.9105%
[Worker 8] Round 19 | Loss: 0.0738635 | Train Acc: 98.0828%
[Worker 14] Round 19 | Loss: 0.0813392 | Train Acc: 98.1212%
[Worker 6] Round 19 | Loss: 0.0194 | Train Acc: 99.7444%
[Worker 2] Round 19 | Loss: 0.0123421 | Train Acc: 99.9361%
[Central Round] 19 [Global Test Accuracy]: 87.85%
[Worker 21] Round 20 | Loss: 0.0817321 | Train Acc: 98.1723%
[Worker 20] Round 20 | Loss: 0.0151929 | Train Acc: 99.8083%
[Worker 19] Round 20 | Loss: 0.0523266 | Train Acc: 99.0158%
[Worker 17] Round 20 | Loss: 0.0227395 | Train Acc: 99.7188%
[Worker 18] Round 20 | Loss: 0.0164481 | Train Acc: 99.8338%
[Worker 22] Round 20 | Loss: 0.0173475 | Train Acc: 99.7827%
[Worker 16] Round 20 | Loss: 0.0127464 | Train Acc: 99.8978%
[Worker 23] Round 20 | Loss: 0.0163264 | Train Acc: 99.8094%
[Worker 4] Round 20 | Loss: 0.014557 | Train Acc: 99.7955%
[Worker 3] Round 20 | Loss: 0.0198796 | Train Acc: 99.7827%
[Worker 7] Round 20 | Loss: 0.018727 | Train Acc: 99.7444%
[Worker 1] Round 20 | Loss: 0.0117158 | Train Acc: 99.9105%
[Worker 5] Round 20 | Loss: 0.0432136 | Train Acc: 98.9647%
[Worker 2] Round 20 | Loss: 0.0130649 | Train Acc: 99.885%
[Worker 6] Round 20 | Loss: 0.0190006 | Train Acc: 99.7316%
[Worker 13] Round 20 | Loss: 0.0195749 | Train Acc: 99.8338%
[Worker 12] Round 20 | Loss: 0.058111 | Train Acc: 98.7602%
[Worker 11] Round 20 | Loss: 0.0167394 | Train Acc: 99.8211%
[Worker 10] Round 20 | Loss: 0.0434678 | Train Acc: 99.3354%
[Worker 9] Round 20 | Loss: 0.0166643 | Train Acc: 99.8722%
[Worker 15] Round 20 | Loss: 0.0134221 | Train Acc: 99.9489%
[Worker 8] Round 20 | Loss: 0.0736889 | Train Acc: 98.07%
[Worker 14] Round 20 | Loss: 0.0810701 | Train Acc: 98.1339%
[Central Round] 20 [Global Test Accuracy]: 87.96%
[Worker 21] Round 21 | Loss: 0.0809457 | Train Acc: 98.1595%
[Worker 20] Round 21 | Loss: 0.0156179 | Train Acc: 99.8338%
[Worker 19] Round 21 | Loss: 0.0526276 | Train Acc: 98.9647%
[Worker 17] Round 21 | Loss: 0.0231577 | Train Acc: 99.6677%
[Worker 22] Round 21 | Loss: 0.0180014 | Train Acc: 99.7316%
[Worker 18] Round 21 | Loss: 0.0169314 | Train Acc: 99.8083%
[Worker 16] Round 21 | Loss: 0.0127617 | Train Acc: 99.8978%
[Worker 23] Round 21 | Loss: 0.0157313 | Train Acc: 99.873%
[Worker 4] Round 21 | Loss: 0.0144892 | Train Acc: 99.7955%
[Worker 7] Round 21 | Loss: 0.0192719 | Train Acc: 99.6805%
[Worker 2] Round 21 | Loss: 0.0125041 | Train Acc: 99.885%
[Worker 3] Round 21 | Loss: 0.0194537 | Train Acc: 99.7827%
[Worker 5] Round 21 | Loss: 0.0431414 | Train Acc: 98.9647%
[Worker 1] Round 21 | Loss: 0.0119103 | Train Acc: 99.8978%
[Worker 6] Round 21 | Loss: 0.0181271 | Train Acc: 99.8466%
[Worker 12] Round 21 | Loss: 0.0571747 | Train Acc: 98.7219%
[Worker 13] Round 21 | Loss: 0.0193699 | Train Acc: 99.8338%
[Worker 8] Round 21 | Loss: 0.0731933 | Train Acc: 98.2106%
[Worker 11] Round 21 | Loss: 0.016953 | Train Acc: 99.8211%
[Worker 9] Round 21 | Loss: 0.0165006 | Train Acc: 99.8083%
[Worker 10] Round 21 | Loss: 0.0429362 | Train Acc: 99.3482%
[Worker 15] Round 21 | Loss: 0.0139249 | Train Acc: 99.9233%
[Worker 14] Round 21 | Loss: 0.0810036 | Train Acc: 98.2362%
[Central Round] 21 [Global Test Accuracy]: 87.99%
[Worker 21] Round 22 | Loss: 0.0799709 | Train Acc: 98.3001%
[Worker 20] Round 22 | Loss: 0.0151867 | Train Acc: 99.8083%
[Worker 19] Round 22 | Loss: 0.051749 | Train Acc: 98.9392%
[Worker 16] Round 22 | Loss: 0.0127376 | Train Acc: 99.9361%
[Worker 17] Round 22 | Loss: 0.0228033 | Train Acc: 99.6038%
[Worker 22] Round 22 | Loss: 0.0171478 | Train Acc: 99.8083%
[Worker 23] Round 22 | Loss: 0.0163571 | Train Acc: 99.784%
[Worker 18] Round 22 | Loss: 0.0170351 | Train Acc: 99.7699%
[Worker 4] Round 22 | Loss: 0.0144831 | Train Acc: 99.7699%
[Worker 7] Round 22 | Loss: 0.0190996 | Train Acc: 99.7188%
[Worker 3] Round 22 | Loss: 0.0197399 | Train Acc: 99.7572%
[Worker 2] Round 22 | Loss: 0.0126542 | Train Acc: 99.9105%
[Worker 1] Round 22 | Loss: 0.0117479 | Train Acc: 99.9105%
[Worker 5] Round 22 | Loss: 0.0424291 | Train Acc: 99.0031%
[Worker 6] Round 22 | Loss: 0.019282 | Train Acc: 99.6933%
[Worker 13] Round 22 | Loss: 0.0194923 | Train Acc: 99.8211%
[Worker 12] Round 22 | Loss: 0.0569229 | Train Acc: 98.8113%
[Worker 11] Round 22 | Loss: 0.0166657 | Train Acc: 99.8594%
[Worker 10] Round 22 | Loss: 0.0432041 | Train Acc: 99.4121%
[Worker 15] Round 22 | Loss: 0.0138251 | Train Acc: 99.8722%
[Worker 8] Round 22 | Loss: 0.0730375 | Train Acc: 97.9678%
[Worker 9] Round 22 | Loss: 0.0161943 | Train Acc: 99.8722%
[Worker 14] Round 22 | Loss: 0.0800196 | Train Acc: 98.2745%
[Central Round] 22 [Global Test Accuracy]: 88.06%
[Worker 21] Round 23 | Loss: 0.079934 | Train Acc: 98.3257%
[Worker 20] Round 23 | Loss: 0.0150929 | Train Acc: 99.8211%
[Worker 19] Round 23 | Loss: 0.0517624 | Train Acc: 98.9392%
[Worker 17] Round 23 | Loss: 0.0229195 | Train Acc: 99.6549%
[Worker 22] Round 23 | Loss: 0.0174746 | Train Acc: 99.7827%
[Worker 18] Round 23 | Loss: 0.017328 | Train Acc: 99.7955%
[Worker 16] Round 23 | Loss: 0.012685 | Train Acc: 99.9233%
[Worker 23] Round 23 | Loss: 0.0162059 | Train Acc: 99.7967%
[Worker 3] Round 23 | Loss: 0.0192869 | Train Acc: 99.7444%
[Worker 7] Round 23 | Loss: 0.019159 | Train Acc: 99.7188%
[Worker 4] Round 23 | Loss: 0.0143373 | Train Acc: 99.7955%
[Worker 1] Round 23 | Loss: 0.0122693 | Train Acc: 99.9361%
[Worker 2] Round 23 | Loss: 0.0124401 | Train Acc: 99.885%
[Worker 5] Round 23 | Loss: 0.0421125 | Train Acc: 99.0031%
[Worker 6] Round 23 | Loss: 0.0184214 | Train Acc: 99.7699%
[Worker 13] Round 23 | Loss: 0.0192203 | Train Acc: 99.8466%
[Worker 12] Round 23 | Loss: 0.0562746 | Train Acc: 98.7602%
[Worker 9] Round 23 | Loss: 0.0167312 | Train Acc: 99.8466%
[Worker 11] Round 23 | Loss: 0.0165303 | Train Acc: 99.8211%
[Worker 10] Round 23 | Loss: 0.0423827 | Train Acc: 99.3993%
[Worker 15] Round 23 | Loss: 0.0137123 | Train Acc: 99.885%
[Worker 8] Round 23 | Loss: 0.0730962 | Train Acc: 98.0828%
[Worker 14] Round 23 | Loss: 0.0801036 | Train Acc: 98.2362%
[Central Round] 23 [Global Test Accuracy]: 88.13%
[Worker 21] Round 24 | Loss: 0.0804944 | Train Acc: 98.1979%
[Worker 20] Round 24 | Loss: 0.0160032 | Train Acc: 99.8083%
[Worker 19] Round 24 | Loss: 0.0511967 | Train Acc: 98.9392%
[Worker 17] Round 24 | Loss: 0.0226311 | Train Acc: 99.6421%
[Worker 22] Round 24 | Loss: 0.0172681 | Train Acc: 99.7827%
[Worker 18] Round 24 | Loss: 0.0173365 | Train Acc: 99.7699%
[Worker 16] Round 24 | Loss: 0.0126453 | Train Acc: 99.9361%
[Worker 23] Round 24 | Loss: 0.0161478 | Train Acc: 99.7967%
[Worker 4] Round 24 | Loss: 0.0147268 | Train Acc: 99.7699%
[Worker 3] Round 24 | Loss: 0.0193908 | Train Acc: 99.7444%
[Worker 2] Round 24 | Loss: 0.0122944 | Train Acc: 99.885%
[Worker 7] Round 24 | Loss: 0.0193398 | Train Acc: 99.7188%
[Worker 1] Round 24 | Loss: 0.011798 | Train Acc: 99.8722%
[Worker 5] Round 24 | Loss: 0.041956 | Train Acc: 99.0031%
[Worker 6] Round 24 | Loss: 0.0192386 | Train Acc: 99.706%
[Worker 13] Round 24 | Loss: 0.0197543 | Train Acc: 99.7699%
[Worker 12] Round 24 | Loss: 0.0561253 | Train Acc: 98.7602%
[Worker 11] Round 24 | Loss: 0.0167821 | Train Acc: 99.8083%
[Worker 10] Round 24 | Loss: 0.0427024 | Train Acc: 99.3226%
[Worker 9] Round 24 | Loss: 0.0165753 | Train Acc: 99.8466%
[Worker 15] Round 24 | Loss: 0.013697 | Train Acc: 99.9105%
[Worker 8] Round 24 | Loss: 0.072497 | Train Acc: 98.0828%
[Worker 14] Round 24 | Loss: 0.0797536 | Train Acc: 98.3257%
[Central Round] 24 [Global Test Accuracy]: 88.24%
[Worker 21] Round 25 | Loss: 0.0798367 | Train Acc: 98.1339%
[Worker 20] Round 25 | Loss: 0.0157307 | Train Acc: 99.7699%
[Worker 19] Round 25 | Loss: 0.0510471 | Train Acc: 99.0414%
[Worker 17] Round 25 | Loss: 0.0222801 | Train Acc: 99.6421%
[Worker 22] Round 25 | Loss: 0.0170939 | Train Acc: 99.8083%
[Worker 18] Round 25 | Loss: 0.0172851 | Train Acc: 99.7188%
[Worker 16] Round 25 | Loss: 0.0124117 | Train Acc: 99.9489%
[Worker 23] Round 25 | Loss: 0.0160138 | Train Acc: 99.8222%
[Worker 4] Round 25 | Loss: 0.0145829 | Train Acc: 99.7955%
[Worker 7] Round 25 | Loss: 0.0189772 | Train Acc: 99.7699%
[Worker 1] Round 25 | Loss: 0.0116751 | Train Acc: 99.885%
[Worker 2] Round 25 | Loss: 0.012531 | Train Acc: 99.885%
[Worker 3] Round 25 | Loss: 0.0194874 | Train Acc: 99.706%
[Worker 5] Round 25 | Loss: 0.0416267 | Train Acc: 99.0542%
[Worker 6] Round 25 | Loss: 0.0186212 | Train Acc: 99.7699%
[Worker 13] Round 25 | Loss: 0.0188631 | Train Acc: 99.9233%
[Worker 12] Round 25 | Loss: 0.0555914 | Train Acc: 98.8497%
[Worker 11] Round 25 | Loss: 0.0167441 | Train Acc: 99.7955%
[Worker 10] Round 25 | Loss: 0.0428103 | Train Acc: 99.3226%
[Worker 8] Round 25 | Loss: 0.0721662 | Train Acc: 98.1212%
[Worker 9] Round 25 | Loss: 0.0170451 | Train Acc: 99.8211%
[Worker 15] Round 25 | Loss: 0.0137146 | Train Acc: 99.885%
[Worker 14] Round 25 | Loss: 0.0795468 | Train Acc: 98.2234%
[Central Round] 25 [Global Test Accuracy]: 88.33%
[Worker 20] Round 26 | Loss: 0.0159129 | Train Acc: 99.7955%
[Worker 21] Round 26 | Loss: 0.0782294 | Train Acc: 98.2106%
[Worker 19] Round 26 | Loss: 0.0504477 | Train Acc: 98.9519%
[Worker 16] Round 26 | Loss: 0.0123301 | Train Acc: 99.9233%
[Worker 17] Round 26 | Loss: 0.0225258 | Train Acc: 99.6933%
[Worker 22] Round 26 | Loss: 0.016997 | Train Acc: 99.8211%
[Worker 18] Round 26 | Loss: 0.0171588 | Train Acc: 99.7699%
[Worker 23] Round 26 | Loss: 0.0157077 | Train Acc: 99.8603%
[Worker 3] Round 26 | Loss: 0.0190598 | Train Acc: 99.7444%
[Worker 4] Round 26 | Loss: 0.0141202 | Train Acc: 99.8083%
[Worker 2] Round 26 | Loss: 0.0127042 | Train Acc: 99.8594%
[Worker 7] Round 26 | Loss: 0.0187787 | Train Acc: 99.7316%
[Worker 5] Round 26 | Loss: 0.0412557 | Train Acc: 99.0158%
[Worker 1] Round 26 | Loss: 0.0117118 | Train Acc: 99.9233%
[Worker 6] Round 26 | Loss: 0.0190801 | Train Acc: 99.706%
[Worker 13] Round 26 | Loss: 0.0190382 | Train Acc: 99.8083%
[Worker 12] Round 26 | Loss: 0.0549987 | Train Acc: 98.773%
[Worker 11] Round 26 | Loss: 0.016373 | Train Acc: 99.8466%
[Worker 15] Round 26 | Loss: 0.0133765 | Train Acc: 99.885%
[Worker 8] Round 26 | Loss: 0.0718602 | Train Acc: 98.1339%
[Worker 9] Round 26 | Loss: 0.0167276 | Train Acc: 99.7572%
[Worker 10] Round 26 | Loss: 0.0421044 | Train Acc: 99.4121%
[Worker 14] Round 26 | Loss: 0.0784284 | Train Acc: 98.249%
[Central Round] 26 [Global Test Accuracy]: 88.42%
[Worker 21] Round 27 | Loss: 0.0787558 | Train Acc: 98.1723%
[Worker 20] Round 27 | Loss: 0.016067 | Train Acc: 99.7444%
[Worker 19] Round 27 | Loss: 0.0500378 | Train Acc: 98.9136%
[Worker 17] Round 27 | Loss: 0.0216358 | Train Acc: 99.6933%
[Worker 22] Round 27 | Loss: 0.0173593 | Train Acc: 99.7827%
[Worker 18] Round 27 | Loss: 0.0167699 | Train Acc: 99.7444%
[Worker 16] Round 27 | Loss: 0.0129627 | Train Acc: 99.8978%
[Worker 23] Round 27 | Loss: 0.0153625 | Train Acc: 99.8857%
[Worker 7] Round 27 | Loss: 0.019753 | Train Acc: 99.6421%
[Worker 6] Round 27 | Loss: 0.0194813 | Train Acc: 99.6677%
[Worker 3] Round 27 | Loss: 0.0191882 | Train Acc: 99.7188%
[Worker 4] Round 27 | Loss: 0.0144128 | Train Acc: 99.7699%
[Worker 2] Round 27 | Loss: 0.012241 | Train Acc: 99.9105%
[Worker 5] Round 27 | Loss: 0.0414296 | Train Acc: 98.9647%
[Worker 1] Round 27 | Loss: 0.0117434 | Train Acc: 99.885%
[Worker 13] Round 27 | Loss: 0.0192672 | Train Acc: 99.8083%
[Worker 12] Round 27 | Loss: 0.0551478 | Train Acc: 98.8625%
[Worker 11] Round 27 | Loss: 0.0167385 | Train Acc: 99.8211%
[Worker 10] Round 27 | Loss: 0.0418615 | Train Acc: 99.3865%
[Worker 14] Round 27 | Loss: 0.0787588 | Train Acc: 98.3257%
[Worker 9] Round 27 | Loss: 0.0167912 | Train Acc: 99.7827%
[Worker 15] Round 27 | Loss: 0.0134858 | Train Acc: 99.9361%
[Worker 8] Round 27 | Loss: 0.0708402 | Train Acc: 98.1084%
[Central Round] 27 [Global Test Accuracy]: 88.47%
[Worker 21] Round 28 | Loss: 0.077713 | Train Acc: 98.1979%
[Worker 20] Round 28 | Loss: 0.0157597 | Train Acc: 99.8211%
[Worker 19] Round 28 | Loss: 0.0496105 | Train Acc: 98.9775%
[Worker 17] Round 28 | Loss: 0.0219923 | Train Acc: 99.6677%
[Worker 22] Round 28 | Loss: 0.0169747 | Train Acc: 99.7827%
[Worker 23] Round 28 | Loss: 0.0157068 | Train Acc: 99.8476%
[Worker 16] Round 28 | Loss: 0.0124315 | Train Acc: 99.9617%
[Worker 18] Round 28 | Loss: 0.0177628 | Train Acc: 99.7316%
[Worker 3] Round 28 | Loss: 0.0194853 | Train Acc: 99.706%
[Worker 4] Round 28 | Loss: 0.0150387 | Train Acc: 99.7827%
[Worker 7] Round 28 | Loss: 0.0203189 | Train Acc: 99.6166%
[Worker 6] Round 28 | Loss: 0.0193563 | Train Acc: 99.7188%
[Worker 5] Round 28 | Loss: 0.0409436 | Train Acc: 98.9775%
[Worker 2] Round 28 | Loss: 0.0121165 | Train Acc: 99.8594%
[Worker 1] Round 28 | Loss: 0.0117169 | Train Acc: 99.885%
[Worker 13] Round 28 | Loss: 0.0195606 | Train Acc: 99.7572%
[Worker 12] Round 28 | Loss: 0.0543339 | Train Acc: 98.7602%
[Worker 11] Round 28 | Loss: 0.0166927 | Train Acc: 99.8211%
[Worker 10] Round 28 | Loss: 0.0413911 | Train Acc: 99.297%
[Worker 14] Round 28 | Loss: 0.0770478 | Train Acc: 98.3384%
[Worker 9] Round 28 | Loss: 0.0169922 | Train Acc: 99.7827%
[Worker 15] Round 28 | Loss: 0.0137263 | Train Acc: 99.8722%
[Worker 8] Round 28 | Loss: 0.071495 | Train Acc: 98.1979%
[Central Round] 28 [Global Test Accuracy]: 88.59%
[Worker 21] Round 29 | Loss: 0.0768218 | Train Acc: 98.1723%
[Worker 20] Round 29 | Loss: 0.0159922 | Train Acc: 99.7827%
[Worker 19] Round 29 | Loss: 0.0492573 | Train Acc: 98.9264%
[Worker 17] Round 29 | Loss: 0.0218664 | Train Acc: 99.6421%
[Worker 18] Round 29 | Loss: 0.0165062 | Train Acc: 99.8211%
[Worker 23] Round 29 | Loss: 0.0158328 | Train Acc: 99.8349%
[Worker 16] Round 29 | Loss: 0.0122738 | Train Acc: 99.9361%
[Worker 22] Round 29 | Loss: 0.0171792 | Train Acc: 99.8083%
[Worker 3] Round 29 | Loss: 0.0188727 | Train Acc: 99.6933%
[Worker 4] Round 29 | Loss: 0.0145689 | Train Acc: 99.7699%
[Worker 7] Round 29 | Loss: 0.0198538 | Train Acc: 99.7188%
[Worker 1] Round 29 | Loss: 0.0119881 | Train Acc: 99.8594%
[Worker 5] Round 29 | Loss: 0.0412083 | Train Acc: 99.0158%
[Worker 2] Round 29 | Loss: 0.0125376 | Train Acc: 99.8083%
[Worker 6] Round 29 | Loss: 0.0195617 | Train Acc: 99.7444%
[Worker 13] Round 29 | Loss: 0.0193974 | Train Acc: 99.8211%
[Worker 12] Round 29 | Loss: 0.0549189 | Train Acc: 98.773%
[Worker 11] Round 29 | Loss: 0.0167888 | Train Acc: 99.8083%
[Worker 8] Round 29 | Loss: 0.0704854 | Train Acc: 98.1851%
[Worker 14] Round 29 | Loss: 0.0787194 | Train Acc: 98.3001%
[Worker 15] Round 29 | Loss: 0.0136907 | Train Acc: 99.8978%
[Worker 9] Round 29 | Loss: 0.0166855 | Train Acc: 99.8211%
[Worker 10] Round 29 | Loss: 0.041277 | Train Acc: 99.3482%
[Central Round] 29 [Global Test Accuracy]: 88.64%
[Worker 20] Round 30 | Loss: 0.0155288 | Train Acc: 99.7572%
[Worker 21] Round 30 | Loss: 0.0780187 | Train Acc: 98.1339%
[Worker 19] Round 30 | Loss: 0.0491356 | Train Acc: 99.0798%
[Worker 22] Round 30 | Loss: 0.0169985 | Train Acc: 99.7827%
[Worker 17] Round 30 | Loss: 0.0214148 | Train Acc: 99.6421%
[Worker 16] Round 30 | Loss: 0.0127032 | Train Acc: 99.9105%
[Worker 18] Round 30 | Loss: 0.0171238 | Train Acc: 99.7699%
[Worker 23] Round 30 | Loss: 0.0155187 | Train Acc: 99.8603%
[Worker 3] Round 30 | Loss: 0.0184421 | Train Acc: 99.7827%
[Worker 4] Round 30 | Loss: 0.0148592 | Train Acc: 99.7572%
[Worker 7] Round 30 | Loss: 0.0202826 | Train Acc: 99.5527%
[Worker 1] Round 30 | Loss: 0.0123329 | Train Acc: 99.8338%
[Worker 5] Round 30 | Loss: 0.0407221 | Train Acc: 99.0414%
[Worker 2] Round 30 | Loss: 0.01225 | Train Acc: 99.8594%
[Worker 6] Round 30 | Loss: 0.0192037 | Train Acc: 99.6933%
[Worker 13] Round 30 | Loss: 0.0197465 | Train Acc: 99.8338%
[Worker 12] Round 30 | Loss: 0.0544647 | Train Acc: 98.7347%
[Worker 11] Round 30 | Loss: 0.0165773 | Train Acc: 99.8211%
[Worker 14] Round 30 | Loss: 0.0772914 | Train Acc: 98.2873%
[Worker 8] Round 30 | Loss: 0.0710282 | Train Acc: 98.1339%
[Worker 10] Round 30 | Loss: 0.0419565 | Train Acc: 99.3993%
[Worker 15] Round 30 | Loss: 0.0136491 | Train Acc: 99.9361%
[Worker 9] Round 30 | Loss: 0.0168426 | Train Acc: 99.7827%
[Central Round] 30 [Global Test Accuracy]: 88.68%
[Worker 21] Round 31 | Loss: 0.0762304 | Train Acc: 98.1979%
[Worker 20] Round 31 | Loss: 0.0157135 | Train Acc: 99.7955%
[Worker 19] Round 31 | Loss: 0.0483785 | Train Acc: 98.9903%
[Worker 17] Round 31 | Loss: 0.0212906 | Train Acc: 99.6038%
[Worker 22] Round 31 | Loss: 0.0177201 | Train Acc: 99.7699%
[Worker 16] Round 31 | Loss: 0.0122395 | Train Acc: 99.9233%
[Worker 18] Round 31 | Loss: 0.0168647 | Train Acc: 99.8211%
[Worker 23] Round 31 | Loss: 0.0162057 | Train Acc: 99.7459%
[Worker 3] Round 31 | Loss: 0.0184787 | Train Acc: 99.7572%
[Worker 4] Round 31 | Loss: 0.0144472 | Train Acc: 99.7699%
[Worker 7] Round 31 | Loss: 0.0198522 | Train Acc: 99.7316%
[Worker 1] Round 31 | Loss: 0.0113299 | Train Acc: 99.8978%
[Worker 6] Round 31 | Loss: 0.0193516 | Train Acc: 99.6549%
[Worker 5] Round 31 | Loss: 0.0410551 | Train Acc: 99.0414%
[Worker 2] Round 31 | Loss: 0.0124793 | Train Acc: 99.8466%
[Worker 13] Round 31 | Loss: 0.0192583 | Train Acc: 99.8211%
[Worker 12] Round 31 | Loss: 0.053384 | Train Acc: 98.773%
[Worker 11] Round 31 | Loss: 0.0168303 | Train Acc: 99.7827%
[Worker 10] Round 31 | Loss: 0.0414357 | Train Acc: 99.3354%
[Worker 14] Round 31 | Loss: 0.0772591 | Train Acc: 98.4024%
[Worker 8] Round 31 | Loss: 0.0716192 | Train Acc: 98.1851%
[Worker 9] Round 31 | Loss: 0.016309 | Train Acc: 99.8466%
[Worker 15] Round 31 | Loss: 0.0134991 | Train Acc: 99.8978%
[Central Round] 31 [Global Test Accuracy]: 88.81%
[Worker 21] Round 32 | Loss: 0.0762639 | Train Acc: 98.1595%
[Worker 20] Round 32 | Loss: 0.015583 | Train Acc: 99.7955%
[Worker 19] Round 32 | Loss: 0.0486051 | Train Acc: 98.9519%
[Worker 17] Round 32 | Loss: 0.0217969 | Train Acc: 99.591%
[Worker 22] Round 32 | Loss: 0.0171438 | Train Acc: 99.7955%
[Worker 16] Round 32 | Loss: 0.0126129 | Train Acc: 99.8978%
[Worker 18] Round 32 | Loss: 0.0170725 | Train Acc: 99.7827%
[Worker 23] Round 32 | Loss: 0.0158445 | Train Acc: 99.8603%
[Worker 3] Round 32 | Loss: 0.0184899 | Train Acc: 99.7316%
[Worker 4] Round 32 | Loss: 0.0148252 | Train Acc: 99.7699%
[Worker 7] Round 32 | Loss: 0.0196369 | Train Acc: 99.6933%
[Worker 6] Round 32 | Loss: 0.01873 | Train Acc: 99.7444%
[Worker 1] Round 32 | Loss: 0.0118167 | Train Acc: 99.8722%
[Worker 5] Round 32 | Loss: 0.0405917 | Train Acc: 99.0031%
[Worker 2] Round 32 | Loss: 0.0122429 | Train Acc: 99.8722%
[Worker 13] Round 32 | Loss: 0.01909 | Train Acc: 99.8338%
[Worker 12] Round 32 | Loss: 0.053412 | Train Acc: 98.8625%
[Worker 11] Round 32 | Loss: 0.0173085 | Train Acc: 99.7955%
[Worker 10] Round 32 | Loss: 0.0408211 | Train Acc: 99.3609%
[Worker 14] Round 32 | Loss: 0.0776333 | Train Acc: 98.3001%
[Worker 8] Round 32 | Loss: 0.0706919 | Train Acc: 98.1212%
[Worker 9] Round 32 | Loss: 0.016278 | Train Acc: 99.8338%
[Worker 15] Round 32 | Loss: 0.0135126 | Train Acc: 99.9233%
[Central Round] 32 [Global Test Accuracy]: 88.84%
[Worker 21] Round 33 | Loss: 0.0764352 | Train Acc: 98.1595%
[Worker 20] Round 33 | Loss: 0.0157743 | Train Acc: 99.8211%
[Worker 19] Round 33 | Loss: 0.0483291 | Train Acc: 99.0414%
[Worker 17] Round 33 | Loss: 0.0216405 | Train Acc: 99.6293%
[Worker 22] Round 33 | Loss: 0.017009 | Train Acc: 99.8083%
[Worker 18] Round 33 | Loss: 0.017124 | Train Acc: 99.7955%
[Worker 23] Round 33 | Loss: 0.0162107 | Train Acc: 99.784%
[Worker 16] Round 33 | Loss: 0.0122104 | Train Acc: 99.9233%
[Worker 3] Round 33 | Loss: 0.0183711 | Train Acc: 99.7955%
[Worker 4] Round 33 | Loss: 0.0147708 | Train Acc: 99.7699%
[Worker 7] Round 33 | Loss: 0.0198748 | Train Acc: 99.706%
[Worker 2] Round 33 | Loss: 0.0122564 | Train Acc: 99.8722%
[Worker 6] Round 33 | Loss: 0.0194749 | Train Acc: 99.6933%
[Worker 1] Round 33 | Loss: 0.0114202 | Train Acc: 99.8978%
[Worker 5] Round 33 | Loss: 0.0402756 | Train Acc: 99.0798%
[Worker 12] Round 33 | Loss: 0.0529958 | Train Acc: 98.8625%
[Worker 13] Round 33 | Loss: 0.0190439 | Train Acc: 99.7316%
[Worker 11] Round 33 | Loss: 0.0170194 | Train Acc: 99.7955%
[Worker 9] Round 33 | Loss: 0.0164003 | Train Acc: 99.8083%
[Worker 10] Round 33 | Loss: 0.0410591 | Train Acc: 99.3226%
[Worker 15] Round 33 | Loss: 0.0133167 | Train Acc: 99.8978%
[Worker 14] Round 33 | Loss: 0.0769976 | Train Acc: 98.3768%
[Worker 8] Round 33 | Loss: 0.0699965 | Train Acc: 98.0956%
[Central Round] 33 [Global Test Accuracy]: 88.85%
[Worker 21] Round 34 | Loss: 0.0756792 | Train Acc: 98.2234%
[Worker 20] Round 34 | Loss: 0.0159567 | Train Acc: 99.7699%
[Worker 17] Round 34 | Loss: 0.0218903 | Train Acc: 99.6293%
[Worker 19] Round 34 | Loss: 0.0478502 | Train Acc: 99.0158%
[Worker 22] Round 34 | Loss: 0.0173202 | Train Acc: 99.7188%
[Worker 16] Round 34 | Loss: 0.0120367 | Train Acc: 99.9617%
[Worker 18] Round 34 | Loss: 0.0170427 | Train Acc: 99.6933%
[Worker 23] Round 34 | Loss: 0.0155584 | Train Acc: 99.8603%
[Worker 3] Round 34 | Loss: 0.0183488 | Train Acc: 99.7827%
[Worker 4] Round 34 | Loss: 0.0149035 | Train Acc: 99.706%
[Worker 7] Round 34 | Loss: 0.0202215 | Train Acc: 99.6293%
[Worker 5] Round 34 | Loss: 0.0401183 | Train Acc: 99.0798%
[Worker 1] Round 34 | Loss: 0.0114985 | Train Acc: 99.9105%
[Worker 2] Round 34 | Loss: 0.0121823 | Train Acc: 99.9233%
[Worker 6] Round 34 | Loss: 0.0191959 | Train Acc: 99.6933%
[Worker 13] Round 34 | Loss: 0.0192963 | Train Acc: 99.7827%
[Worker 12] Round 34 | Loss: 0.0537373 | Train Acc: 98.773%
[Worker 11] Round 34 | Loss: 0.0173011 | Train Acc: 99.7827%
[Worker 10] Round 34 | Loss: 0.0404582 | Train Acc: 99.4248%
[Worker 14] Round 34 | Loss: 0.0761907 | Train Acc: 98.4279%
[Worker 15] Round 34 | Loss: 0.0136501 | Train Acc: 99.8466%
[Worker 9] Round 34 | Loss: 0.0162861 | Train Acc: 99.8083%
[Worker 8] Round 34 | Loss: 0.0692514 | Train Acc: 98.1339%
[Central Round] 34 [Global Test Accuracy]: 88.88%
[Worker 21] Round 35 | Loss: 0.0758442 | Train Acc: 98.2362%
[Worker 20] Round 35 | Loss: 0.0161784 | Train Acc: 99.7444%
[Worker 19] Round 35 | Loss: 0.0471648 | Train Acc: 99.0286%
[Worker 17] Round 35 | Loss: 0.0213981 | Train Acc: 99.6293%
[Worker 22] Round 35 | Loss: 0.0168677 | Train Acc: 99.8338%
[Worker 23] Round 35 | Loss: 0.0157982 | Train Acc: 99.7967%
[Worker 16] Round 35 | Loss: 0.0124794 | Train Acc: 99.885%
[Worker 18] Round 35 | Loss: 0.0167457 | Train Acc: 99.7827%
[Worker 4] Round 35 | Loss: 0.0144646 | Train Acc: 99.706%
[Worker 2] Round 35 | Loss: 0.0121375 | Train Acc: 99.885%
[Worker 3] Round 35 | Loss: 0.0187401 | Train Acc: 99.6805%
[Worker 7] Round 35 | Loss: 0.0198641 | Train Acc: 99.6805%
[Worker 1] Round 35 | Loss: 0.0119363 | Train Acc: 99.8466%
[Worker 5] Round 35 | Loss: 0.0402882 | Train Acc: 99.1309%
[Worker 6] Round 35 | Loss: 0.0193304 | Train Acc: 99.706%
[Worker 13] Round 35 | Loss: 0.0203953 | Train Acc: 99.6677%
[Worker 12] Round 35 | Loss: 0.0528606 | Train Acc: 98.8113%
[Worker 11] Round 35 | Loss: 0.0169582 | Train Acc: 99.7444%
[Worker 10] Round 35 | Loss: 0.0406484 | Train Acc: 99.4121%
[Worker 9] Round 35 | Loss: 0.0160229 | Train Acc: 99.8211%
[Worker 8] Round 35 | Loss: 0.0690255 | Train Acc: 98.1851%
[Worker 14] Round 35 | Loss: 0.076569 | Train Acc: 98.3129%
[Worker 15] Round 35 | Loss: 0.0128981 | Train Acc: 99.9105%
[Central Round] 35 [Global Test Accuracy]: 88.88%
[Worker 21] Round 36 | Loss: 0.0757676 | Train Acc: 98.07%
[Worker 20] Round 36 | Loss: 0.015881 | Train Acc: 99.8083%
[Worker 19] Round 36 | Loss: 0.0482834 | Train Acc: 98.9647%
[Worker 17] Round 36 | Loss: 0.021288 | Train Acc: 99.6805%
[Worker 16] Round 36 | Loss: 0.0118106 | Train Acc: 99.9489%
[Worker 22] Round 36 | Loss: 0.0172202 | Train Acc: 99.8083%
[Worker 18] Round 36 | Loss: 0.0166116 | Train Acc: 99.7827%
[Worker 23] Round 36 | Loss: 0.0155886 | Train Acc: 99.8603%
[Worker 4] Round 36 | Loss: 0.0148886 | Train Acc: 99.7316%
[Worker 3] Round 36 | Loss: 0.0181738 | Train Acc: 99.7699%
[Worker 2] Round 36 | Loss: 0.0123745 | Train Acc: 99.8594%
[Worker 5] Round 36 | Loss: 0.0399807 | Train Acc: 99.0798%
[Worker 7] Round 36 | Loss: 0.0200091 | Train Acc: 99.6549%
[Worker 1] Round 36 | Loss: 0.0118966 | Train Acc: 99.8594%
[Worker 6] Round 36 | Loss: 0.0189838 | Train Acc: 99.6038%
[Worker 13] Round 36 | Loss: 0.01927 | Train Acc: 99.7699%
[Worker 12] Round 36 | Loss: 0.0527365 | Train Acc: 98.9647%
[Worker 11] Round 36 | Loss: 0.0173255 | Train Acc: 99.8211%
[Worker 10] Round 36 | Loss: 0.0401048 | Train Acc: 99.3865%
[Worker 14] Round 36 | Loss: 0.0760681 | Train Acc: 98.4024%
[Worker 8] Round 36 | Loss: 0.0689252 | Train Acc: 98.2362%
[Worker 15] Round 36 | Loss: 0.0134207 | Train Acc: 99.9105%
[Worker 9] Round 36 | Loss: 0.0163609 | Train Acc: 99.7699%
[Central Round] 36 [Global Test Accuracy]: 88.92%
[Worker 21] Round 37 | Loss: 0.0745599 | Train Acc: 98.2234%
[Worker 20] Round 37 | Loss: 0.0154648 | Train Acc: 99.7699%
[Worker 17] Round 37 | Loss: 0.0215156 | Train Acc: 99.6549%
[Worker 19] Round 37 | Loss: 0.0475848 | Train Acc: 99.0031%
[Worker 22] Round 37 | Loss: 0.0175427 | Train Acc: 99.7572%
[Worker 18] Round 37 | Loss: 0.0172877 | Train Acc: 99.7827%
[Worker 16] Round 37 | Loss: 0.0126848 | Train Acc: 99.8978%
[Worker 23] Round 37 | Loss: 0.0158481 | Train Acc: 99.8094%
[Worker 4] Round 37 | Loss: 0.0146975 | Train Acc: 99.7699%
[Worker 3] Round 37 | Loss: 0.0178628 | Train Acc: 99.8083%
[Worker 7] Round 37 | Loss: 0.0195088 | Train Acc: 99.6933%
[Worker 2] Round 37 | Loss: 0.0121741 | Train Acc: 99.8722%
[Worker 1] Round 37 | Loss: 0.0118263 | Train Acc: 99.8594%
[Worker 5] Round 37 | Loss: 0.0396615 | Train Acc: 99.067%
[Worker 6] Round 37 | Loss: 0.0193204 | Train Acc: 99.6805%
[Worker 13] Round 37 | Loss: 0.0190415 | Train Acc: 99.8083%
[Worker 12] Round 37 | Loss: 0.0522562 | Train Acc: 98.8625%
[Worker 9] Round 37 | Loss: 0.0162504 | Train Acc: 99.7444%
[Worker 11] Round 37 | Loss: 0.0170649 | Train Acc: 99.8211%
[Worker 8] Round 37 | Loss: 0.0684338 | Train Acc: 98.1467%
[Worker 14] Round 37 | Loss: 0.0752463 | Train Acc: 98.3896%
[Worker 15] Round 37 | Loss: 0.0136785 | Train Acc: 99.8722%
[Worker 10] Round 37 | Loss: 0.0402535 | Train Acc: 99.3354%
[Central Round] 37 [Global Test Accuracy]: 88.98%
[Worker 21] Round 38 | Loss: 0.0734966 | Train Acc: 98.2106%
[Worker 20] Round 38 | Loss: 0.0165358 | Train Acc: 99.7572%
[Worker 19] Round 38 | Loss: 0.0469473 | Train Acc: 98.9775%
[Worker 17] Round 38 | Loss: 0.0213942 | Train Acc: 99.6421%
[Worker 22] Round 38 | Loss: 0.0175823 | Train Acc: 99.7188%
[Worker 16] Round 38 | Loss: 0.0121113 | Train Acc: 99.9233%
[Worker 18] Round 38 | Loss: 0.0168147 | Train Acc: 99.6933%
[Worker 23] Round 38 | Loss: 0.0154354 | Train Acc: 99.8222%
[Worker 3] Round 38 | Loss: 0.0179698 | Train Acc: 99.8083%
[Worker 2] Round 38 | Loss: 0.0120922 | Train Acc: 99.885%
[Worker 6] Round 38 | Loss: 0.0200734 | Train Acc: 99.591%
[Worker 7] Round 38 | Loss: 0.0195579 | Train Acc: 99.6549%
[Worker 4] Round 38 | Loss: 0.0146899 | Train Acc: 99.7316%
[Worker 1] Round 38 | Loss: 0.0116878 | Train Acc: 99.8466%
[Worker 5] Round 38 | Loss: 0.0393915 | Train Acc: 99.0798%
[Worker 13] Round 38 | Loss: 0.019064 | Train Acc: 99.8083%
[Worker 12] Round 38 | Loss: 0.0520884 | Train Acc: 98.8497%
[Worker 8] Round 38 | Loss: 0.0682594 | Train Acc: 98.1595%
[Worker 11] Round 38 | Loss: 0.0171157 | Train Acc: 99.8083%
[Worker 15] Round 38 | Loss: 0.0137842 | Train Acc: 99.8338%
[Worker 10] Round 38 | Loss: 0.039928 | Train Acc: 99.3737%
[Worker 14] Round 38 | Loss: 0.0761279 | Train Acc: 98.3384%
[Worker 9] Round 38 | Loss: 0.016401 | Train Acc: 99.7827%
[Central Round] 38 [Global Test Accuracy]: 89.04%
[Worker 21] Round 39 | Loss: 0.0737202 | Train Acc: 98.2234%
[Worker 20] Round 39 | Loss: 0.0154838 | Train Acc: 99.8338%
[Worker 19] Round 39 | Loss: 0.0470258 | Train Acc: 99.1053%
[Worker 17] Round 39 | Loss: 0.0212396 | Train Acc: 99.6549%
[Worker 22] Round 39 | Loss: 0.0172189 | Train Acc: 99.6933%
[Worker 16] Round 39 | Loss: 0.0123513 | Train Acc: 99.9361%
[Worker 18] Round 39 | Loss: 0.016914 | Train Acc: 99.7699%
[Worker 23] Round 39 | Loss: 0.0157612 | Train Acc: 99.8222%
[Worker 2] Round 39 | Loss: 0.0126859 | Train Acc: 99.8211%
[Worker 6] Round 39 | Loss: 0.0211208 | Train Acc: 99.6038%
[Worker 4] Round 39 | Loss: 0.0149394 | Train Acc: 99.7188%
[Worker 3] Round 39 | Loss: 0.01798 | Train Acc: 99.7699%
[Worker 1] Round 39 | Loss: 0.0116549 | Train Acc: 99.8722%
[Worker 7] Round 39 | Loss: 0.0208942 | Train Acc: 99.5654%
[Worker 5] Round 39 | Loss: 0.03987 | Train Acc: 99.0286%
[Worker 13] Round 39 | Loss: 0.0189998 | Train Acc: 99.8338%
[Worker 12] Round 39 | Loss: 0.0523491 | Train Acc: 98.8113%
[Worker 11] Round 39 | Loss: 0.0171447 | Train Acc: 99.8083%
[Worker 10] Round 39 | Loss: 0.0398434 | Train Acc: 99.3865%
[Worker 14] Round 39 | Loss: 0.0752077 | Train Acc: 98.4535%
[Worker 8] Round 39 | Loss: 0.0681112 | Train Acc: 98.1595%
[Worker 15] Round 39 | Loss: 0.0133443 | Train Acc: 99.8466%
[Worker 9] Round 39 | Loss: 0.016654 | Train Acc: 99.7444%
[Central Round] 39 [Global Test Accuracy]: 89%
[Worker 21] Round 40 | Loss: 0.0740143 | Train Acc: 98.2745%
[Worker 20] Round 40 | Loss: 0.0152396 | Train Acc: 99.7955%
[Worker 19] Round 40 | Loss: 0.0469069 | Train Acc: 99.0158%
[Worker 17] Round 40 | Loss: 0.0207861 | Train Acc: 99.6933%
[Worker 16] Round 40 | Loss: 0.0123862 | Train Acc: 99.9233%
[Worker 22] Round 40 | Loss: 0.0176454 | Train Acc: 99.7316%
[Worker 18] Round 40 | Loss: 0.0180098 | Train Acc: 99.6933%
[Worker 23] Round 40 | Loss: 0.0161001 | Train Acc: 99.7459%
[Worker 4] Round 40 | Loss: 0.01498 | Train Acc: 99.7444%
[Worker 3] Round 40 | Loss: 0.0182144 | Train Acc: 99.7444%
[Worker 2] Round 40 | Loss: 0.0119683 | Train Acc: 99.8594%
[Worker 6] Round 40 | Loss: 0.0199328 | Train Acc: 99.6549%
[Worker 7] Round 40 | Loss: 0.0205048 | Train Acc: 99.6293%
[Worker 1] Round 40 | Loss: 0.0114815 | Train Acc: 99.8594%
[Worker 5] Round 40 | Loss: 0.0397757 | Train Acc: 99.0414%
[Worker 13] Round 40 | Loss: 0.0188916 | Train Acc: 99.8594%
[Worker 12] Round 40 | Loss: 0.0522206 | Train Acc: 98.8113%
[Worker 8] Round 40 | Loss: 0.068153 | Train Acc: 98.2362%
[Worker 9] Round 40 | Loss: 0.0160809 | Train Acc: 99.8083%
[Worker 11] Round 40 | Loss: 0.0170188 | Train Acc: 99.7699%
[Worker 10] Round 40 | Loss: 0.0394305 | Train Acc: 99.3737%
[Worker 14] Round 40 | Loss: 0.0748585 | Train Acc: 98.3768%
[Worker 15] Round 40 | Loss: 0.0136936 | Train Acc: 99.8338%
[Central Round] 40 [Global Test Accuracy]: 89.04%
[Worker 21] Round 41 | Loss: 0.0739747 | Train Acc: 98.1851%
[Worker 20] Round 41 | Loss: 0.016103 | Train Acc: 99.7444%
[Worker 19] Round 41 | Loss: 0.0467637 | Train Acc: 99.0158%
[Worker 17] Round 41 | Loss: 0.0206325 | Train Acc: 99.6421%
[Worker 22] Round 41 | Loss: 0.0169581 | Train Acc: 99.7699%
[Worker 16] Round 41 | Loss: 0.0126326 | Train Acc: 99.885%
[Worker 18] Round 41 | Loss: 0.0177808 | Train Acc: 99.6805%
[Worker 23] Round 41 | Loss: 0.015665 | Train Acc: 99.7586%
[Worker 4] Round 41 | Loss: 0.0152548 | Train Acc: 99.7699%
[Worker 3] Round 41 | Loss: 0.0186374 | Train Acc: 99.7444%
[Worker 2] Round 41 | Loss: 0.0118291 | Train Acc: 99.8722%
[Worker 6] Round 41 | Loss: 0.0195704 | Train Acc: 99.6421%
[Worker 7] Round 41 | Loss: 0.0203364 | Train Acc: 99.6677%
[Worker 5] Round 41 | Loss: 0.0393705 | Train Acc: 99.0542%
[Worker 1] Round 41 | Loss: 0.0116176 | Train Acc: 99.8466%
[Worker 13] Round 41 | Loss: 0.0190652 | Train Acc: 99.7827%
[Worker 12] Round 41 | Loss: 0.0512922 | Train Acc: 98.9136%
[Worker 11] Round 41 | Loss: 0.0172787 | Train Acc: 99.8083%
[Worker 14] Round 41 | Loss: 0.0751948 | Train Acc: 98.4024%
[Worker 8] Round 41 | Loss: 0.0684361 | Train Acc: 98.1979%
[Worker 10] Round 41 | Loss: 0.0398577 | Train Acc: 99.3993%
[Worker 9] Round 41 | Loss: 0.0157499 | Train Acc: 99.8466%
[Worker 15] Round 41 | Loss: 0.0132557 | Train Acc: 99.9233%
[Central Round] 41 [Global Test Accuracy]: 89.09%
[Worker 21] Round 42 | Loss: 0.07335 | Train Acc: 98.1595%
[Worker 20] Round 42 | Loss: 0.0154218 | Train Acc: 99.8466%
[Worker 17] Round 42 | Loss: 0.0211276 | Train Acc: 99.6549%
[Worker 19] Round 42 | Loss: 0.0465026 | Train Acc: 98.9647%
[Worker 16] Round 42 | Loss: 0.0123381 | Train Acc: 99.8722%
[Worker 22] Round 42 | Loss: 0.0173185 | Train Acc: 99.7572%
[Worker 18] Round 42 | Loss: 0.01662 | Train Acc: 99.7955%
[Worker 23] Round 42 | Loss: 0.0161004 | Train Acc: 99.7459%
[Worker 4] Round 42 | Loss: 0.0152212 | Train Acc: 99.7316%
[Worker 3] Round 42 | Loss: 0.0178416 | Train Acc: 99.7955%
[Worker 2] Round 42 | Loss: 0.0126278 | Train Acc: 99.8722%
[Worker 7] Round 42 | Loss: 0.0203847 | Train Acc: 99.6549%
[Worker 1] Round 42 | Loss: 0.0111092 | Train Acc: 99.8978%
[Worker 5] Round 42 | Loss: 0.0395018 | Train Acc: 99.0031%
[Worker 6] Round 42 | Loss: 0.0201155 | Train Acc: 99.6549%
[Worker 13] Round 42 | Loss: 0.0187432 | Train Acc: 99.7699%
[Worker 8] Round 42 | Loss: 0.0681779 | Train Acc: 98.0956%
[Worker 12] Round 42 | Loss: 0.0514427 | Train Acc: 98.8625%
[Worker 11] Round 42 | Loss: 0.0181218 | Train Acc: 99.7572%
[Worker 9] Round 42 | Loss: 0.0164268 | Train Acc: 99.7955%
[Worker 15] Round 42 | Loss: 0.0137406 | Train Acc: 99.8211%
[Worker 10] Round 42 | Loss: 0.0396126 | Train Acc: 99.3609%
[Worker 14] Round 42 | Loss: 0.0745618 | Train Acc: 98.3896%
[Central Round] 42 [Global Test Accuracy]: 89.08%
[Worker 21] Round 43 | Loss: 0.07361 | Train Acc: 98.2362%
[Worker 20] Round 43 | Loss: 0.01598 | Train Acc: 99.7316%
[Worker 19] Round 43 | Loss: 0.0464994 | Train Acc: 99.0158%
[Worker 17] Round 43 | Loss: 0.0211182 | Train Acc: 99.6549%
[Worker 22] Round 43 | Loss: 0.0172528 | Train Acc: 99.7955%
[Worker 23] Round 43 | Loss: 0.0157725 | Train Acc: 99.784%
[Worker 18] Round 43 | Loss: 0.0175566 | Train Acc: 99.7699%
[Worker 16] Round 43 | Loss: 0.0120564 | Train Acc: 99.9105%
[Worker 4] Round 43 | Loss: 0.0146302 | Train Acc: 99.7316%
[Worker 3] Round 43 | Loss: 0.0180303 | Train Acc: 99.7316%
[Worker 7] Round 43 | Loss: 0.0205841 | Train Acc: 99.6038%
[Worker 1] Round 43 | Loss: 0.0114047 | Train Acc: 99.8594%
[Worker 5] Round 43 | Loss: 0.0391917 | Train Acc: 99.1437%
[Worker 2] Round 43 | Loss: 0.0121088 | Train Acc: 99.885%
[Worker 6] Round 43 | Loss: 0.019507 | Train Acc: 99.6166%
[Worker 13] Round 43 | Loss: 0.018635 | Train Acc: 99.7827%
[Worker 12] Round 43 | Loss: 0.0510559 | Train Acc: 98.9136%
[Worker 11] Round 43 | Loss: 0.0176675 | Train Acc: 99.8211%
[Worker 10] Round 43 | Loss: 0.0390829 | Train Acc: 99.3354%
[Worker 14] Round 43 | Loss: 0.0749321 | Train Acc: 98.3257%
[Worker 8] Round 43 | Loss: 0.067896 | Train Acc: 98.2106%
[Worker 15] Round 43 | Loss: 0.0133913 | Train Acc: 99.9105%
[Worker 9] Round 43 | Loss: 0.016312 | Train Acc: 99.7316%
[Central Round] 43 [Global Test Accuracy]: 89.09%
[Central] Early stopping at round 43 after 5 rounds without global accuracy improvement.

[Central] Done. Federated data saved to /home-mscluster/ldemelo/HPC_Assignment/problem1/federated_clustering_mpi/metrics/sweep_2/federated/fixed_ppn_n3_p8_rep1_j201387

[mult_node] run_id=fixed_ppn_n3_p8_rep2_j201387 rep=2/3
Rank 2 of 24 processes
Rank 6 of 24 processes
Rank 0 of 24 processes
Rank 7 of 24 processes
Rank 1 of 24 processes
Rank 4 of 24 processes
Rank 3 of 24 processes
Rank 5 of 24 processes
Rank 16 of 24 processes
Rank 15 of 24 processes
Rank 8 of 24 processes
Rank 18 of 24 processes
Rank 10 of 24 processes
Rank 20 of 24 processes
Rank 12 of 24 processes
Rank 22 of 24 processes
Rank 13 of 24 processes
Rank 23 of 24 processes
Rank 14 of 24 processes
Rank 17 of 24 processes
Rank 9 of 24 processes
Rank 19 of 24 processes
Rank 11 of 24 processes
Rank 21 of 24 processes
Softmax regression: 10 classes; 784 features
[Mode] Non-IID Label Shard Distribution
[Mode] Non-IID Label Shard Distribution
[Mode] Non-IID Label Shard Distribution
[Mode] Non-IID Label Shard Distribution
[Distributed Worker 16] Shard size: 2608
[Distributed Worker 18] Shard size: 2608
Softmax regression: 10 classes; 784 features
Softmax regression: 10 classes; 784 features
[Distributed Worker 22] Shard size: 2608
[Distributed Worker 20] Shard size: 2608
Softmax regression: 10 classes; 784 features
Softmax regression: 10 classes; 784 features
[Mode] Non-IID Label Shard Distribution
[Mode] Non-IID Label Shard Distribution
[Mode] Non-IID Label Shard Distribution
[Mode] Non-IID Label Shard Distribution
[Distributed Worker 21] Shard size: 2608
Softmax regression: 10 classes; 784 features
[Distributed Worker 17] Shard size: 2608
[Distributed Worker 19] Shard size: 2608
Softmax regression: 10 classes; 784 features
Softmax regression: 10 classes; 784 features
[Distributed Worker 23] Shard size: 2624
Softmax regression: 10 classes; 784 features
[Worker 16] Round 1 | Loss: 0.0131175 | Train Acc: 99.7699%
[Mode] Non-IID Label Shard Distribution
[Mode] Non-IID Label Shard Distribution
[Mode] Non-IID Label Shard Distribution
[Mode] Non-IID Label Shard Distribution
[Mode] Non-IID Label Shard Distribution
[Mode] Non-IID Label Shard Distribution
[Mode] Non-IID Label Shard Distribution
[Mode] Non-IID Label Shard Distribution
[Mode] Non-IID Label Shard Distribution
[Mode] Non-IID Label Shard Distribution
[Mode] Non-IID Label Shard Distribution
[Mode] Non-IID Label Shard Distribution
[Mode] Non-IID Label Shard Distribution
[Distributed Worker 4] Shard size: 2608
Softmax regression: 10 classes; 784 features
[Distributed Worker 6] Shard size: 2608
Softmax regression: 10 classes; 784 features
[Distributed Worker 2] Shard size: 2608
Softmax regression: 10 classes; 784 features
[Distributed Worker 7] Shard size: 2608
Softmax regression: 10 classes; 784 features
[Distributed Worker 1] Shard size: 2608
Softmax regression: 10 classes; 784 features
[Mode] Non-IID Label Shard Distribution
[Mode] Non-IID Label Shard Distribution
[Distributed Worker 9] Shard size: 2608
[Distributed Worker 15] Shard size: 2608
[Distributed Worker 13] Shard size: 2608
Softmax regression: 10 classes; 784 features
Softmax regression: 10 classes; 784 features
Softmax regression: 10 classes; 784 features
[Distributed Worker 11] Shard size: 2608
Softmax regression: 10 classes; 784 features
[Distributed Worker 12] Shard size: 2608
[Distributed Worker 8] Shard size: 2608
[Distributed Worker 10] Shard size: 2608
Softmax regression: 10 classes; 784 features
Softmax regression: 10 classes; 784 features
Softmax regression: 10 classes; 784 features
[Distributed Worker 14] Shard size: 2608
Softmax regression: 10 classes; 784 features
[Distributed Worker 3] Shard size: 2608
Softmax regression: 10 classes; 784 features
[Distributed Worker 5] Shard size: 2608
Softmax regression: 10 classes; 784 features
[Worker 20] Round 1 | Loss: 0.0115531 | Train Acc: 99.8466%
[Worker 18] Round 1 | Loss: 0.0148768 | Train Acc: 99.7853%
[Worker 22] Round 1 | Loss: 0.0136898 | Train Acc: 99.8159%
[Worker 17] Round 1 | Loss: 0.0304763 | Train Acc: 99.4862%
[Worker 23] Round 1 | Loss: 0.0133203 | Train Acc: 99.8018%
[Worker 21] Round 1 | Loss: 0.0952702 | Train Acc: 97.5613%
[Worker 19] Round 1 | Loss: 0.0637846 | Train Acc: 98.658%
[Worker 2] Round 1 | Loss: 0.0123662 | Train Acc: 99.8313%
[Worker 4] Round 1 | Loss: 0.0135675 | Train Acc: 99.7776%
[Worker 9] Round 1 | Loss: 0.014349 | Train Acc: 99.7546%
[Worker 10] Round 1 | Loss: 0.0514426 | Train Acc: 99.0721%
[Worker 12] Round 1 | Loss: 0.0725421 | Train Acc: 98.1979%
[Worker 8] Round 1 | Loss: 0.0839362 | Train Acc: 97.362%
[Worker 6] Round 1 | Loss: 0.0152394 | Train Acc: 99.7546%
[Worker 14] Round 1 | Loss: 0.0932506 | Train Acc: 97.7147%
[Worker 1] Round 1 | Loss: 0.0114865 | Train Acc: 99.7776%
[Worker 7] Round 1 | Loss: 0.0156707 | Train Acc: 99.7546%
[Worker 15] Round 1 | Loss: 0.0135445 | Train Acc: 99.7623%
[Worker 5] Round 1 | Loss: 0.0560383 | Train Acc: 98.3129%
[Worker 13] Round 1 | Loss: 0.0169953 | Train Acc: 99.8083%
[Worker 3] Round 1 | Loss: 0.0260865 | Train Acc: 99.5245%
[Worker 11] Round 1 | Loss: 0.0137302 | Train Acc: 99.8006%
[Central Round] 1 [Global Test Accuracy]: 65.69%
[Worker 21] Round 2 | Loss: 0.0910167 | Train Acc: 97.8221%
[Worker 22] Round 2 | Loss: 0.0127696 | Train Acc: 99.9003%
[Worker 18] Round 2 | Loss: 0.013655 | Train Acc: 99.9617%
[Worker 17] Round 2 | Loss: 0.0266291 | Train Acc: 99.8083%
[Worker 20] Round 2 | Loss: 0.0114803 | Train Acc: 99.8466%
[Worker 19] Round 2 | Loss: 0.0604459 | Train Acc: 98.819%
[Worker 16] Round 2 | Loss: 0.011564 | Train Acc: 99.931%
[Worker 23] Round 2 | Loss: 0.0126852 | Train Acc: 99.8933%
[Worker 9] Round 2 | Loss: 0.012749 | Train Acc: 99.908%
[Worker 12] Round 2 | Loss: 0.0691853 | Train Acc: 98.2899%
[Worker 10] Round 2 | Loss: 0.0475647 | Train Acc: 99.1948%
[Worker 13] Round 2 | Loss: 0.0162316 | Train Acc: 99.8696%
[Worker 11] Round 2 | Loss: 0.012452 | Train Acc: 99.9156%
[Worker 15] Round 2 | Loss: 0.0116717 | Train Acc: 99.977%
[Worker 2] Round 2 | Loss: 0.0112667 | Train Acc: 99.908%
[Worker 4] Round 2 | Loss: 0.0120336 | Train Acc: 99.9387%
[Worker 3] Round 2 | Loss: 0.0227249 | Train Acc: 99.7086%
[Worker 5] Round 2 | Loss: 0.0509347 | Train Acc: 98.7117%
[Worker 7] Round 2 | Loss: 0.0132974 | Train Acc: 99.931%
[Worker 1] Round 2 | Loss: 0.0108329 | Train Acc: 99.885%
[Worker 6] Round 2 | Loss: 0.0134081 | Train Acc: 99.8773%
[Worker 8] Round 2 | Loss: 0.0790413 | Train Acc: 97.6074%
[Worker 14] Round 2 | Loss: 0.0892656 | Train Acc: 97.8681%
[Central Round] 2 [Global Test Accuracy]: 78.43%
[Worker 21] Round 3 | Loss: 0.0891351 | Train Acc: 97.9295%
[Worker 22] Round 3 | Loss: 0.0125888 | Train Acc: 99.908%
[Worker 18] Round 3 | Loss: 0.0129583 | Train Acc: 99.9156%
[Worker 17] Round 3 | Loss: 0.024201 | Train Acc: 99.8773%
[Worker 20] Round 3 | Loss: 0.0107619 | Train Acc: 99.9233%
[Worker 16] Round 3 | Loss: 0.0102813 | Train Acc: 99.9923%
[Worker 19] Round 3 | Loss: 0.0572226 | Train Acc: 98.888%
[Worker 23] Round 3 | Loss: 0.0118524 | Train Acc: 99.9162%
[Worker 2] Round 3 | Loss: 0.0100709 | Train Acc: 99.977%
[Worker 4] Round 3 | Loss: 0.0108299 | Train Acc: 99.9923%
[Worker 3] Round 3 | Loss: 0.0208981 | Train Acc: 99.7546%
[Worker 5] Round 3 | Loss: 0.0476455 | Train Acc: 98.7347%
[Worker 7] Round 3 | Loss: 0.012265 | Train Acc: 99.977%
[Worker 1] Round 3 | Loss: 0.00934327 | Train Acc: 99.954%
[Worker 6] Round 3 | Loss: 0.0121069 | Train Acc: 99.9847%
[Worker 8] Round 3 | Loss: 0.0751392 | Train Acc: 97.8834%
[Worker 14] Round 3 | Loss: 0.0860472 | Train Acc: 98.0598%
[Worker 9] Round 3 | Loss: 0.0117574 | Train Acc: 99.9233%
[Worker 10] Round 3 | Loss: 0.0449805 | Train Acc: 99.2945%
[Worker 12] Round 3 | Loss: 0.064665 | Train Acc: 98.5583%
[Worker 11] Round 3 | Loss: 0.0117996 | Train Acc: 99.9387%
[Worker 13] Round 3 | Loss: 0.0155014 | Train Acc: 99.885%
[Worker 15] Round 3 | Loss: 0.0105577 | Train Acc: 99.9847%
[Central Round] 3 [Global Test Accuracy]: 82.2%
[Worker 21] Round 4 | Loss: 0.0864896 | Train Acc: 97.9525%
[Worker 22] Round 4 | Loss: 0.0121677 | Train Acc: 99.931%
[Worker 17] Round 4 | Loss: 0.0226575 | Train Acc: 99.885%
[Worker 18] Round 4 | Loss: 0.0120027 | Train Acc: 99.977%
[Worker 19] Round 4 | Loss: 0.0547579 | Train Acc: 98.9647%
[Worker 20] Round 4 | Loss: 0.0106227 | Train Acc: 99.9233%
[Worker 16] Round 4 | Loss: 0.0097982 | Train Acc: 99.9923%
[Worker 23] Round 4 | Loss: 0.0111872 | Train Acc: 99.9619%
[Worker 2] Round 4 | Loss: 0.00979 | Train Acc: 99.977%
[Worker 4] Round 4 | Loss: 0.0101374 | Train Acc: 100%
[Worker 3] Round 4 | Loss: 0.0191511 | Train Acc: 99.8159%
[Worker 5] Round 4 | Loss: 0.0452609 | Train Acc: 98.8727%
[Worker 7] Round 4 | Loss: 0.0121351 | Train Acc: 99.954%
[Worker 6] Round 4 | Loss: 0.011947 | Train Acc: 99.9617%
[Worker 1] Round 4 | Loss: 0.00887089 | Train Acc: 99.977%
[Worker 9] Round 4 | Loss: 0.0115566 | Train Acc: 99.9463%
[Worker 8] Round 4 | Loss: 0.0735228 | Train Acc: 97.8681%
[Worker 12] Round 4 | Loss: 0.0622836 | Train Acc: 98.6273%
[Worker 10] Round 4 | Loss: 0.0432346 | Train Acc: 99.3328%
[Worker 14] Round 4 | Loss: 0.0825125 | Train Acc: 98.1288%
[Worker 11] Round 4 | Loss: 0.0116762 | Train Acc: 99.9387%
[Worker 13] Round 4 | Loss: 0.0148326 | Train Acc: 99.8773%
[Worker 15] Round 4 | Loss: 0.0101342 | Train Acc: 99.9847%
[Central Round] 4 [Global Test Accuracy]: 83.92%
[Worker 21] Round 5 | Loss: 0.100859 | Train Acc: 97.7249%
[Worker 22] Round 5 | Loss: 0.0178275 | Train Acc: 99.885%
[Worker 17] Round 5 | Loss: 0.0299736 | Train Acc: 99.8211%
[Worker 18] Round 5 | Loss: 0.0174315 | Train Acc: 99.9872%
[Worker 16] Round 5 | Loss: 0.0142774 | Train Acc: 99.9872%
[Worker 19] Round 5 | Loss: 0.0679853 | Train Acc: 98.8241%
[Worker 20] Round 5 | Loss: 0.0157994 | Train Acc: 99.8594%
[Worker 23] Round 5 | Loss: 0.0174715 | Train Acc: 99.8603%
[Worker 3] Round 5 | Loss: 0.0266843 | Train Acc: 99.7827%
[Worker 7] Round 5 | Loss: 0.0176207 | Train Acc: 99.9744%
[Worker 4] Round 5 | Loss: 0.0147047 | Train Acc: 99.9872%
[Worker 5] Round 5 | Loss: 0.0547991 | Train Acc: 98.7347%
[Worker 2] Round 5 | Loss: 0.0141273 | Train Acc: 99.9489%
[Worker 1] Round 5 | Loss: 0.0135378 | Train Acc: 99.9233%
[Worker 6] Round 5 | Loss: 0.0180118 | Train Acc: 99.9361%
[Worker 8] Round 5 | Loss: 0.085617 | Train Acc: 97.6483%
[Worker 9] Round 5 | Loss: 0.0172359 | Train Acc: 99.9233%
[Worker 14] Round 5 | Loss: 0.0974468 | Train Acc: 97.9295%
[Worker 12] Round 5 | Loss: 0.0763988 | Train Acc: 98.4407%
[Worker 10] Round 5 | Loss: 0.0545053 | Train Acc: 99.182%
[Worker 11] Round 5 | Loss: 0.0172209 | Train Acc: 99.9361%
[Worker 13] Round 5 | Loss: 0.0228527 | Train Acc: 99.8466%
[Worker 15] Round 5 | Loss: 0.0149433 | Train Acc: 99.9744%
[Central Round] 5 [Global Test Accuracy]: 84.86%
[Worker 21] Round 6 | Loss: 0.0979466 | Train Acc: 97.8911%
[Worker 22] Round 6 | Loss: 0.0180476 | Train Acc: 99.8466%
[Worker 18] Round 6 | Loss: 0.0171147 | Train Acc: 99.9617%
[Worker 17] Round 6 | Loss: 0.0281945 | Train Acc: 99.8722%
[Worker 20] Round 6 | Loss: 0.0157164 | Train Acc: 99.8594%
[Worker 16] Round 6 | Loss: 0.0138898 | Train Acc: 99.9744%
[Worker 19] Round 6 | Loss: 0.0658281 | Train Acc: 98.8369%
[Worker 23] Round 6 | Loss: 0.0171214 | Train Acc: 99.8222%
[Worker 3] Round 6 | Loss: 0.0254959 | Train Acc: 99.7572%
[Worker 5] Round 6 | Loss: 0.0537232 | Train Acc: 98.773%
[Worker 7] Round 6 | Loss: 0.0185938 | Train Acc: 99.885%
[Worker 4] Round 6 | Loss: 0.0144843 | Train Acc: 99.9744%
[Worker 2] Round 6 | Loss: 0.0135463 | Train Acc: 99.9744%
[Worker 1] Round 6 | Loss: 0.0124264 | Train Acc: 99.9617%
[Worker 6] Round 6 | Loss: 0.0176539 | Train Acc: 99.9233%
[Worker 9] Round 6 | Loss: 0.0168645 | Train Acc: 99.9489%
[Worker 8] Round 6 | Loss: 0.0846814 | Train Acc: 97.8016%
[Worker 10] Round 6 | Loss: 0.0529134 | Train Acc: 99.297%
[Worker 12] Round 6 | Loss: 0.0744789 | Train Acc: 98.4407%
[Worker 11] Round 6 | Loss: 0.0170845 | Train Acc: 99.9105%
[Worker 14] Round 6 | Loss: 0.0948033 | Train Acc: 97.8911%
[Worker 15] Round 6 | Loss: 0.0143041 | Train Acc: 99.9872%
[Worker 13] Round 6 | Loss: 0.0221412 | Train Acc: 99.8338%
[Central Round] 6 [Global Test Accuracy]: 85.35%
[Worker 21] Round 7 | Loss: 0.0957374 | Train Acc: 97.9806%
[Worker 22] Round 7 | Loss: 0.0176338 | Train Acc: 99.8978%
[Worker 17] Round 7 | Loss: 0.0275485 | Train Acc: 99.8338%
[Worker 18] Round 7 | Loss: 0.0174465 | Train Acc: 99.9105%
[Worker 19] Round 7 | Loss: 0.0640192 | Train Acc: 98.8753%
[Worker 20] Round 7 | Loss: 0.01573 | Train Acc: 99.8594%
[Worker 16] Round 7 | Loss: 0.0136356 | Train Acc: 99.9872%
[Worker 23] Round 7 | Loss: 0.0168134 | Train Acc: 99.8857%
[Worker 3] Round 7 | Loss: 0.0244188 | Train Acc: 99.7955%
[Worker 5] Round 7 | Loss: 0.0515031 | Train Acc: 98.7219%
[Worker 7] Round 7 | Loss: 0.0180283 | Train Acc: 99.9489%
[Worker 2] Round 7 | Loss: 0.0135793 | Train Acc: 99.9617%
[Worker 4] Round 7 | Loss: 0.014257 | Train Acc: 99.9233%
[Worker 1] Round 7 | Loss: 0.0127263 | Train Acc: 99.9489%
[Worker 6] Round 7 | Loss: 0.0178137 | Train Acc: 99.885%
[Worker 8] Round 7 | Loss: 0.0827133 | Train Acc: 97.6866%
[Worker 9] Round 7 | Loss: 0.0168071 | Train Acc: 99.9233%
[Worker 14] Round 7 | Loss: 0.0929043 | Train Acc: 98.0317%
[Worker 12] Round 7 | Loss: 0.0720992 | Train Acc: 98.5685%
[Worker 10] Round 7 | Loss: 0.0518803 | Train Acc: 99.2587%
[Worker 11] Round 7 | Loss: 0.0163532 | Train Acc: 99.9361%
[Worker 13] Round 7 | Loss: 0.0219359 | Train Acc: 99.7955%
[Worker 15] Round 7 | Loss: 0.0144872 | Train Acc: 99.9361%
[Central Round] 7 [Global Test Accuracy]: 85.82%
[Worker 21] Round 8 | Loss: 0.0941506 | Train Acc: 97.8911%
[Worker 22] Round 8 | Loss: 0.0180393 | Train Acc: 99.8338%
[Worker 18] Round 8 | Loss: 0.0172953 | Train Acc: 99.8594%
[Worker 17] Round 8 | Loss: 0.0263084 | Train Acc: 99.8211%
[Worker 16] Round 8 | Loss: 0.0135022 | Train Acc: 99.9744%
[Worker 20] Round 8 | Loss: 0.015226 | Train Acc: 99.9233%
[Worker 19] Round 8 | Loss: 0.0623231 | Train Acc: 98.888%
[Worker 23] Round 8 | Loss: 0.0165179 | Train Acc: 99.9238%
[Worker 3] Round 8 | Loss: 0.0234557 | Train Acc: 99.7827%
[Worker 5] Round 8 | Loss: 0.0504133 | Train Acc: 98.7858%
[Worker 4] Round 8 | Loss: 0.0142015 | Train Acc: 99.9233%
[Worker 2] Round 8 | Loss: 0.0133797 | Train Acc: 99.9361%
[Worker 7] Round 8 | Loss: 0.0181889 | Train Acc: 99.8594%
[Worker 1] Round 8 | Loss: 0.0123155 | Train Acc: 99.9361%
[Worker 6] Round 8 | Loss: 0.0179087 | Train Acc: 99.885%
[Worker 9] Round 8 | Loss: 0.0167992 | Train Acc: 99.8978%
[Worker 8] Round 8 | Loss: 0.0814497 | Train Acc: 97.7889%
[Worker 12] Round 8 | Loss: 0.0697486 | Train Acc: 98.5046%
[Worker 10] Round 8 | Loss: 0.0506422 | Train Acc: 99.2331%
[Worker 14] Round 8 | Loss: 0.0913685 | Train Acc: 98.0445%
[Worker 15] Round 8 | Loss: 0.0143158 | Train Acc: 99.9872%
[Worker 11] Round 8 | Loss: 0.016534 | Train Acc: 99.885%
[Worker 13] Round 8 | Loss: 0.0215375 | Train Acc: 99.7827%
[Central Round] 8 [Global Test Accuracy]: 86.14%
[Worker 21] Round 9 | Loss: 0.0934057 | Train Acc: 97.9039%
[Worker 22] Round 9 | Loss: 0.0171617 | Train Acc: 99.9233%
[Worker 17] Round 9 | Loss: 0.0256446 | Train Acc: 99.8466%
[Worker 18] Round 9 | Loss: 0.0164481 | Train Acc: 99.9233%
[Worker 16] Round 9 | Loss: 0.0135374 | Train Acc: 99.9233%
[Worker 19] Round 9 | Loss: 0.0610834 | Train Acc: 98.8497%
[Worker 23] Round 9 | Loss: 0.0163203 | Train Acc: 99.8984%
[Worker 20] Round 9 | Loss: 0.0155879 | Train Acc: 99.8211%
[Worker 5] Round 9 | Loss: 0.0493403 | Train Acc: 98.888%
[Worker 6] Round 9 | Loss: 0.0183925 | Train Acc: 99.8594%
[Worker 4] Round 9 | Loss: 0.0144172 | Train Acc: 99.8978%
[Worker 3] Round 9 | Loss: 0.0227111 | Train Acc: 99.7827%
[Worker 7] Round 9 | Loss: 0.0183794 | Train Acc: 99.8978%
[Worker 1] Round 9 | Loss: 0.0123423 | Train Acc: 99.9617%
[Worker 2] Round 9 | Loss: 0.0129303 | Train Acc: 99.9744%
[Worker 8] Round 9 | Loss: 0.0807495 | Train Acc: 97.8144%
[Worker 9] Round 9 | Loss: 0.0167116 | Train Acc: 99.9361%
[Worker 10] Round 9 | Loss: 0.049387 | Train Acc: 99.2587%
[Worker 12] Round 9 | Loss: 0.0684025 | Train Acc: 98.6068%
[Worker 14] Round 9 | Loss: 0.0904534 | Train Acc: 98.1212%
[Worker 11] Round 9 | Loss: 0.0159074 | Train Acc: 99.9233%
[Worker 13] Round 9 | Loss: 0.0206787 | Train Acc: 99.8466%
[Worker 15] Round 9 | Loss: 0.0143503 | Train Acc: 99.9105%
[Central Round] 9 [Global Test Accuracy]: 86.35%
[Worker 21] Round 10 | Loss: 0.0902791 | Train Acc: 97.9167%
[Worker 22] Round 10 | Loss: 0.0173941 | Train Acc: 99.8083%
[Worker 17] Round 10 | Loss: 0.0252479 | Train Acc: 99.7955%
[Worker 18] Round 10 | Loss: 0.0171259 | Train Acc: 99.8338%
[Worker 19] Round 10 | Loss: 0.0594823 | Train Acc: 98.9392%
[Worker 20] Round 10 | Loss: 0.0154054 | Train Acc: 99.8722%
[Worker 16] Round 10 | Loss: 0.0133871 | Train Acc: 99.9489%
[Worker 23] Round 10 | Loss: 0.0167215 | Train Acc: 99.8222%
[Worker 3] Round 10 | Loss: 0.022351 | Train Acc: 99.7955%
[Worker 5] Round 10 | Loss: 0.0481325 | Train Acc: 98.888%
[Worker 7] Round 10 | Loss: 0.0180455 | Train Acc: 99.8978%
[Worker 2] Round 10 | Loss: 0.0133107 | Train Acc: 99.8978%
[Worker 4] Round 10 | Loss: 0.0140891 | Train Acc: 99.885%
[Worker 1] Round 10 | Loss: 0.011999 | Train Acc: 99.9361%
[Worker 6] Round 10 | Loss: 0.0179875 | Train Acc: 99.8466%
[Worker 9] Round 10 | Loss: 0.0165003 | Train Acc: 99.9105%
[Worker 8] Round 10 | Loss: 0.0782527 | Train Acc: 97.8911%
[Worker 12] Round 10 | Loss: 0.0669044 | Train Acc: 98.5685%
[Worker 10] Round 10 | Loss: 0.0486835 | Train Acc: 99.1948%
[Worker 14] Round 10 | Loss: 0.0883766 | Train Acc: 98.1595%
[Worker 11] Round 10 | Loss: 0.0167867 | Train Acc: 99.885%
[Worker 15] Round 10 | Loss: 0.0142509 | Train Acc: 99.9361%
[Worker 13] Round 10 | Loss: 0.0207231 | Train Acc: 99.8466%
[Central Round] 10 [Global Test Accuracy]: 86.75%
[Worker 21] Round 11 | Loss: 0.0896908 | Train Acc: 98.0061%
[Worker 22] Round 11 | Loss: 0.0179815 | Train Acc: 99.7699%
[Worker 17] Round 11 | Loss: 0.0248603 | Train Acc: 99.8211%
[Worker 18] Round 11 | Loss: 0.0167871 | Train Acc: 99.885%
[Worker 19] Round 11 | Loss: 0.0580937 | Train Acc: 98.888%
[Worker 20] Round 11 | Loss: 0.0158316 | Train Acc: 99.8722%
[Worker 16] Round 11 | Loss: 0.0129963 | Train Acc: 99.9617%
[Worker 23] Round 11 | Loss: 0.0157218 | Train Acc: 99.9111%
[Worker 3] Round 11 | Loss: 0.0220837 | Train Acc: 99.7827%
[Worker 5] Round 11 | Loss: 0.047937 | Train Acc: 98.9008%
[Worker 2] Round 11 | Loss: 0.0131103 | Train Acc: 99.9361%
[Worker 4] Round 11 | Loss: 0.0142252 | Train Acc: 99.8594%
[Worker 7] Round 11 | Loss: 0.0179226 | Train Acc: 99.8466%
[Worker 6] Round 11 | Loss: 0.0178003 | Train Acc: 99.8722%
[Worker 1] Round 11 | Loss: 0.0118331 | Train Acc: 99.9617%
[Worker 9] Round 11 | Loss: 0.0165386 | Train Acc: 99.8722%
[Worker 12] Round 11 | Loss: 0.0658307 | Train Acc: 98.5813%
[Worker 10] Round 11 | Loss: 0.048025 | Train Acc: 99.3482%
[Worker 8] Round 11 | Loss: 0.0784073 | Train Acc: 97.8911%
[Worker 14] Round 11 | Loss: 0.087217 | Train Acc: 98.1851%
[Worker 11] Round 11 | Loss: 0.0161258 | Train Acc: 99.8978%
[Worker 15] Round 11 | Loss: 0.0143326 | Train Acc: 99.9105%
[Worker 13] Round 11 | Loss: 0.0201789 | Train Acc: 99.8083%
[Central Round] 11 [Global Test Accuracy]: 86.89%
[Worker 21] Round 12 | Loss: 0.0882353 | Train Acc: 98.1339%
[Worker 22] Round 12 | Loss: 0.0171798 | Train Acc: 99.8466%
[Worker 18] Round 12 | Loss: 0.0173887 | Train Acc: 99.7955%
[Worker 17] Round 12 | Loss: 0.0245385 | Train Acc: 99.7955%
[Worker 19] Round 12 | Loss: 0.0581271 | Train Acc: 98.8241%
[Worker 20] Round 12 | Loss: 0.0152015 | Train Acc: 99.8594%
[Worker 16] Round 12 | Loss: 0.0130501 | Train Acc: 99.9361%
[Worker 23] Round 12 | Loss: 0.0162887 | Train Acc: 99.8857%
[Worker 5] Round 12 | Loss: 0.0471362 | Train Acc: 98.888%
[Worker 2] Round 12 | Loss: 0.0132153 | Train Acc: 99.9361%
[Worker 3] Round 12 | Loss: 0.0220156 | Train Acc: 99.7444%
[Worker 4] Round 12 | Loss: 0.0146731 | Train Acc: 99.8722%
[Worker 7] Round 12 | Loss: 0.0184984 | Train Acc: 99.8338%
[Worker 6] Round 12 | Loss: 0.0180197 | Train Acc: 99.8594%
[Worker 1] Round 12 | Loss: 0.012559 | Train Acc: 99.885%
[Worker 8] Round 12 | Loss: 0.0775684 | Train Acc: 97.9039%
[Worker 9] Round 12 | Loss: 0.0172444 | Train Acc: 99.8338%
[Worker 10] Round 12 | Loss: 0.0465483 | Train Acc: 99.4121%
[Worker 12] Round 12 | Loss: 0.0645356 | Train Acc: 98.7091%
[Worker 14] Round 12 | Loss: 0.086481 | Train Acc: 98.1979%
[Worker 11] Round 12 | Loss: 0.0167191 | Train Acc: 99.8338%
[Worker 15] Round 12 | Loss: 0.0142625 | Train Acc: 99.9361%
[Worker 13] Round 12 | Loss: 0.0204655 | Train Acc: 99.8083%
[Central Round] 12 [Global Test Accuracy]: 87.09%
[Worker 21] Round 13 | Loss: 0.0865205 | Train Acc: 98.1212%
[Worker 22] Round 13 | Loss: 0.0174158 | Train Acc: 99.7955%
[Worker 17] Round 13 | Loss: 0.0240832 | Train Acc: 99.7827%
[Worker 18] Round 13 | Loss: 0.0168186 | Train Acc: 99.8338%
[Worker 19] Round 13 | Loss: 0.056811 | Train Acc: 98.9008%
[Worker 20] Round 13 | Loss: 0.014773 | Train Acc: 99.9233%
[Worker 16] Round 13 | Loss: 0.0131408 | Train Acc: 99.9361%
[Worker 23] Round 13 | Loss: 0.0161983 | Train Acc: 99.8476%
[Worker 2] Round 13 | Loss: 0.0124205 | Train Acc: 99.9617%
[Worker 3] Round 13 | Loss: 0.0217376 | Train Acc: 99.7316%
[Worker 4] Round 13 | Loss: 0.0145561 | Train Acc: 99.8722%
[Worker 7] Round 13 | Loss: 0.0188874 | Train Acc: 99.8594%
[Worker 5] Round 13 | Loss: 0.0463016 | Train Acc: 98.9136%
[Worker 6] Round 13 | Loss: 0.0184278 | Train Acc: 99.8338%
[Worker 1] Round 13 | Loss: 0.0121354 | Train Acc: 99.8978%
[Worker 9] Round 13 | Loss: 0.0165249 | Train Acc: 99.8978%
[Worker 8] Round 13 | Loss: 0.0771739 | Train Acc: 97.84%
[Worker 10] Round 13 | Loss: 0.0467956 | Train Acc: 99.3354%
[Worker 12] Round 13 | Loss: 0.063202 | Train Acc: 98.6708%
[Worker 14] Round 13 | Loss: 0.0859075 | Train Acc: 98.1467%
[Worker 11] Round 13 | Loss: 0.0159193 | Train Acc: 99.885%
[Worker 15] Round 13 | Loss: 0.0140668 | Train Acc: 99.9489%
[Worker 13] Round 13 | Loss: 0.0203312 | Train Acc: 99.8466%
[Central Round] 13 [Global Test Accuracy]: 87.28%
[Worker 21] Round 14 | Loss: 0.0862082 | Train Acc: 97.9806%
[Worker 17] Round 14 | Loss: 0.023588 | Train Acc: 99.7444%
[Worker 19] Round 14 | Loss: 0.0561852 | Train Acc: 98.9264%
[Worker 23] Round 14 | Loss: 0.0162711 | Train Acc: 99.784%
[Worker 22] Round 14 | Loss: 0.0171054 | Train Acc: 99.8722%
[Worker 18] Round 14 | Loss: 0.0166605 | Train Acc: 99.8722%
[Worker 20] Round 14 | Loss: 0.0150236 | Train Acc: 99.8594%
[Worker 16] Round 14 | Loss: 0.0125745 | Train Acc: 99.9233%
[Worker 9] Round 14 | Loss: 0.0161521 | Train Acc: 99.8978%
[Worker 10] Round 14 | Loss: 0.0457307 | Train Acc: 99.3865%
[Worker 15] Round 14 | Loss: 0.0142797 | Train Acc: 99.8978%
[Worker 11] Round 14 | Loss: 0.0165982 | Train Acc: 99.8594%
[Worker 13] Round 14 | Loss: 0.0201055 | Train Acc: 99.8211%
[Worker 12] Round 14 | Loss: 0.0618 | Train Acc: 98.7858%
[Worker 7] Round 14 | Loss: 0.0185788 | Train Acc: 99.8338%
[Worker 3] Round 14 | Loss: 0.0212941 | Train Acc: 99.7699%
[Worker 4] Round 14 | Loss: 0.0148987 | Train Acc: 99.8211%
[Worker 5] Round 14 | Loss: 0.0462113 | Train Acc: 98.9008%
[Worker 2] Round 14 | Loss: 0.0129452 | Train Acc: 99.8978%
[Worker 1] Round 14 | Loss: 0.0119166 | Train Acc: 99.9233%
[Worker 6] Round 14 | Loss: 0.0183136 | Train Acc: 99.8211%
[Worker 8] Round 14 | Loss: 0.0763228 | Train Acc: 97.9806%
[Worker 14] Round 14 | Loss: 0.0843345 | Train Acc: 98.2106%
[Central Round] 14 [Global Test Accuracy]: 87.44%
[Worker 22] Round 15 | Loss: 0.0175649 | Train Acc: 99.8211%
[Worker 18] Round 15 | Loss: 0.0166235 | Train Acc: 99.8083%
[Worker 21] Round 15 | Loss: 0.0864498 | Train Acc: 97.9806%
[Worker 20] Round 15 | Loss: 0.015617 | Train Acc: 99.8338%
[Worker 16] Round 15 | Loss: 0.0130283 | Train Acc: 99.9233%
[Worker 17] Round 15 | Loss: 0.0237305 | Train Acc: 99.7572%
[Worker 19] Round 15 | Loss: 0.0548421 | Train Acc: 98.9903%
[Worker 23] Round 15 | Loss: 0.0161447 | Train Acc: 99.8984%
[Worker 3] Round 15 | Loss: 0.0209282 | Train Acc: 99.7699%
[Worker 4] Round 15 | Loss: 0.0142253 | Train Acc: 99.8338%
[Worker 2] Round 15 | Loss: 0.0126753 | Train Acc: 99.9233%
[Worker 5] Round 15 | Loss: 0.0449367 | Train Acc: 98.9136%
[Worker 7] Round 15 | Loss: 0.0185991 | Train Acc: 99.8211%
[Worker 1] Round 15 | Loss: 0.0114977 | Train Acc: 99.9489%
[Worker 6] Round 15 | Loss: 0.0180439 | Train Acc: 99.7827%
[Worker 8] Round 15 | Loss: 0.0760778 | Train Acc: 97.9806%
[Worker 14] Round 15 | Loss: 0.0839059 | Train Acc: 98.2234%
[Worker 9] Round 15 | Loss: 0.0165484 | Train Acc: 99.8466%
[Worker 12] Round 15 | Loss: 0.0615293 | Train Acc: 98.6708%
[Worker 10] Round 15 | Loss: 0.0454435 | Train Acc: 99.297%
[Worker 15] Round 15 | Loss: 0.0139893 | Train Acc: 99.9233%
[Worker 11] Round 15 | Loss: 0.0160076 | Train Acc: 99.885%
[Worker 13] Round 15 | Loss: 0.0199874 | Train Acc: 99.8083%
[Central Round] 15 [Global Test Accuracy]: 87.59%
[Worker 21] Round 16 | Loss: 0.0841989 | Train Acc: 98.0956%
[Worker 22] Round 16 | Loss: 0.017134 | Train Acc: 99.7444%
[Worker 17] Round 16 | Loss: 0.0230378 | Train Acc: 99.8211%
[Worker 18] Round 16 | Loss: 0.016488 | Train Acc: 99.8338%
[Worker 19] Round 16 | Loss: 0.0545228 | Train Acc: 98.9519%
[Worker 20] Round 16 | Loss: 0.0153433 | Train Acc: 99.8083%
[Worker 16] Round 16 | Loss: 0.013001 | Train Acc: 99.9233%
[Worker 23] Round 16 | Loss: 0.0160132 | Train Acc: 99.8094%
[Worker 3] Round 16 | Loss: 0.020632 | Train Acc: 99.7827%
[Worker 4] Round 16 | Loss: 0.0142031 | Train Acc: 99.8211%
[Worker 5] Round 16 | Loss: 0.0444178 | Train Acc: 98.9136%
[Worker 2] Round 16 | Loss: 0.0126928 | Train Acc: 99.9361%
[Worker 7] Round 16 | Loss: 0.0188137 | Train Acc: 99.8338%
[Worker 1] Round 16 | Loss: 0.0118921 | Train Acc: 99.9233%
[Worker 6] Round 16 | Loss: 0.0194071 | Train Acc: 99.7572%
[Worker 9] Round 16 | Loss: 0.0169382 | Train Acc: 99.8338%
[Worker 8] Round 16 | Loss: 0.074802 | Train Acc: 97.8911%
[Worker 10] Round 16 | Loss: 0.0452211 | Train Acc: 99.3482%
[Worker 12] Round 16 | Loss: 0.0604054 | Train Acc: 98.6963%
[Worker 11] Round 16 | Loss: 0.0160927 | Train Acc: 99.8722%
[Worker 14] Round 16 | Loss: 0.0829239 | Train Acc: 98.3512%
[Worker 13] Round 16 | Loss: 0.0199404 | Train Acc: 99.7699%
[Worker 15] Round 16 | Loss: 0.0137401 | Train Acc: 99.9233%
[Central Round] 16 [Global Test Accuracy]: 87.73%
[Worker 21] Round 17 | Loss: 0.0840368 | Train Acc: 98.0573%
[Worker 22] Round 17 | Loss: 0.0173976 | Train Acc: 99.8211%
[Worker 18] Round 17 | Loss: 0.0165491 | Train Acc: 99.8466%
[Worker 17] Round 17 | Loss: 0.023008 | Train Acc: 99.7444%
[Worker 19] Round 17 | Loss: 0.053853 | Train Acc: 98.9264%
[Worker 20] Round 17 | Loss: 0.0155646 | Train Acc: 99.8083%
[Worker 16] Round 17 | Loss: 0.0125745 | Train Acc: 99.9489%
[Worker 23] Round 17 | Loss: 0.0156408 | Train Acc: 99.8603%
[Worker 4] Round 17 | Loss: 0.0146707 | Train Acc: 99.7955%
[Worker 3] Round 17 | Loss: 0.02037 | Train Acc: 99.7444%
[Worker 2] Round 17 | Loss: 0.0126866 | Train Acc: 99.9105%
[Worker 5] Round 17 | Loss: 0.0440572 | Train Acc: 98.9775%
[Worker 7] Round 17 | Loss: 0.0195702 | Train Acc: 99.7188%
[Worker 1] Round 17 | Loss: 0.0116761 | Train Acc: 99.9233%
[Worker 6] Round 17 | Loss: 0.0184175 | Train Acc: 99.8338%
[Worker 9] Round 17 | Loss: 0.0165547 | Train Acc: 99.8594%
[Worker 8] Round 17 | Loss: 0.0755343 | Train Acc: 97.955%
[Worker 12] Round 17 | Loss: 0.0602236 | Train Acc: 98.7219%
[Worker 10] Round 17 | Loss: 0.0445883 | Train Acc: 99.3609%
[Worker 11] Round 17 | Loss: 0.0168342 | Train Acc: 99.7827%
[Worker 14] Round 17 | Loss: 0.0837558 | Train Acc: 98.2745%
[Worker 15] Round 17 | Loss: 0.0139183 | Train Acc: 99.8978%
[Worker 13] Round 17 | Loss: 0.0197261 | Train Acc: 99.7955%
[Central Round] 17 [Global Test Accuracy]: 87.83%
[Worker 21] Round 18 | Loss: 0.0826959 | Train Acc: 98.2106%
[Worker 22] Round 18 | Loss: 0.016874 | Train Acc: 99.885%
[Worker 17] Round 18 | Loss: 0.0227716 | Train Acc: 99.6805%
[Worker 18] Round 18 | Loss: 0.0169474 | Train Acc: 99.7827%
[Worker 19] Round 18 | Loss: 0.0532318 | Train Acc: 98.9264%
[Worker 16] Round 18 | Loss: 0.0126378 | Train Acc: 99.9489%
[Worker 23] Round 18 | Loss: 0.0160544 | Train Acc: 99.8603%
[Worker 20] Round 18 | Loss: 0.0154996 | Train Acc: 99.7827%
[Worker 3] Round 18 | Loss: 0.0201017 | Train Acc: 99.7444%
[Worker 4] Round 18 | Loss: 0.0144496 | Train Acc: 99.8466%
[Worker 2] Round 18 | Loss: 0.0123218 | Train Acc: 99.9233%
[Worker 5] Round 18 | Loss: 0.0441172 | Train Acc: 98.9392%
[Worker 7] Round 18 | Loss: 0.0193342 | Train Acc: 99.7572%
[Worker 1] Round 18 | Loss: 0.0117288 | Train Acc: 99.9105%
[Worker 6] Round 18 | Loss: 0.0189966 | Train Acc: 99.7188%
[Worker 9] Round 18 | Loss: 0.0165668 | Train Acc: 99.8083%
[Worker 8] Round 18 | Loss: 0.0741715 | Train Acc: 98.1212%
[Worker 10] Round 18 | Loss: 0.0453438 | Train Acc: 99.3354%
[Worker 12] Round 18 | Loss: 0.0594699 | Train Acc: 98.7347%
[Worker 14] Round 18 | Loss: 0.0820909 | Train Acc: 98.2745%
[Worker 15] Round 18 | Loss: 0.0137863 | Train Acc: 99.9105%
[Worker 11] Round 18 | Loss: 0.0171011 | Train Acc: 99.7699%
[Worker 13] Round 18 | Loss: 0.0200414 | Train Acc: 99.7955%
[Central Round] 18 [Global Test Accuracy]: 87.94%
[Worker 21] Round 19 | Loss: 0.0826126 | Train Acc: 98.2106%
[Worker 22] Round 19 | Loss: 0.0174903 | Train Acc: 99.7955%
[Worker 17] Round 19 | Loss: 0.0229184 | Train Acc: 99.7188%
[Worker 18] Round 19 | Loss: 0.0167994 | Train Acc: 99.7188%
[Worker 19] Round 19 | Loss: 0.0529202 | Train Acc: 98.8753%
[Worker 20] Round 19 | Loss: 0.0155572 | Train Acc: 99.7827%
[Worker 16] Round 19 | Loss: 0.0129678 | Train Acc: 99.8978%
[Worker 23] Round 19 | Loss: 0.0156772 | Train Acc: 99.8603%
[Worker 4] Round 19 | Loss: 0.0144532 | Train Acc: 99.7955%
[Worker 5] Round 19 | Loss: 0.0436215 | Train Acc: 98.9519%
[Worker 2] Round 19 | Loss: 0.0124034 | Train Acc: 99.9105%
[Worker 3] Round 19 | Loss: 0.0204184 | Train Acc: 99.706%
[Worker 7] Round 19 | Loss: 0.0190094 | Train Acc: 99.7444%
[Worker 1] Round 19 | Loss: 0.0117959 | Train Acc: 99.8978%
[Worker 6] Round 19 | Loss: 0.0194102 | Train Acc: 99.7188%
[Worker 9] Round 19 | Loss: 0.0165771 | Train Acc: 99.8594%
[Worker 8] Round 19 | Loss: 0.0734798 | Train Acc: 98.0317%
[Worker 10] Round 19 | Loss: 0.0441023 | Train Acc: 99.4248%
[Worker 12] Round 19 | Loss: 0.0585631 | Train Acc: 98.7986%
[Worker 14] Round 19 | Loss: 0.0820097 | Train Acc: 98.1979%
[Worker 11] Round 19 | Loss: 0.0166527 | Train Acc: 99.8594%
[Worker 13] Round 19 | Loss: 0.019779 | Train Acc: 99.8083%
[Worker 15] Round 19 | Loss: 0.014117 | Train Acc: 99.9105%
[Central Round] 19 [Global Test Accuracy]: 88.03%
[Worker 21] Round 20 | Loss: 0.081433 | Train Acc: 98.1595%
[Worker 22] Round 20 | Loss: 0.017357 | Train Acc: 99.7699%
[Worker 17] Round 20 | Loss: 0.0223876 | Train Acc: 99.7572%
[Worker 18] Round 20 | Loss: 0.0163616 | Train Acc: 99.8211%
[Worker 19] Round 20 | Loss: 0.0518632 | Train Acc: 99.0414%
[Worker 20] Round 20 | Loss: 0.0151603 | Train Acc: 99.8211%
[Worker 16] Round 20 | Loss: 0.0128688 | Train Acc: 99.9233%
[Worker 23] Round 20 | Loss: 0.0162071 | Train Acc: 99.7967%
[Worker 2] Round 20 | Loss: 0.013056 | Train Acc: 99.8722%
[Worker 4] Round 20 | Loss: 0.0148 | Train Acc: 99.7955%
[Worker 3] Round 20 | Loss: 0.0200965 | Train Acc: 99.7444%
[Worker 5] Round 20 | Loss: 0.0432345 | Train Acc: 98.9647%
[Worker 7] Round 20 | Loss: 0.0187992 | Train Acc: 99.7316%
[Worker 1] Round 20 | Loss: 0.0116159 | Train Acc: 99.9105%
[Worker 6] Round 20 | Loss: 0.0190065 | Train Acc: 99.7444%
[Worker 9] Round 20 | Loss: 0.0166694 | Train Acc: 99.8722%
[Worker 8] Round 20 | Loss: 0.0733061 | Train Acc: 98.0573%
[Worker 10] Round 20 | Loss: 0.0435072 | Train Acc: 99.3865%
[Worker 12] Round 20 | Loss: 0.0583491 | Train Acc: 98.7474%
[Worker 11] Round 20 | Loss: 0.0166811 | Train Acc: 99.8083%
[Worker 14] Round 20 | Loss: 0.0815498 | Train Acc: 98.2362%
[Worker 15] Round 20 | Loss: 0.0135593 | Train Acc: 99.9233%
[Worker 13] Round 20 | Loss: 0.0196002 | Train Acc: 99.7955%
[Central Round] 20 [Global Test Accuracy]: 88.05%
[Worker 21] Round 21 | Loss: 0.0806354 | Train Acc: 98.1723%
[Worker 22] Round 21 | Loss: 0.018032 | Train Acc: 99.706%
[Worker 17] Round 21 | Loss: 0.0228785 | Train Acc: 99.6805%
[Worker 18] Round 21 | Loss: 0.016886 | Train Acc: 99.8211%
[Worker 19] Round 21 | Loss: 0.0520838 | Train Acc: 99.0158%
[Worker 16] Round 21 | Loss: 0.0129014 | Train Acc: 99.9105%
[Worker 20] Round 21 | Loss: 0.0156166 | Train Acc: 99.8338%
[Worker 23] Round 21 | Loss: 0.0156529 | Train Acc: 99.8476%
[Worker 5] Round 21 | Loss: 0.0431924 | Train Acc: 98.9264%
[Worker 2] Round 21 | Loss: 0.0124446 | Train Acc: 99.885%
[Worker 4] Round 21 | Loss: 0.0147259 | Train Acc: 99.7955%
[Worker 7] Round 21 | Loss: 0.0192572 | Train Acc: 99.7444%
[Worker 3] Round 21 | Loss: 0.0196682 | Train Acc: 99.7699%
[Worker 1] Round 21 | Loss: 0.0117557 | Train Acc: 99.9105%
[Worker 6] Round 21 | Loss: 0.0182174 | Train Acc: 99.8083%
[Worker 9] Round 21 | Loss: 0.0164497 | Train Acc: 99.7955%
[Worker 10] Round 21 | Loss: 0.0429588 | Train Acc: 99.3609%
[Worker 11] Round 21 | Loss: 0.0168908 | Train Acc: 99.8211%
[Worker 8] Round 21 | Loss: 0.072838 | Train Acc: 98.0445%
[Worker 13] Round 21 | Loss: 0.0194487 | Train Acc: 99.8466%
[Worker 12] Round 21 | Loss: 0.0573766 | Train Acc: 98.8241%
[Worker 15] Round 21 | Loss: 0.0141389 | Train Acc: 99.885%
[Worker 14] Round 21 | Loss: 0.0816495 | Train Acc: 98.2745%
[Central Round] 21 [Global Test Accuracy]: 88.19%
[Worker 21] Round 22 | Loss: 0.0797054 | Train Acc: 98.2618%
[Worker 22] Round 22 | Loss: 0.0171267 | Train Acc: 99.7827%
[Worker 18] Round 22 | Loss: 0.0169974 | Train Acc: 99.7572%
[Worker 17] Round 22 | Loss: 0.0225431 | Train Acc: 99.6549%
[Worker 19] Round 22 | Loss: 0.051351 | Train Acc: 98.9392%
[Worker 20] Round 22 | Loss: 0.0152337 | Train Acc: 99.8338%
[Worker 16] Round 22 | Loss: 0.0128236 | Train Acc: 99.9361%
[Worker 23] Round 22 | Loss: 0.0162486 | Train Acc: 99.7586%
[Worker 3] Round 22 | Loss: 0.0198798 | Train Acc: 99.7316%
[Worker 5] Round 22 | Loss: 0.0424538 | Train Acc: 99.0031%
[Worker 2] Round 22 | Loss: 0.0126347 | Train Acc: 99.9105%
[Worker 4] Round 22 | Loss: 0.0147052 | Train Acc: 99.7699%
[Worker 7] Round 22 | Loss: 0.0191139 | Train Acc: 99.7316%
[Worker 6] Round 22 | Loss: 0.0193347 | Train Acc: 99.6933%
[Worker 1] Round 22 | Loss: 0.0116226 | Train Acc: 99.9105%
[Worker 8] Round 22 | Loss: 0.0725981 | Train Acc: 97.9295%
[Worker 14] Round 22 | Loss: 0.0806356 | Train Acc: 98.3001%
[Worker 9] Round 22 | Loss: 0.0161393 | Train Acc: 99.885%
[Worker 12] Round 22 | Loss: 0.0571772 | Train Acc: 98.8241%
[Worker 10] Round 22 | Loss: 0.0431675 | Train Acc: 99.4248%
[Worker 11] Round 22 | Loss: 0.0166256 | Train Acc: 99.8594%
[Worker 15] Round 22 | Loss: 0.0139351 | Train Acc: 99.8722%
[Worker 13] Round 22 | Loss: 0.019521 | Train Acc: 99.8594%
[Central Round] 22 [Global Test Accuracy]: 88.22%
[Worker 21] Round 23 | Loss: 0.0796193 | Train Acc: 98.249%
[Worker 22] Round 23 | Loss: 0.017452 | Train Acc: 99.7827%
[Worker 17] Round 23 | Loss: 0.0227187 | Train Acc: 99.6805%
[Worker 18] Round 23 | Loss: 0.0172606 | Train Acc: 99.7699%
[Worker 19] Round 23 | Loss: 0.0513584 | Train Acc: 98.9775%
[Worker 20] Round 23 | Loss: 0.0150729 | Train Acc: 99.8083%
[Worker 16] Round 23 | Loss: 0.012803 | Train Acc: 99.9361%
[Worker 23] Round 23 | Loss: 0.0160859 | Train Acc: 99.8094%
[Worker 3] Round 23 | Loss: 0.0195219 | Train Acc: 99.706%
[Worker 5] Round 23 | Loss: 0.0421258 | Train Acc: 98.9903%
[Worker 2] Round 23 | Loss: 0.0124712 | Train Acc: 99.8722%
[Worker 4] Round 23 | Loss: 0.0145156 | Train Acc: 99.8083%
[Worker 7] Round 23 | Loss: 0.0192189 | Train Acc: 99.7188%
[Worker 1] Round 23 | Loss: 0.0121785 | Train Acc: 99.9361%
[Worker 6] Round 23 | Loss: 0.018459 | Train Acc: 99.7572%
[Worker 10] Round 23 | Loss: 0.0424468 | Train Acc: 99.4121%
[Worker 8] Round 23 | Loss: 0.0727451 | Train Acc: 98.1339%
[Worker 12] Round 23 | Loss: 0.056534 | Train Acc: 98.7219%
[Worker 14] Round 23 | Loss: 0.0806545 | Train Acc: 98.2745%
[Worker 11] Round 23 | Loss: 0.0164855 | Train Acc: 99.8211%
[Worker 15] Round 23 | Loss: 0.0138641 | Train Acc: 99.8722%
[Worker 13] Round 23 | Loss: 0.0193076 | Train Acc: 99.8338%
[Worker 9] Round 23 | Loss: 0.0167146 | Train Acc: 99.8083%
[Central Round] 23 [Global Test Accuracy]: 88.35%
[Worker 21] Round 24 | Loss: 0.0801972 | Train Acc: 98.1851%
[Worker 22] Round 24 | Loss: 0.0172766 | Train Acc: 99.7572%
[Worker 17] Round 24 | Loss: 0.0224239 | Train Acc: 99.6677%
[Worker 18] Round 24 | Loss: 0.0172778 | Train Acc: 99.7955%
[Worker 19] Round 24 | Loss: 0.0507539 | Train Acc: 98.9647%
[Worker 20] Round 24 | Loss: 0.0159753 | Train Acc: 99.7827%
[Worker 23] Round 24 | Loss: 0.0160623 | Train Acc: 99.8094%
[Worker 16] Round 24 | Loss: 0.0126656 | Train Acc: 99.9361%
[Worker 4] Round 24 | Loss: 0.0149091 | Train Acc: 99.7699%
[Worker 3] Round 24 | Loss: 0.019556 | Train Acc: 99.7316%
[Worker 5] Round 24 | Loss: 0.0419712 | Train Acc: 99.0031%
[Worker 2] Round 24 | Loss: 0.0122465 | Train Acc: 99.8466%
[Worker 7] Round 24 | Loss: 0.0194664 | Train Acc: 99.6933%
[Worker 1] Round 24 | Loss: 0.0116833 | Train Acc: 99.8594%
[Worker 6] Round 24 | Loss: 0.0192762 | Train Acc: 99.6933%
[Worker 9] Round 24 | Loss: 0.0165032 | Train Acc: 99.8466%
[Worker 8] Round 24 | Loss: 0.0720272 | Train Acc: 97.9806%
[Worker 10] Round 24 | Loss: 0.0427786 | Train Acc: 99.3226%
[Worker 12] Round 24 | Loss: 0.0563063 | Train Acc: 98.7986%
[Worker 14] Round 24 | Loss: 0.0802847 | Train Acc: 98.3257%
[Worker 11] Round 24 | Loss: 0.0167467 | Train Acc: 99.8338%
[Worker 15] Round 24 | Loss: 0.0138273 | Train Acc: 99.885%
[Worker 13] Round 24 | Loss: 0.0197904 | Train Acc: 99.7955%
[Central Round] 24 [Global Test Accuracy]: 88.36%
[Worker 21] Round 25 | Loss: 0.0796064 | Train Acc: 98.1723%
[Worker 22] Round 25 | Loss: 0.0170763 | Train Acc: 99.7827%
[Worker 18] Round 25 | Loss: 0.0172776 | Train Acc: 99.7444%
[Worker 17] Round 25 | Loss: 0.0220319 | Train Acc: 99.6933%
[Worker 19] Round 25 | Loss: 0.0507069 | Train Acc: 98.9775%
[Worker 20] Round 25 | Loss: 0.0157956 | Train Acc: 99.7572%
[Worker 16] Round 25 | Loss: 0.0125075 | Train Acc: 99.9617%
[Worker 23] Round 25 | Loss: 0.0159405 | Train Acc: 99.784%
[Worker 4] Round 25 | Loss: 0.0147899 | Train Acc: 99.7699%
[Worker 3] Round 25 | Loss: 0.0197101 | Train Acc: 99.6933%
[Worker 5] Round 25 | Loss: 0.0416266 | Train Acc: 99.0286%
[Worker 7] Round 25 | Loss: 0.0190479 | Train Acc: 99.7316%
[Worker 2] Round 25 | Loss: 0.0124895 | Train Acc: 99.885%
[Worker 6] Round 25 | Loss: 0.018631 | Train Acc: 99.7827%
[Worker 1] Round 25 | Loss: 0.0115513 | Train Acc: 99.885%
[Worker 9] Round 25 | Loss: 0.017023 | Train Acc: 99.8211%
[Worker 8] Round 25 | Loss: 0.071803 | Train Acc: 98.1212%
[Worker 10] Round 25 | Loss: 0.0429347 | Train Acc: 99.297%
[Worker 14] Round 25 | Loss: 0.0800644 | Train Acc: 98.2618%
[Worker 12] Round 25 | Loss: 0.0557835 | Train Acc: 98.888%
[Worker 15] Round 25 | Loss: 0.0138362 | Train Acc: 99.8978%
[Worker 11] Round 25 | Loss: 0.0166476 | Train Acc: 99.7827%
[Worker 13] Round 25 | Loss: 0.0188908 | Train Acc: 99.9361%
[Central Round] 25 [Global Test Accuracy]: 88.49%
[Worker 21] Round 26 | Loss: 0.0779874 | Train Acc: 98.1723%
[Worker 22] Round 26 | Loss: 0.0170109 | Train Acc: 99.8083%
[Worker 17] Round 26 | Loss: 0.022265 | Train Acc: 99.7444%
[Worker 18] Round 26 | Loss: 0.0171199 | Train Acc: 99.7699%
[Worker 19] Round 26 | Loss: 0.0501355 | Train Acc: 98.9647%
[Worker 16] Round 26 | Loss: 0.0123743 | Train Acc: 99.9233%
[Worker 20] Round 26 | Loss: 0.0159219 | Train Acc: 99.7955%
[Worker 23] Round 26 | Loss: 0.0155511 | Train Acc: 99.8476%
[Worker 4] Round 26 | Loss: 0.0143035 | Train Acc: 99.7955%
[Worker 3] Round 26 | Loss: 0.0192269 | Train Acc: 99.706%
[Worker 5] Round 26 | Loss: 0.0412564 | Train Acc: 98.9647%
[Worker 2] Round 26 | Loss: 0.0127527 | Train Acc: 99.8722%
[Worker 7] Round 26 | Loss: 0.0188142 | Train Acc: 99.706%
[Worker 6] Round 26 | Loss: 0.0191149 | Train Acc: 99.6933%
[Worker 1] Round 26 | Loss: 0.0115745 | Train Acc: 99.9361%
[Worker 9] Round 26 | Loss: 0.0167064 | Train Acc: 99.7572%
[Worker 8] Round 26 | Loss: 0.0714655 | Train Acc: 98.1467%
[Worker 10] Round 26 | Loss: 0.0422074 | Train Acc: 99.4376%
[Worker 12] Round 26 | Loss: 0.0552107 | Train Acc: 98.8497%
[Worker 11] Round 26 | Loss: 0.0162642 | Train Acc: 99.8466%
[Worker 14] Round 26 | Loss: 0.0789582 | Train Acc: 98.2234%
[Worker 13] Round 26 | Loss: 0.0191575 | Train Acc: 99.7699%
[Worker 15] Round 26 | Loss: 0.0134788 | Train Acc: 99.885%
[Central Round] 26 [Global Test Accuracy]: 88.55%
[Worker 21] Round 27 | Loss: 0.0785861 | Train Acc: 98.249%
[Worker 22] Round 27 | Loss: 0.017288 | Train Acc: 99.7827%
[Worker 17] Round 27 | Loss: 0.0214776 | Train Acc: 99.7316%
[Worker 18] Round 27 | Loss: 0.0167763 | Train Acc: 99.7444%
[Worker 19] Round 27 | Loss: 0.0497283 | Train Acc: 98.8753%
[Worker 20] Round 27 | Loss: 0.0160333 | Train Acc: 99.7572%
[Worker 16] Round 27 | Loss: 0.0131048 | Train Acc: 99.8978%
[Worker 23] Round 27 | Loss: 0.0152606 | Train Acc: 99.9111%
[Worker 5] Round 27 | Loss: 0.0414002 | Train Acc: 99.0542%
[Worker 4] Round 27 | Loss: 0.0146182 | Train Acc: 99.7444%
[Worker 3] Round 27 | Loss: 0.0193215 | Train Acc: 99.6805%
[Worker 7] Round 27 | Loss: 0.0197733 | Train Acc: 99.6293%
[Worker 2] Round 27 | Loss: 0.0121862 | Train Acc: 99.885%
[Worker 6] Round 27 | Loss: 0.0195902 | Train Acc: 99.6549%
[Worker 1] Round 27 | Loss: 0.0116322 | Train Acc: 99.8722%
[Worker 9] Round 27 | Loss: 0.0167724 | Train Acc: 99.7572%
[Worker 10] Round 27 | Loss: 0.0419205 | Train Acc: 99.3993%
[Worker 8] Round 27 | Loss: 0.0704576 | Train Acc: 98.0956%
[Worker 12] Round 27 | Loss: 0.0553488 | Train Acc: 98.8625%
[Worker 11] Round 27 | Loss: 0.0167225 | Train Acc: 99.8211%
[Worker 13] Round 27 | Loss: 0.0193055 | Train Acc: 99.7955%
[Worker 15] Round 27 | Loss: 0.0136719 | Train Acc: 99.9233%
[Worker 14] Round 27 | Loss: 0.0792807 | Train Acc: 98.3512%
[Central Round] 27 [Global Test Accuracy]: 88.55%
[Worker 21] Round 28 | Loss: 0.0774343 | Train Acc: 98.1467%
[Worker 22] Round 28 | Loss: 0.0169693 | Train Acc: 99.7827%
[Worker 17] Round 28 | Loss: 0.0217948 | Train Acc: 99.6933%
[Worker 18] Round 28 | Loss: 0.0177065 | Train Acc: 99.7316%
[Worker 19] Round 28 | Loss: 0.0493277 | Train Acc: 98.9264%
[Worker 20] Round 28 | Loss: 0.015726 | Train Acc: 99.8211%
[Worker 16] Round 28 | Loss: 0.0124909 | Train Acc: 99.9617%
[Worker 23] Round 28 | Loss: 0.0155561 | Train Acc: 99.8349%
[Worker 3] Round 28 | Loss: 0.0196214 | Train Acc: 99.6933%
[Worker 5] Round 28 | Loss: 0.0409145 | Train Acc: 99.0031%
[Worker 4] Round 28 | Loss: 0.0152356 | Train Acc: 99.7572%
[Worker 7] Round 28 | Loss: 0.0203395 | Train Acc: 99.6549%
[Worker 2] Round 28 | Loss: 0.0121099 | Train Acc: 99.8594%
[Worker 6] Round 28 | Loss: 0.0193524 | Train Acc: 99.706%
[Worker 1] Round 28 | Loss: 0.0115877 | Train Acc: 99.8978%
[Worker 9] Round 28 | Loss: 0.0169395 | Train Acc: 99.7699%
[Worker 8] Round 28 | Loss: 0.0711808 | Train Acc: 98.1212%
[Worker 10] Round 28 | Loss: 0.0414362 | Train Acc: 99.3737%
[Worker 12] Round 28 | Loss: 0.0545336 | Train Acc: 98.7986%
[Worker 14] Round 28 | Loss: 0.0775831 | Train Acc: 98.364%
[Worker 11] Round 28 | Loss: 0.0166662 | Train Acc: 99.8083%
[Worker 15] Round 28 | Loss: 0.013906 | Train Acc: 99.8722%
[Worker 13] Round 28 | Loss: 0.0196216 | Train Acc: 99.7572%
[Central Round] 28 [Global Test Accuracy]: 88.6%
[Worker 21] Round 29 | Loss: 0.0766319 | Train Acc: 98.2106%
[Worker 22] Round 29 | Loss: 0.0171894 | Train Acc: 99.7699%
[Worker 18] Round 29 | Loss: 0.0164919 | Train Acc: 99.8211%
[Worker 17] Round 29 | Loss: 0.0216966 | Train Acc: 99.6677%
[Worker 19] Round 29 | Loss: 0.048947 | Train Acc: 98.9519%
[Worker 20] Round 29 | Loss: 0.016058 | Train Acc: 99.7955%
[Worker 16] Round 29 | Loss: 0.0123207 | Train Acc: 99.9361%
[Worker 23] Round 29 | Loss: 0.0157408 | Train Acc: 99.8476%
[Worker 4] Round 29 | Loss: 0.0147272 | Train Acc: 99.7699%
[Worker 3] Round 29 | Loss: 0.0190068 | Train Acc: 99.6805%
[Worker 5] Round 29 | Loss: 0.0411844 | Train Acc: 99.0158%
[Worker 7] Round 29 | Loss: 0.0198879 | Train Acc: 99.7316%
[Worker 2] Round 29 | Loss: 0.012547 | Train Acc: 99.8338%
[Worker 1] Round 29 | Loss: 0.0118584 | Train Acc: 99.8722%
[Worker 6] Round 29 | Loss: 0.0194913 | Train Acc: 99.7316%
[Worker 9] Round 29 | Loss: 0.0166589 | Train Acc: 99.8211%
[Worker 8] Round 29 | Loss: 0.0701929 | Train Acc: 98.1212%
[Worker 10] Round 29 | Loss: 0.0413558 | Train Acc: 99.4248%
[Worker 12] Round 29 | Loss: 0.0551547 | Train Acc: 98.8113%
[Worker 14] Round 29 | Loss: 0.079204 | Train Acc: 98.3257%
[Worker 11] Round 29 | Loss: 0.0167588 | Train Acc: 99.8211%
[Worker 13] Round 29 | Loss: 0.0194525 | Train Acc: 99.8338%
[Worker 15] Round 29 | Loss: 0.0138339 | Train Acc: 99.8978%
[Central Round] 29 [Global Test Accuracy]: 88.67%
[Worker 21] Round 30 | Loss: 0.0778341 | Train Acc: 98.1595%
[Worker 22] Round 30 | Loss: 0.0170098 | Train Acc: 99.7699%
[Worker 18] Round 30 | Loss: 0.0171145 | Train Acc: 99.7827%
[Worker 17] Round 30 | Loss: 0.0212534 | Train Acc: 99.6421%
[Worker 19] Round 30 | Loss: 0.0489191 | Train Acc: 99.0414%
[Worker 20] Round 30 | Loss: 0.015514 | Train Acc: 99.7572%
[Worker 16] Round 30 | Loss: 0.0127906 | Train Acc: 99.9233%
[Worker 23] Round 30 | Loss: 0.0154452 | Train Acc: 99.873%
[Worker 4] Round 30 | Loss: 0.0150553 | Train Acc: 99.7572%
[Worker 5] Round 30 | Loss: 0.0406565 | Train Acc: 99.0798%
[Worker 7] Round 30 | Loss: 0.0202441 | Train Acc: 99.5143%
[Worker 3] Round 30 | Loss: 0.0185831 | Train Acc: 99.7444%
[Worker 2] Round 30 | Loss: 0.0122507 | Train Acc: 99.8594%
[Worker 6] Round 30 | Loss: 0.0191948 | Train Acc: 99.6933%
[Worker 1] Round 30 | Loss: 0.0121868 | Train Acc: 99.8211%
[Worker 9] Round 30 | Loss: 0.0168795 | Train Acc: 99.7955%
[Worker 10] Round 30 | Loss: 0.04204 | Train Acc: 99.3993%
[Worker 11] Round 30 | Loss: 0.0165204 | Train Acc: 99.8338%
[Worker 8] Round 30 | Loss: 0.0706127 | Train Acc: 98.0573%
[Worker 12] Round 30 | Loss: 0.0546412 | Train Acc: 98.8113%
[Worker 15] Round 30 | Loss: 0.0138034 | Train Acc: 99.9105%
[Worker 13] Round 30 | Loss: 0.019812 | Train Acc: 99.7955%
[Worker 14] Round 30 | Loss: 0.0778674 | Train Acc: 98.3384%
[Central Round] 30 [Global Test Accuracy]: 88.71%
[Worker 21] Round 31 | Loss: 0.0760541 | Train Acc: 98.2745%
[Worker 22] Round 31 | Loss: 0.017738 | Train Acc: 99.7699%
[Worker 17] Round 31 | Loss: 0.0211364 | Train Acc: 99.6677%
[Worker 18] Round 31 | Loss: 0.0168864 | Train Acc: 99.8211%
[Worker 19] Round 31 | Loss: 0.0480935 | Train Acc: 98.9775%
[Worker 16] Round 31 | Loss: 0.0123075 | Train Acc: 99.9361%
[Worker 20] Round 31 | Loss: 0.0157069 | Train Acc: 99.7827%
[Worker 23] Round 31 | Loss: 0.016042 | Train Acc: 99.7332%
[Worker 5] Round 31 | Loss: 0.0410188 | Train Acc: 99.0542%
[Worker 3] Round 31 | Loss: 0.0186064 | Train Acc: 99.7444%
[Worker 4] Round 31 | Loss: 0.0145616 | Train Acc: 99.7699%
[Worker 2] Round 31 | Loss: 0.0124305 | Train Acc: 99.8466%
[Worker 7] Round 31 | Loss: 0.0198743 | Train Acc: 99.7188%
[Worker 1] Round 31 | Loss: 0.0112116 | Train Acc: 99.9105%
[Worker 6] Round 31 | Loss: 0.0193785 | Train Acc: 99.6677%
[Worker 8] Round 31 | Loss: 0.0713411 | Train Acc: 98.1339%
[Worker 9] Round 31 | Loss: 0.0163142 | Train Acc: 99.8466%
[Worker 12] Round 31 | Loss: 0.0535468 | Train Acc: 98.8241%
[Worker 14] Round 31 | Loss: 0.0777982 | Train Acc: 98.4663%
[Worker 10] Round 31 | Loss: 0.0414361 | Train Acc: 99.3609%
[Worker 11] Round 31 | Loss: 0.0167754 | Train Acc: 99.7955%
[Worker 13] Round 31 | Loss: 0.0193077 | Train Acc: 99.8211%
[Worker 15] Round 31 | Loss: 0.0136493 | Train Acc: 99.8978%
[Central Round] 31 [Global Test Accuracy]: 88.75%
[Worker 21] Round 32 | Loss: 0.0761307 | Train Acc: 98.1595%
[Worker 22] Round 32 | Loss: 0.0171565 | Train Acc: 99.7827%
[Worker 17] Round 32 | Loss: 0.0215895 | Train Acc: 99.6293%
[Worker 18] Round 32 | Loss: 0.0170857 | Train Acc: 99.8211%
[Worker 19] Round 32 | Loss: 0.0483195 | Train Acc: 98.9903%
[Worker 20] Round 32 | Loss: 0.0155531 | Train Acc: 99.8211%
[Worker 16] Round 32 | Loss: 0.0126314 | Train Acc: 99.9105%
[Worker 23] Round 32 | Loss: 0.0157492 | Train Acc: 99.8603%
[Worker 4] Round 32 | Loss: 0.0149903 | Train Acc: 99.7699%
[Worker 5] Round 32 | Loss: 0.0405516 | Train Acc: 99.0542%
[Worker 3] Round 32 | Loss: 0.0186567 | Train Acc: 99.7444%
[Worker 7] Round 32 | Loss: 0.0196283 | Train Acc: 99.7188%
[Worker 2] Round 32 | Loss: 0.0122168 | Train Acc: 99.8978%
[Worker 1] Round 32 | Loss: 0.0117239 | Train Acc: 99.8594%
[Worker 6] Round 32 | Loss: 0.0187042 | Train Acc: 99.7572%
[Worker 9] Round 32 | Loss: 0.0162607 | Train Acc: 99.8338%
[Worker 10] Round 32 | Loss: 0.0410518 | Train Acc: 99.3737%
[Worker 8] Round 32 | Loss: 0.0703871 | Train Acc: 98.0828%
[Worker 12] Round 32 | Loss: 0.0536465 | Train Acc: 98.8113%
[Worker 11] Round 32 | Loss: 0.0172528 | Train Acc: 99.8211%
[Worker 14] Round 32 | Loss: 0.078129 | Train Acc: 98.3257%
[Worker 15] Round 32 | Loss: 0.0136992 | Train Acc: 99.8978%
[Worker 13] Round 32 | Loss: 0.0191197 | Train Acc: 99.7955%
[Central Round] 32 [Global Test Accuracy]: 88.82%
[Worker 21] Round 33 | Loss: 0.0762792 | Train Acc: 98.1851%
[Worker 22] Round 33 | Loss: 0.0170561 | Train Acc: 99.7827%
[Worker 17] Round 33 | Loss: 0.0214684 | Train Acc: 99.6421%
[Worker 18] Round 33 | Loss: 0.0170868 | Train Acc: 99.7955%
[Worker 19] Round 33 | Loss: 0.0481165 | Train Acc: 99.0158%
[Worker 20] Round 33 | Loss: 0.0158015 | Train Acc: 99.8083%
[Worker 23] Round 33 | Loss: 0.0160965 | Train Acc: 99.7713%
[Worker 16] Round 33 | Loss: 0.012259 | Train Acc: 99.9233%
[Worker 4] Round 33 | Loss: 0.0149294 | Train Acc: 99.7699%
[Worker 5] Round 33 | Loss: 0.0402281 | Train Acc: 99.0798%
[Worker 3] Round 33 | Loss: 0.0185184 | Train Acc: 99.7827%
[Worker 7] Round 33 | Loss: 0.019932 | Train Acc: 99.706%
[Worker 2] Round 33 | Loss: 0.0121984 | Train Acc: 99.8722%
[Worker 1] Round 33 | Loss: 0.0113026 | Train Acc: 99.8722%
[Worker 6] Round 33 | Loss: 0.0194682 | Train Acc: 99.6805%
[Worker 9] Round 33 | Loss: 0.016375 | Train Acc: 99.8211%
[Worker 8] Round 33 | Loss: 0.0696745 | Train Acc: 98.1212%
[Worker 10] Round 33 | Loss: 0.0411899 | Train Acc: 99.3482%
[Worker 12] Round 33 | Loss: 0.0531765 | Train Acc: 98.8753%
[Worker 11] Round 33 | Loss: 0.0169672 | Train Acc: 99.8083%
[Worker 14] Round 33 | Loss: 0.0775404 | Train Acc: 98.3129%
[Worker 15] Round 33 | Loss: 0.0134543 | Train Acc: 99.8722%
[Worker 13] Round 33 | Loss: 0.0190317 | Train Acc: 99.7188%
[Central Round] 33 [Global Test Accuracy]: 88.85%
[Worker 21] Round 34 | Loss: 0.075536 | Train Acc: 98.2362%
[Worker 22] Round 34 | Loss: 0.0173485 | Train Acc: 99.6805%
[Worker 17] Round 34 | Loss: 0.0217794 | Train Acc: 99.6421%
[Worker 18] Round 34 | Loss: 0.0170889 | Train Acc: 99.6805%
[Worker 19] Round 34 | Loss: 0.0476782 | Train Acc: 99.0031%
[Worker 20] Round 34 | Loss: 0.0159541 | Train Acc: 99.8083%
[Worker 16] Round 34 | Loss: 0.0121139 | Train Acc: 99.9361%
[Worker 23] Round 34 | Loss: 0.0154037 | Train Acc: 99.8476%
[Worker 4] Round 34 | Loss: 0.0151023 | Train Acc: 99.706%
[Worker 2] Round 34 | Loss: 0.0121785 | Train Acc: 99.9233%
[Worker 5] Round 34 | Loss: 0.0400738 | Train Acc: 99.0286%
[Worker 7] Round 34 | Loss: 0.0202238 | Train Acc: 99.6166%
[Worker 3] Round 34 | Loss: 0.0184842 | Train Acc: 99.7572%
[Worker 6] Round 34 | Loss: 0.0192267 | Train Acc: 99.6805%
[Worker 1] Round 34 | Loss: 0.0113662 | Train Acc: 99.8978%
[Worker 9] Round 34 | Loss: 0.0162904 | Train Acc: 99.8083%
[Worker 8] Round 34 | Loss: 0.068871 | Train Acc: 98.1084%
[Worker 10] Round 34 | Loss: 0.040552 | Train Acc: 99.4121%
[Worker 12] Round 34 | Loss: 0.0538646 | Train Acc: 98.8369%
[Worker 14] Round 34 | Loss: 0.0766716 | Train Acc: 98.4407%
[Worker 11] Round 34 | Loss: 0.017214 | Train Acc: 99.7827%
[Worker 13] Round 34 | Loss: 0.0192993 | Train Acc: 99.7955%
[Worker 15] Round 34 | Loss: 0.013821 | Train Acc: 99.8594%
[Central Round] 34 [Global Test Accuracy]: 88.87%
[Worker 21] Round 35 | Loss: 0.0756957 | Train Acc: 98.2234%
[Worker 22] Round 35 | Loss: 0.0168429 | Train Acc: 99.7955%
[Worker 17] Round 35 | Loss: 0.0212571 | Train Acc: 99.6166%
[Worker 18] Round 35 | Loss: 0.0167651 | Train Acc: 99.7827%
[Worker 19] Round 35 | Loss: 0.046929 | Train Acc: 99.0286%
[Worker 20] Round 35 | Loss: 0.0161935 | Train Acc: 99.7572%
[Worker 16] Round 35 | Loss: 0.0125727 | Train Acc: 99.8978%
[Worker 23] Round 35 | Loss: 0.0156653 | Train Acc: 99.8222%
[Worker 5] Round 35 | Loss: 0.0401858 | Train Acc: 99.1564%
[Worker 3] Round 35 | Loss: 0.0188509 | Train Acc: 99.6805%
[Worker 2] Round 35 | Loss: 0.0120763 | Train Acc: 99.885%
[Worker 7] Round 35 | Loss: 0.0199303 | Train Acc: 99.6805%
[Worker 4] Round 35 | Loss: 0.0145982 | Train Acc: 99.706%
[Worker 1] Round 35 | Loss: 0.0117647 | Train Acc: 99.8466%
[Worker 6] Round 35 | Loss: 0.0194253 | Train Acc: 99.7316%
[Worker 9] Round 35 | Loss: 0.0159873 | Train Acc: 99.8338%
[Worker 8] Round 35 | Loss: 0.0686502 | Train Acc: 98.1723%
[Worker 10] Round 35 | Loss: 0.0408036 | Train Acc: 99.3482%
[Worker 12] Round 35 | Loss: 0.0529535 | Train Acc: 98.8241%
[Worker 14] Round 35 | Loss: 0.0770875 | Train Acc: 98.3129%
[Worker 11] Round 35 | Loss: 0.016916 | Train Acc: 99.7699%
[Worker 15] Round 35 | Loss: 0.0130631 | Train Acc: 99.885%
[Worker 13] Round 35 | Loss: 0.0203611 | Train Acc: 99.6421%
[Central Round] 35 [Global Test Accuracy]: 88.89%
[Worker 21] Round 36 | Loss: 0.0756104 | Train Acc: 98.07%
[Worker 22] Round 36 | Loss: 0.0171969 | Train Acc: 99.7955%
[Worker 18] Round 36 | Loss: 0.0166309 | Train Acc: 99.7827%
[Worker 17] Round 36 | Loss: 0.0211794 | Train Acc: 99.6933%
[Worker 19] Round 36 | Loss: 0.0481042 | Train Acc: 98.9775%
[Worker 16] Round 36 | Loss: 0.0118734 | Train Acc: 99.9617%
[Worker 20] Round 36 | Loss: 0.015888 | Train Acc: 99.8083%
[Worker 23] Round 36 | Loss: 0.0155079 | Train Acc: 99.8603%
[Worker 3] Round 36 | Loss: 0.0182647 | Train Acc: 99.7444%
[Worker 5] Round 36 | Loss: 0.0399069 | Train Acc: 99.0798%
[Worker 2] Round 36 | Loss: 0.0123424 | Train Acc: 99.8594%
[Worker 4] Round 36 | Loss: 0.0150457 | Train Acc: 99.7444%
[Worker 7] Round 36 | Loss: 0.0200148 | Train Acc: 99.6549%
[Worker 1] Round 36 | Loss: 0.0117747 | Train Acc: 99.8594%
[Worker 6] Round 36 | Loss: 0.0190052 | Train Acc: 99.6166%
[Worker 9] Round 36 | Loss: 0.0163772 | Train Acc: 99.7572%
[Worker 8] Round 36 | Loss: 0.0686317 | Train Acc: 98.2106%
[Worker 14] Round 36 | Loss: 0.0765053 | Train Acc: 98.4663%
[Worker 10] Round 36 | Loss: 0.040256 | Train Acc: 99.3609%
[Worker 12] Round 36 | Loss: 0.0528112 | Train Acc: 98.9903%
[Worker 11] Round 36 | Loss: 0.0173361 | Train Acc: 99.7955%
[Worker 15] Round 36 | Loss: 0.0135123 | Train Acc: 99.885%
[Worker 13] Round 36 | Loss: 0.0192457 | Train Acc: 99.7572%
[Central Round] 36 [Global Test Accuracy]: 88.89%
[Worker 21] Round 37 | Loss: 0.0744292 | Train Acc: 98.2106%
[Worker 22] Round 37 | Loss: 0.0175678 | Train Acc: 99.7572%
[Worker 17] Round 37 | Loss: 0.0213727 | Train Acc: 99.6421%
[Worker 18] Round 37 | Loss: 0.0173635 | Train Acc: 99.7827%
[Worker 19] Round 37 | Loss: 0.0474199 | Train Acc: 99.0542%
[Worker 20] Round 37 | Loss: 0.0154819 | Train Acc: 99.7699%
[Worker 16] Round 37 | Loss: 0.0127546 | Train Acc: 99.9105%
[Worker 23] Round 37 | Loss: 0.0156783 | Train Acc: 99.7967%
[Worker 5] Round 37 | Loss: 0.039589 | Train Acc: 99.0925%
[Worker 3] Round 37 | Loss: 0.0179854 | Train Acc: 99.7699%
[Worker 4] Round 37 | Loss: 0.0148356 | Train Acc: 99.7444%
[Worker 7] Round 37 | Loss: 0.0195059 | Train Acc: 99.6933%
[Worker 2] Round 37 | Loss: 0.0121221 | Train Acc: 99.885%
[Worker 1] Round 37 | Loss: 0.0116925 | Train Acc: 99.8722%
[Worker 6] Round 37 | Loss: 0.0193388 | Train Acc: 99.6677%
[Worker 9] Round 37 | Loss: 0.0161954 | Train Acc: 99.706%
[Worker 12] Round 37 | Loss: 0.0523263 | Train Acc: 98.9136%
[Worker 8] Round 37 | Loss: 0.0681132 | Train Acc: 98.1595%
[Worker 14] Round 37 | Loss: 0.0756848 | Train Acc: 98.4024%
[Worker 10] Round 37 | Loss: 0.0403676 | Train Acc: 99.3226%
[Worker 15] Round 37 | Loss: 0.0138467 | Train Acc: 99.8722%
[Worker 11] Round 37 | Loss: 0.0170161 | Train Acc: 99.8338%
[Worker 13] Round 37 | Loss: 0.0190928 | Train Acc: 99.8083%
[Central Round] 37 [Global Test Accuracy]: 88.91%
[Worker 21] Round 38 | Loss: 0.0734091 | Train Acc: 98.2745%
[Worker 22] Round 38 | Loss: 0.0175365 | Train Acc: 99.7316%
[Worker 17] Round 38 | Loss: 0.021322 | Train Acc: 99.6549%
[Worker 18] Round 38 | Loss: 0.0168351 | Train Acc: 99.706%
[Worker 19] Round 38 | Loss: 0.0467387 | Train Acc: 99.0158%
[Worker 20] Round 38 | Loss: 0.0165099 | Train Acc: 99.7699%
[Worker 16] Round 38 | Loss: 0.0121611 | Train Acc: 99.9105%
[Worker 23] Round 38 | Loss: 0.0153309 | Train Acc: 99.8349%
[Worker 2] Round 38 | Loss: 0.0120428 | Train Acc: 99.885%
[Worker 5] Round 38 | Loss: 0.0393017 | Train Acc: 99.1053%
[Worker 3] Round 38 | Loss: 0.0180875 | Train Acc: 99.7955%
[Worker 7] Round 38 | Loss: 0.0195638 | Train Acc: 99.6549%
[Worker 4] Round 38 | Loss: 0.0148234 | Train Acc: 99.7444%
[Worker 1] Round 38 | Loss: 0.0115613 | Train Acc: 99.8338%
[Worker 6] Round 38 | Loss: 0.0200872 | Train Acc: 99.6549%
[Worker 9] Round 38 | Loss: 0.0164335 | Train Acc: 99.7827%
[Worker 8] Round 38 | Loss: 0.0679483 | Train Acc: 98.1723%
[Worker 12] Round 38 | Loss: 0.0522319 | Train Acc: 98.9008%
[Worker 10] Round 38 | Loss: 0.0399954 | Train Acc: 99.3737%
[Worker 11] Round 38 | Loss: 0.0170459 | Train Acc: 99.8083%
[Worker 14] Round 38 | Loss: 0.0765902 | Train Acc: 98.2873%
[Worker 13] Round 38 | Loss: 0.0190798 | Train Acc: 99.7955%
[Worker 15] Round 38 | Loss: 0.0139009 | Train Acc: 99.8211%
[Central Round] 38 [Global Test Accuracy]: 88.93%
[Worker 21] Round 39 | Loss: 0.0735818 | Train Acc: 98.2106%
[Worker 22] Round 39 | Loss: 0.0172354 | Train Acc: 99.6805%
[Worker 17] Round 39 | Loss: 0.0211164 | Train Acc: 99.6549%
[Worker 19] Round 39 | Loss: 0.0468442 | Train Acc: 99.0542%
[Worker 18] Round 39 | Loss: 0.0169605 | Train Acc: 99.7827%
[Worker 16] Round 39 | Loss: 0.0123901 | Train Acc: 99.9233%
[Worker 20] Round 39 | Loss: 0.0155215 | Train Acc: 99.8338%
[Worker 23] Round 39 | Loss: 0.0156713 | Train Acc: 99.8349%
[Worker 3] Round 39 | Loss: 0.0180943 | Train Acc: 99.7699%
[Worker 5] Round 39 | Loss: 0.0398537 | Train Acc: 99.0542%
[Worker 2] Round 39 | Loss: 0.0126323 | Train Acc: 99.8338%
[Worker 7] Round 39 | Loss: 0.0209534 | Train Acc: 99.6038%
[Worker 4] Round 39 | Loss: 0.0150705 | Train Acc: 99.7188%
[Worker 6] Round 39 | Loss: 0.0210804 | Train Acc: 99.6038%
[Worker 1] Round 39 | Loss: 0.0115533 | Train Acc: 99.8722%
[Worker 9] Round 39 | Loss: 0.0166297 | Train Acc: 99.7316%
[Worker 8] Round 39 | Loss: 0.0678283 | Train Acc: 98.1979%
[Worker 10] Round 39 | Loss: 0.0399505 | Train Acc: 99.3993%
[Worker 12] Round 39 | Loss: 0.0524288 | Train Acc: 98.8497%
[Worker 11] Round 39 | Loss: 0.017168 | Train Acc: 99.8083%
[Worker 14] Round 39 | Loss: 0.0757035 | Train Acc: 98.4663%
[Worker 15] Round 39 | Loss: 0.0135228 | Train Acc: 99.8338%
[Worker 13] Round 39 | Loss: 0.0189686 | Train Acc: 99.8083%
[Central Round] 39 [Global Test Accuracy]: 88.95%
[Worker 21] Round 40 | Loss: 0.0739027 | Train Acc: 98.2234%
[Worker 22] Round 40 | Loss: 0.0177139 | Train Acc: 99.706%
[Worker 17] Round 40 | Loss: 0.0206935 | Train Acc: 99.706%
[Worker 18] Round 40 | Loss: 0.0180048 | Train Acc: 99.6549%
[Worker 19] Round 40 | Loss: 0.0467333 | Train Acc: 99.0414%
[Worker 16] Round 40 | Loss: 0.0124713 | Train Acc: 99.9233%
[Worker 20] Round 40 | Loss: 0.015224 | Train Acc: 99.7955%
[Worker 23] Round 40 | Loss: 0.0159531 | Train Acc: 99.7586%
[Worker 3] Round 40 | Loss: 0.0183423 | Train Acc: 99.7572%
[Worker 2] Round 40 | Loss: 0.0119453 | Train Acc: 99.8466%
[Worker 5] Round 40 | Loss: 0.0396881 | Train Acc: 99.0542%
[Worker 4] Round 40 | Loss: 0.0151091 | Train Acc: 99.7444%
[Worker 7] Round 40 | Loss: 0.0205136 | Train Acc: 99.6293%
[Worker 6] Round 40 | Loss: 0.0199949 | Train Acc: 99.6421%
[Worker 1] Round 40 | Loss: 0.0113888 | Train Acc: 99.8594%
[Worker 9] Round 40 | Loss: 0.0161573 | Train Acc: 99.8083%
[Worker 10] Round 40 | Loss: 0.0395028 | Train Acc: 99.4248%
[Worker 8] Round 40 | Loss: 0.0677915 | Train Acc: 98.2362%
[Worker 12] Round 40 | Loss: 0.052339 | Train Acc: 98.7986%
[Worker 14] Round 40 | Loss: 0.0753304 | Train Acc: 98.3512%
[Worker 11] Round 40 | Loss: 0.0169495 | Train Acc: 99.7827%
[Worker 15] Round 40 | Loss: 0.0138274 | Train Acc: 99.8338%
[Worker 13] Round 40 | Loss: 0.0188848 | Train Acc: 99.8594%
[Central Round] 40 [Global Test Accuracy]: 88.91%
[Worker 21] Round 41 | Loss: 0.0737734 | Train Acc: 98.2618%
[Worker 22] Round 41 | Loss: 0.0169347 | Train Acc: 99.7827%
[Worker 18] Round 41 | Loss: 0.0178155 | Train Acc: 99.6677%
[Worker 17] Round 41 | Loss: 0.0205353 | Train Acc: 99.6549%
[Worker 19] Round 41 | Loss: 0.0465262 | Train Acc: 99.0414%
[Worker 16] Round 41 | Loss: 0.0126823 | Train Acc: 99.885%
[Worker 23] Round 41 | Loss: 0.0155893 | Train Acc: 99.7586%
[Worker 20] Round 41 | Loss: 0.0161 | Train Acc: 99.7316%
[Worker 3] Round 41 | Loss: 0.0187466 | Train Acc: 99.7188%
[Worker 5] Round 41 | Loss: 0.039273 | Train Acc: 99.0414%
[Worker 2] Round 41 | Loss: 0.0117946 | Train Acc: 99.8722%
[Worker 4] Round 41 | Loss: 0.0154125 | Train Acc: 99.7699%
[Worker 7] Round 41 | Loss: 0.0202729 | Train Acc: 99.6421%
[Worker 1] Round 41 | Loss: 0.0115077 | Train Acc: 99.8466%
[Worker 6] Round 41 | Loss: 0.0195733 | Train Acc: 99.6166%
[Worker 9] Round 41 | Loss: 0.0157481 | Train Acc: 99.8211%
[Worker 8] Round 41 | Loss: 0.0681236 | Train Acc: 98.1851%
[Worker 12] Round 41 | Loss: 0.0514156 | Train Acc: 98.9519%
[Worker 10] Round 41 | Loss: 0.0400087 | Train Acc: 99.3865%
[Worker 11] Round 41 | Loss: 0.0172335 | Train Acc: 99.8083%
[Worker 14] Round 41 | Loss: 0.075603 | Train Acc: 98.4024%
[Worker 15] Round 41 | Loss: 0.0133845 | Train Acc: 99.8722%
[Worker 13] Round 41 | Loss: 0.0191031 | Train Acc: 99.8083%
[Central Round] 41 [Global Test Accuracy]: 88.96%
[Worker 21] Round 42 | Loss: 0.0733104 | Train Acc: 98.1595%
[Worker 22] Round 42 | Loss: 0.0173097 | Train Acc: 99.7444%
[Worker 17] Round 42 | Loss: 0.0210092 | Train Acc: 99.6677%
[Worker 18] Round 42 | Loss: 0.0166469 | Train Acc: 99.7955%
[Worker 19] Round 42 | Loss: 0.0463579 | Train Acc: 98.9775%
[Worker 16] Round 42 | Loss: 0.0124035 | Train Acc: 99.8722%
[Worker 20] Round 42 | Loss: 0.0154303 | Train Acc: 99.8211%
[Worker 23] Round 42 | Loss: 0.0159673 | Train Acc: 99.7332%
[Worker 2] Round 42 | Loss: 0.0126099 | Train Acc: 99.8594%
[Worker 3] Round 42 | Loss: 0.0179621 | Train Acc: 99.7572%
[Worker 5] Round 42 | Loss: 0.0394059 | Train Acc: 99.067%
[Worker 7] Round 42 | Loss: 0.0203702 | Train Acc: 99.6549%
[Worker 4] Round 42 | Loss: 0.0153671 | Train Acc: 99.7316%
[Worker 1] Round 42 | Loss: 0.0109921 | Train Acc: 99.9105%
[Worker 6] Round 42 | Loss: 0.0201315 | Train Acc: 99.6421%
[Worker 8] Round 42 | Loss: 0.067969 | Train Acc: 98.1212%
[Worker 9] Round 42 | Loss: 0.0164289 | Train Acc: 99.7827%
[Worker 14] Round 42 | Loss: 0.0750548 | Train Acc: 98.4024%
[Worker 12] Round 42 | Loss: 0.0514404 | Train Acc: 98.8497%
[Worker 10] Round 42 | Loss: 0.0396897 | Train Acc: 99.3098%
[Worker 11] Round 42 | Loss: 0.0180794 | Train Acc: 99.7572%
[Worker 15] Round 42 | Loss: 0.0138495 | Train Acc: 99.8083%
[Worker 13] Round 42 | Loss: 0.01877 | Train Acc: 99.7699%
[Central Round] 42 [Global Test Accuracy]: 89%
[Worker 21] Round 43 | Loss: 0.0735049 | Train Acc: 98.2234%
[Worker 22] Round 43 | Loss: 0.0172566 | Train Acc: 99.7699%
[Worker 17] Round 43 | Loss: 0.0210163 | Train Acc: 99.6805%
[Worker 18] Round 43 | Loss: 0.0176285 | Train Acc: 99.7572%
[Worker 19] Round 43 | Loss: 0.0463025 | Train Acc: 99.0286%
[Worker 20] Round 43 | Loss: 0.0159446 | Train Acc: 99.7444%
[Worker 23] Round 43 | Loss: 0.015631 | Train Acc: 99.8222%
[Worker 16] Round 43 | Loss: 0.0121254 | Train Acc: 99.9105%
[Worker 3] Round 43 | Loss: 0.018088 | Train Acc: 99.7699%
[Worker 5] Round 43 | Loss: 0.0391541 | Train Acc: 99.1309%
[Worker 2] Round 43 | Loss: 0.0120352 | Train Acc: 99.8722%
[Worker 7] Round 43 | Loss: 0.0206136 | Train Acc: 99.6038%
[Worker 4] Round 43 | Loss: 0.0147351 | Train Acc: 99.7572%
[Worker 1] Round 43 | Loss: 0.0113037 | Train Acc: 99.8722%
[Worker 6] Round 43 | Loss: 0.0195569 | Train Acc: 99.5782%
[Worker 9] Round 43 | Loss: 0.0162816 | Train Acc: 99.7316%
[Worker 8] Round 43 | Loss: 0.0675751 | Train Acc: 98.1851%
[Worker 12] Round 43 | Loss: 0.0511373 | Train Acc: 98.9647%
[Worker 10] Round 43 | Loss: 0.0391863 | Train Acc: 99.3354%
[Worker 11] Round 43 | Loss: 0.0176319 | Train Acc: 99.8083%
[Worker 14] Round 43 | Loss: 0.0754275 | Train Acc: 98.3384%
[Worker 15] Round 43 | Loss: 0.0135213 | Train Acc: 99.8978%
[Worker 13] Round 43 | Loss: 0.0185679 | Train Acc: 99.8083%
[Central Round] 43 [Global Test Accuracy]: 89.01%
[Central] Early stopping at round 43 after 5 rounds without global accuracy improvement.

[Central] Done. Federated data saved to /home-mscluster/ldemelo/HPC_Assignment/problem1/federated_clustering_mpi/metrics/sweep_2/federated/fixed_ppn_n3_p8_rep2_j201387

[mult_node] run_id=fixed_ppn_n3_p8_rep3_j201387 rep=3/3
Rank 4 of 24 processes
Rank 0 of 24 processes
Rank 1 of 24 processes
Rank 2 of 24 processes
Rank 3 of 24 processes
Rank 6 of 24 processes
Rank 7 of 24 processes
Rank 5 of 24 processes
Rank 16 of 24 processes
Rank 12 of 24 processes
Rank 18 of 24 processes
Rank 20 of 24 processes
Rank 22 of 24 processes
Rank 23 of 24 processes
Rank 19 of 24 processes
Rank 9 of 24 processes
Rank 21 of 24 processes
Rank 10 of 24 processes
Rank 17 of 24 processes
Rank 11 of 24 processes
Rank 13 of 24 processes
Rank 14 of 24 processes
Rank 15 of 24 processes
Rank 8 of 24 processes
Softmax regression: 10 classes; 784 features
[Mode] Non-IID Label Shard Distribution
[Mode] Non-IID Label Shard Distribution
[Mode] Non-IID Label Shard Distribution
[Mode] Non-IID Label Shard Distribution
[Distributed Worker 22] Shard size: 2608
Softmax regression: 10 classes; 784 features
[Distributed Worker 20] Shard size: 2608
[Distributed Worker 16] Shard size: 2608
[Distributed Worker 18] Shard size: 2608
Softmax regression: 10 classes; 784 features
Softmax regression: 10 classes; 784 features
Softmax regression: 10 classes; 784 features
[Mode] Non-IID Label Shard Distribution
[Mode] Non-IID Label Shard Distribution
[Mode] Non-IID Label Shard Distribution
[Mode] Non-IID Label Shard Distribution
[Distributed Worker 19] Shard size: 2608
[Distributed Worker 23] Shard size: 2624
Softmax regression: 10 classes; 784 features
Softmax regression: 10 classes; 784 features
[Distributed Worker 21] Shard size: 2608
[Distributed Worker 17] Shard size: 2608
Softmax regression: 10 classes; 784 features
Softmax regression: 10 classes; 784 features
[Worker 16] Round 1 | Loss: 0.0132686 | Train Acc: 99.7546%
[Mode] Non-IID Label Shard Distribution
[Mode] Non-IID Label Shard Distribution
[Mode] Non-IID Label Shard Distribution
[Mode] Non-IID Label Shard Distribution
[Mode] Non-IID Label Shard Distribution
[Mode] Non-IID Label Shard Distribution
[Mode] Non-IID Label Shard Distribution
[Mode] Non-IID Label Shard Distribution
[Mode] Non-IID Label Shard Distribution
[Mode] Non-IID Label Shard Distribution
[Mode] Non-IID Label Shard Distribution
[Mode] Non-IID Label Shard Distribution
[Mode] Non-IID Label Shard Distribution
[Distributed Worker 6] Shard size: 2608
Softmax regression: 10 classes; 784 features
[Distributed Worker 4] Shard size: 2608
Softmax regression: 10 classes; 784 features
[Distributed Worker 2] Shard size: 2608
Softmax regression: 10 classes; 784 features
[Distributed Worker 7] Shard size: 2608
[Distributed Worker 3] Shard size: 2608
Softmax regression: 10 classes; 784 features
Softmax regression: 10 classes; 784 features
[Distributed Worker 1] Shard size: 2608
Softmax regression: 10 classes; 784 features
[Distributed Worker 5] Shard size: 2608
Softmax regression: 10 classes; 784 features
[Distributed Worker 12] Shard size: 2608
[Mode] Non-IID Label Shard Distribution
Softmax regression: 10 classes; 784 features
[Mode] Non-IID Label Shard Distribution
[Distributed Worker 8] Shard size: 2608
[Distributed Worker 10] Shard size: 2608
Softmax regression: 10 classes; 784 features
Softmax regression: 10 classes; 784 features
[Distributed Worker 14] Shard size: 2608
Softmax regression: 10 classes; 784 features
[Distributed Worker 9] Shard size: 2608
Softmax regression: 10 classes; 784 features
[Distributed Worker 11] Shard size: 2608
Softmax regression: 10 classes; 784 features
[Distributed Worker 15] Shard size: 2608
Softmax regression: 10 classes; 784 features
[Distributed Worker 13] Shard size: 2608
Softmax regression: 10 classes; 784 features
[Worker 18] Round 1 | Loss: 0.0148618 | Train Acc: 99.8236%
[Worker 20] Round 1 | Loss: 0.0129331 | Train Acc: 99.7546%
[Worker 21] Round 1 | Loss: 0.0975482 | Train Acc: 97.385%
[Worker 17] Round 1 | Loss: 0.0316568 | Train Acc: 99.4555%
[Worker 22] Round 1 | Loss: 0.0147232 | Train Acc: 99.7546%
[Worker 19] Round 1 | Loss: 0.0661689 | Train Acc: 98.612%
[Worker 23] Round 1 | Loss: 0.014153 | Train Acc: 99.7561%
[Worker 4] Round 1 | Loss: 0.013836 | Train Acc: 99.7546%
[Worker 2] Round 1 | Loss: 0.0122037 | Train Acc: 99.7699%
[Worker 6] Round 1 | Loss: 0.0150185 | Train Acc: 99.7546%
[Worker 12] Round 1 | Loss: 0.0718156 | Train Acc: 98.2822%
[Worker 8] Round 1 | Loss: 0.0837229 | Train Acc: 97.3773%
[Worker 10] Round 1 | Loss: 0.05161 | Train Acc: 99.0567%
[Worker 14] Round 1 | Loss: 0.0930313 | Train Acc: 97.7761%
[Worker 1] Round 1 | Loss: 0.0116135 | Train Acc: 99.7546%
[Worker 9] Round 1 | Loss: 0.0144484 | Train Acc: 99.7546%
[Worker 3] Round 1 | Loss: 0.0262534 | Train Acc: 99.5245%
[Worker 11] Round 1 | Loss: 0.0141533 | Train Acc: 99.7699%
[Worker 7] Round 1 | Loss: 0.0152347 | Train Acc: 99.7546%
[Worker 5] Round 1 | Loss: 0.0553006 | Train Acc: 98.3512%
[Worker 15] Round 1 | Loss: 0.0135353 | Train Acc: 99.7623%
[Worker 13] Round 1 | Loss: 0.0170629 | Train Acc: 99.7853%
[Central Round] 1 [Global Test Accuracy]: 56.66%
[Worker 18] Round 2 | Loss: 0.0138853 | Train Acc: 99.9617%
[Worker 23] Round 2 | Loss: 0.013133 | Train Acc: 99.8171%
[Worker 16] Round 2 | Loss: 0.0116335 | Train Acc: 99.9233%
[Worker 17] Round 2 | Loss: 0.0277383 | Train Acc: 99.7163%
[Worker 22] Round 2 | Loss: 0.0133177 | Train Acc: 99.8159%
[Worker 19] Round 2 | Loss: 0.0622045 | Train Acc: 98.7117%
[Worker 20] Round 2 | Loss: 0.0120284 | Train Acc: 99.8006%
[Worker 21] Round 2 | Loss: 0.0924608 | Train Acc: 97.592%
[Worker 10] Round 2 | Loss: 0.0476735 | Train Acc: 99.1795%
[Worker 14] Round 2 | Loss: 0.0890027 | Train Acc: 98.0291%
[Worker 12] Round 2 | Loss: 0.0681674 | Train Acc: 98.3129%
[Worker 9] Round 2 | Loss: 0.0129785 | Train Acc: 99.8006%
[Worker 11] Round 2 | Loss: 0.012699 | Train Acc: 99.9003%
[Worker 4] Round 2 | Loss: 0.0121658 | Train Acc: 99.9693%
[Worker 6] Round 2 | Loss: 0.0131703 | Train Acc: 99.908%
[Worker 2] Round 2 | Loss: 0.0117954 | Train Acc: 99.839%
[Worker 3] Round 2 | Loss: 0.0230015 | Train Acc: 99.7316%
[Worker 7] Round 2 | Loss: 0.0132608 | Train Acc: 99.9156%
[Worker 5] Round 2 | Loss: 0.0503103 | Train Acc: 98.6963%
[Worker 1] Round 2 | Loss: 0.0111764 | Train Acc: 99.839%
[Worker 15] Round 2 | Loss: 0.0117402 | Train Acc: 99.9617%
[Worker 8] Round 2 | Loss: 0.0789865 | Train Acc: 97.546%
[Worker 13] Round 2 | Loss: 0.0158928 | Train Acc: 99.931%
[Central Round] 2 [Global Test Accuracy]: 75.4%
[Worker 18] Round 3 | Loss: 0.0131608 | Train Acc: 99.9463%
[Worker 23] Round 3 | Loss: 0.0120479 | Train Acc: 99.9009%
[Worker 17] Round 3 | Loss: 0.0252036 | Train Acc: 99.8313%
[Worker 16] Round 3 | Loss: 0.0102215 | Train Acc: 99.9847%
[Worker 22] Round 3 | Loss: 0.0127185 | Train Acc: 99.862%
[Worker 19] Round 3 | Loss: 0.0585146 | Train Acc: 98.9187%
[Worker 21] Round 3 | Loss: 0.0899835 | Train Acc: 97.8067%
[Worker 20] Round 3 | Loss: 0.011082 | Train Acc: 99.885%
[Worker 4] Round 3 | Loss: 0.0109132 | Train Acc: 99.9923%
[Worker 6] Round 3 | Loss: 0.0120176 | Train Acc: 99.977%
[Worker 2] Round 3 | Loss: 0.0105096 | Train Acc: 99.9233%
[Worker 5] Round 3 | Loss: 0.0472225 | Train Acc: 98.819%
[Worker 3] Round 3 | Loss: 0.021087 | Train Acc: 99.7853%
[Worker 7] Round 3 | Loss: 0.0121515 | Train Acc: 99.9693%
[Worker 1] Round 3 | Loss: 0.00976977 | Train Acc: 99.8926%
[Worker 15] Round 3 | Loss: 0.0104777 | Train Acc: 99.977%
[Worker 8] Round 3 | Loss: 0.0752039 | Train Acc: 97.8451%
[Worker 13] Round 3 | Loss: 0.0152295 | Train Acc: 99.954%
[Worker 12] Round 3 | Loss: 0.0637492 | Train Acc: 98.6043%
[Worker 14] Round 3 | Loss: 0.085813 | Train Acc: 98.0675%
[Worker 9] Round 3 | Loss: 0.011853 | Train Acc: 99.8773%
[Worker 10] Round 3 | Loss: 0.0450949 | Train Acc: 99.2408%
[Worker 11] Round 3 | Loss: 0.011934 | Train Acc: 99.954%
[Central Round] 3 [Global Test Accuracy]: 81.37%
[Worker 18] Round 4 | Loss: 0.0122126 | Train Acc: 99.9693%
[Worker 17] Round 4 | Loss: 0.0234547 | Train Acc: 99.8313%
[Worker 23] Round 4 | Loss: 0.0114337 | Train Acc: 99.9314%
[Worker 16] Round 4 | Loss: 0.00970562 | Train Acc: 99.9923%
[Worker 22] Round 4 | Loss: 0.0122572 | Train Acc: 99.9156%
[Worker 19] Round 4 | Loss: 0.0557612 | Train Acc: 98.9877%
[Worker 20] Round 4 | Loss: 0.0107909 | Train Acc: 99.908%
[Worker 21] Round 4 | Loss: 0.087096 | Train Acc: 97.9141%
[Worker 6] Round 4 | Loss: 0.0118633 | Train Acc: 99.9693%
[Worker 4] Round 4 | Loss: 0.0101804 | Train Acc: 100%
[Worker 2] Round 4 | Loss: 0.0101948 | Train Acc: 99.9233%
[Worker 5] Round 4 | Loss: 0.045036 | Train Acc: 98.8727%
[Worker 3] Round 4 | Loss: 0.0192914 | Train Acc: 99.8083%
[Worker 7] Round 4 | Loss: 0.0120728 | Train Acc: 99.954%
[Worker 1] Round 4 | Loss: 0.00929431 | Train Acc: 99.9463%
[Worker 15] Round 4 | Loss: 0.0101067 | Train Acc: 99.9847%
[Worker 14] Round 4 | Loss: 0.0825331 | Train Acc: 98.1365%
[Worker 12] Round 4 | Loss: 0.0614382 | Train Acc: 98.6196%
[Worker 10] Round 4 | Loss: 0.0431799 | Train Acc: 99.3558%
[Worker 8] Round 4 | Loss: 0.0736042 | Train Acc: 97.8911%
[Worker 9] Round 4 | Loss: 0.0115763 | Train Acc: 99.9387%
[Worker 11] Round 4 | Loss: 0.0118065 | Train Acc: 99.9463%
[Worker 13] Round 4 | Loss: 0.0146541 | Train Acc: 99.931%
[Central Round] 4 [Global Test Accuracy]: 83.55%
[Worker 18] Round 5 | Loss: 0.017757 | Train Acc: 99.9872%
[Worker 23] Round 5 | Loss: 0.017668 | Train Acc: 99.873%
[Worker 17] Round 5 | Loss: 0.0310265 | Train Acc: 99.7572%
[Worker 16] Round 5 | Loss: 0.0141724 | Train Acc: 99.9617%
[Worker 22] Round 5 | Loss: 0.0179156 | Train Acc: 99.8466%
[Worker 21] Round 5 | Loss: 0.101793 | Train Acc: 97.6227%
[Worker 19] Round 5 | Loss: 0.069148 | Train Acc: 98.8625%
[Worker 20] Round 5 | Loss: 0.0159833 | Train Acc: 99.8594%
[Worker 4] Round 5 | Loss: 0.0147967 | Train Acc: 99.9744%
[Worker 6] Round 5 | Loss: 0.017844 | Train Acc: 99.9233%
[Worker 2] Round 5 | Loss: 0.0146453 | Train Acc: 99.9233%
[Worker 3] Round 5 | Loss: 0.0270411 | Train Acc: 99.7316%
[Worker 5] Round 5 | Loss: 0.0545282 | Train Acc: 98.773%
[Worker 7] Round 5 | Loss: 0.0175017 | Train Acc: 99.9744%
[Worker 1] Round 5 | Loss: 0.0140569 | Train Acc: 99.8722%
[Worker 15] Round 5 | Loss: 0.0149042 | Train Acc: 99.9744%
[Worker 14] Round 5 | Loss: 0.0973108 | Train Acc: 97.9295%
[Worker 8] Round 5 | Loss: 0.0858276 | Train Acc: 97.7761%
[Worker 12] Round 5 | Loss: 0.0754339 | Train Acc: 98.4024%
[Worker 10] Round 5 | Loss: 0.0545921 | Train Acc: 99.2203%
[Worker 13] Round 5 | Loss: 0.0224666 | Train Acc: 99.9105%
[Worker 9] Round 5 | Loss: 0.0172727 | Train Acc: 99.8978%
[Worker 11] Round 5 | Loss: 0.0173065 | Train Acc: 99.9489%
[Central Round] 5 [Global Test Accuracy]: 84.69%
[Worker 18] Round 6 | Loss: 0.017208 | Train Acc: 99.9744%
[Worker 23] Round 6 | Loss: 0.0170339 | Train Acc: 99.8984%
[Worker 17] Round 6 | Loss: 0.0290651 | Train Acc: 99.7955%
[Worker 22] Round 6 | Loss: 0.0181563 | Train Acc: 99.8083%
[Worker 16] Round 6 | Loss: 0.013843 | Train Acc: 99.9744%
[Worker 21] Round 6 | Loss: 0.0985068 | Train Acc: 97.7761%
[Worker 19] Round 6 | Loss: 0.0669018 | Train Acc: 98.8753%
[Worker 20] Round 6 | Loss: 0.0157336 | Train Acc: 99.885%
[Worker 4] Round 6 | Loss: 0.0145399 | Train Acc: 99.9744%
[Worker 6] Round 6 | Loss: 0.0174829 | Train Acc: 99.9489%
[Worker 2] Round 6 | Loss: 0.0139778 | Train Acc: 99.9617%
[Worker 3] Round 6 | Loss: 0.0256703 | Train Acc: 99.7572%
[Worker 5] Round 6 | Loss: 0.05368 | Train Acc: 98.7858%
[Worker 1] Round 6 | Loss: 0.0127678 | Train Acc: 99.9489%
[Worker 7] Round 6 | Loss: 0.0183095 | Train Acc: 99.8978%
[Worker 15] Round 6 | Loss: 0.0143028 | Train Acc: 99.9872%
[Worker 14] Round 6 | Loss: 0.0946542 | Train Acc: 97.9806%
[Worker 12] Round 6 | Loss: 0.073549 | Train Acc: 98.5557%
[Worker 10] Round 6 | Loss: 0.0529553 | Train Acc: 99.3482%
[Worker 8] Round 6 | Loss: 0.0850182 | Train Acc: 97.8016%
[Worker 9] Round 6 | Loss: 0.0169293 | Train Acc: 99.9489%
[Worker 11] Round 6 | Loss: 0.0171239 | Train Acc: 99.8978%
[Worker 13] Round 6 | Loss: 0.0220146 | Train Acc: 99.8466%
[Central Round] 6 [Global Test Accuracy]: 85.36%
[Worker 18] Round 7 | Loss: 0.0175245 | Train Acc: 99.8722%
[Worker 23] Round 7 | Loss: 0.0169397 | Train Acc: 99.8603%
[Worker 17] Round 7 | Loss: 0.0282771 | Train Acc: 99.8083%
[Worker 16] Round 7 | Loss: 0.0136337 | Train Acc: 99.9744%
[Worker 22] Round 7 | Loss: 0.0177847 | Train Acc: 99.8722%
[Worker 21] Round 7 | Loss: 0.0963593 | Train Acc: 97.8911%
[Worker 20] Round 7 | Loss: 0.0156982 | Train Acc: 99.8338%
[Worker 19] Round 7 | Loss: 0.0648968 | Train Acc: 98.9136%
[Worker 4] Round 7 | Loss: 0.0143526 | Train Acc: 99.8978%
[Worker 6] Round 7 | Loss: 0.0177713 | Train Acc: 99.9105%
[Worker 2] Round 7 | Loss: 0.0139328 | Train Acc: 99.9489%
[Worker 5] Round 7 | Loss: 0.0514811 | Train Acc: 98.7602%
[Worker 7] Round 7 | Loss: 0.0179998 | Train Acc: 99.9233%
[Worker 3] Round 7 | Loss: 0.0245496 | Train Acc: 99.7827%
[Worker 1] Round 7 | Loss: 0.0131132 | Train Acc: 99.9233%
[Worker 15] Round 7 | Loss: 0.0144129 | Train Acc: 99.9617%
[Worker 8] Round 7 | Loss: 0.0830521 | Train Acc: 97.8144%
[Worker 14] Round 7 | Loss: 0.0929332 | Train Acc: 98.0573%
[Worker 12] Round 7 | Loss: 0.0714588 | Train Acc: 98.5429%
[Worker 10] Round 7 | Loss: 0.0517469 | Train Acc: 99.2331%
[Worker 9] Round 7 | Loss: 0.0168058 | Train Acc: 99.885%
[Worker 13] Round 7 | Loss: 0.0216815 | Train Acc: 99.8466%
[Worker 11] Round 7 | Loss: 0.0164001 | Train Acc: 99.9233%
[Central Round] 7 [Global Test Accuracy]: 85.91%
[Worker 18] Round 8 | Loss: 0.0173489 | Train Acc: 99.9105%
[Worker 23] Round 8 | Loss: 0.0167481 | Train Acc: 99.8857%
[Worker 16] Round 8 | Loss: 0.0133896 | Train Acc: 99.9744%
[Worker 17] Round 8 | Loss: 0.026985 | Train Acc: 99.7955%
[Worker 22] Round 8 | Loss: 0.0180239 | Train Acc: 99.7955%
[Worker 21] Round 8 | Loss: 0.094619 | Train Acc: 97.9167%
[Worker 19] Round 8 | Loss: 0.0629734 | Train Acc: 98.9008%
[Worker 20] Round 8 | Loss: 0.0151862 | Train Acc: 99.9233%
[Worker 4] Round 8 | Loss: 0.0142958 | Train Acc: 99.9361%
[Worker 6] Round 8 | Loss: 0.0178595 | Train Acc: 99.885%
[Worker 2] Round 8 | Loss: 0.013729 | Train Acc: 99.9233%
[Worker 7] Round 8 | Loss: 0.0179813 | Train Acc: 99.8978%
[Worker 3] Round 8 | Loss: 0.0235918 | Train Acc: 99.7572%
[Worker 5] Round 8 | Loss: 0.0504044 | Train Acc: 98.773%
[Worker 1] Round 8 | Loss: 0.0126632 | Train Acc: 99.9361%
[Worker 15] Round 8 | Loss: 0.0142624 | Train Acc: 99.9744%
[Worker 14] Round 8 | Loss: 0.0913723 | Train Acc: 98.07%
[Worker 12] Round 8 | Loss: 0.069021 | Train Acc: 98.5557%
[Worker 8] Round 8 | Loss: 0.0817178 | Train Acc: 97.84%
[Worker 10] Round 8 | Loss: 0.0504972 | Train Acc: 99.2587%
[Worker 11] Round 8 | Loss: 0.0165752 | Train Acc: 99.8594%
[Worker 9] Round 8 | Loss: 0.0167469 | Train Acc: 99.8722%
[Worker 13] Round 8 | Loss: 0.021424 | Train Acc: 99.8083%
[Central Round] 8 [Global Test Accuracy]: 86.38%
[Worker 18] Round 9 | Loss: 0.0164505 | Train Acc: 99.9617%
[Worker 23] Round 9 | Loss: 0.016324 | Train Acc: 99.8984%
[Worker 17] Round 9 | Loss: 0.0262147 | Train Acc: 99.8211%
[Worker 16] Round 9 | Loss: 0.0135599 | Train Acc: 99.9233%
[Worker 22] Round 9 | Loss: 0.0170717 | Train Acc: 99.885%
[Worker 19] Round 9 | Loss: 0.0617866 | Train Acc: 98.8625%
[Worker 21] Round 9 | Loss: 0.0937009 | Train Acc: 97.9167%
[Worker 20] Round 9 | Loss: 0.0154665 | Train Acc: 99.8338%
[Worker 4] Round 9 | Loss: 0.0144907 | Train Acc: 99.8722%
[Worker 2] Round 9 | Loss: 0.013221 | Train Acc: 99.9617%
[Worker 6] Round 9 | Loss: 0.0183066 | Train Acc: 99.8978%
[Worker 5] Round 9 | Loss: 0.0493726 | Train Acc: 98.8497%
[Worker 7] Round 9 | Loss: 0.0182296 | Train Acc: 99.885%
[Worker 1] Round 9 | Loss: 0.0126719 | Train Acc: 99.9105%
[Worker 3] Round 9 | Loss: 0.0227697 | Train Acc: 99.7699%
[Worker 15] Round 9 | Loss: 0.014265 | Train Acc: 99.9617%
[Worker 14] Round 9 | Loss: 0.0904216 | Train Acc: 98.0828%
[Worker 8] Round 9 | Loss: 0.0809796 | Train Acc: 97.8783%
[Worker 12] Round 9 | Loss: 0.0676831 | Train Acc: 98.6324%
[Worker 10] Round 9 | Loss: 0.0490886 | Train Acc: 99.3098%
[Worker 13] Round 9 | Loss: 0.0205791 | Train Acc: 99.8338%
[Worker 9] Round 9 | Loss: 0.0165289 | Train Acc: 99.8978%
[Worker 11] Round 9 | Loss: 0.0159284 | Train Acc: 99.9361%
[Central Round] 9 [Global Test Accuracy]: 86.55%
[Worker 18] Round 10 | Loss: 0.017049 | Train Acc: 99.8466%
[Worker 23] Round 10 | Loss: 0.016732 | Train Acc: 99.8222%
[Worker 17] Round 10 | Loss: 0.02575 | Train Acc: 99.7699%
[Worker 16] Round 10 | Loss: 0.0132593 | Train Acc: 99.9617%
[Worker 22] Round 10 | Loss: 0.0173601 | Train Acc: 99.7955%
[Worker 19] Round 10 | Loss: 0.0600397 | Train Acc: 98.9647%
[Worker 21] Round 10 | Loss: 0.0905896 | Train Acc: 97.9167%
[Worker 20] Round 10 | Loss: 0.01545 | Train Acc: 99.885%
[Worker 4] Round 10 | Loss: 0.0141528 | Train Acc: 99.885%
[Worker 6] Round 10 | Loss: 0.0178511 | Train Acc: 99.8466%
[Worker 2] Round 10 | Loss: 0.0134807 | Train Acc: 99.9105%
[Worker 5] Round 10 | Loss: 0.0482421 | Train Acc: 98.8625%
[Worker 7] Round 10 | Loss: 0.0179579 | Train Acc: 99.885%
[Worker 3] Round 10 | Loss: 0.022364 | Train Acc: 99.7827%
[Worker 1] Round 10 | Loss: 0.0122367 | Train Acc: 99.9617%
[Worker 15] Round 10 | Loss: 0.0141948 | Train Acc: 99.9233%
[Worker 14] Round 10 | Loss: 0.0884096 | Train Acc: 98.1723%
[Worker 12] Round 10 | Loss: 0.0662714 | Train Acc: 98.5557%
[Worker 8] Round 10 | Loss: 0.0784989 | Train Acc: 97.955%
[Worker 9] Round 10 | Loss: 0.0164226 | Train Acc: 99.9233%
[Worker 11] Round 10 | Loss: 0.0168165 | Train Acc: 99.8338%
[Worker 10] Round 10 | Loss: 0.0485121 | Train Acc: 99.2715%
[Worker 13] Round 10 | Loss: 0.0205331 | Train Acc: 99.8338%
[Central Round] 10 [Global Test Accuracy]: 86.75%
[Worker 18] Round 11 | Loss: 0.016792 | Train Acc: 99.9105%
[Worker 23] Round 11 | Loss: 0.0157821 | Train Acc: 99.9111%
[Worker 17] Round 11 | Loss: 0.0252916 | Train Acc: 99.7827%
[Worker 16] Round 11 | Loss: 0.0129648 | Train Acc: 99.9489%
[Worker 22] Round 11 | Loss: 0.0179433 | Train Acc: 99.7699%
[Worker 21] Round 11 | Loss: 0.0900348 | Train Acc: 97.955%
[Worker 19] Round 11 | Loss: 0.0585263 | Train Acc: 98.9647%
[Worker 20] Round 11 | Loss: 0.0157643 | Train Acc: 99.9105%
[Worker 4] Round 11 | Loss: 0.0143273 | Train Acc: 99.8594%
[Worker 6] Round 11 | Loss: 0.0177728 | Train Acc: 99.885%
[Worker 2] Round 11 | Loss: 0.0133392 | Train Acc: 99.9233%
[Worker 3] Round 11 | Loss: 0.0220992 | Train Acc: 99.7827%
[Worker 7] Round 11 | Loss: 0.0177372 | Train Acc: 99.8722%
[Worker 1] Round 11 | Loss: 0.0120623 | Train Acc: 99.9617%
[Worker 5] Round 11 | Loss: 0.0480635 | Train Acc: 98.888%
[Worker 15] Round 11 | Loss: 0.0142932 | Train Acc: 99.8978%
[Worker 14] Round 11 | Loss: 0.0872555 | Train Acc: 98.0956%
[Worker 8] Round 11 | Loss: 0.0786106 | Train Acc: 97.8911%
[Worker 12] Round 11 | Loss: 0.0653281 | Train Acc: 98.6452%
[Worker 10] Round 11 | Loss: 0.0477312 | Train Acc: 99.3609%
[Worker 9] Round 11 | Loss: 0.0164907 | Train Acc: 99.8594%
[Worker 11] Round 11 | Loss: 0.016134 | Train Acc: 99.8722%
[Worker 13] Round 11 | Loss: 0.0201687 | Train Acc: 99.7827%
[Central Round] 11 [Global Test Accuracy]: 86.87%
[Worker 18] Round 12 | Loss: 0.0172439 | Train Acc: 99.7955%
[Worker 23] Round 12 | Loss: 0.0163165 | Train Acc: 99.8857%
[Worker 16] Round 12 | Loss: 0.0129958 | Train Acc: 99.9361%
[Worker 17] Round 12 | Loss: 0.0249477 | Train Acc: 99.7444%
[Worker 22] Round 12 | Loss: 0.0171409 | Train Acc: 99.8083%
[Worker 20] Round 12 | Loss: 0.0152222 | Train Acc: 99.885%
[Worker 21] Round 12 | Loss: 0.0884127 | Train Acc: 98.07%
[Worker 19] Round 12 | Loss: 0.0584706 | Train Acc: 98.888%
[Worker 4] Round 12 | Loss: 0.0147428 | Train Acc: 99.8466%
[Worker 6] Round 12 | Loss: 0.0179565 | Train Acc: 99.8594%
[Worker 2] Round 12 | Loss: 0.0134549 | Train Acc: 99.9105%
[Worker 3] Round 12 | Loss: 0.0219301 | Train Acc: 99.7316%
[Worker 1] Round 12 | Loss: 0.0127764 | Train Acc: 99.8722%
[Worker 7] Round 12 | Loss: 0.0183507 | Train Acc: 99.8083%
[Worker 5] Round 12 | Loss: 0.047324 | Train Acc: 98.9136%
[Worker 15] Round 12 | Loss: 0.0141587 | Train Acc: 99.9233%
[Worker 14] Round 12 | Loss: 0.0866481 | Train Acc: 98.2234%
[Worker 8] Round 12 | Loss: 0.077813 | Train Acc: 97.8655%
[Worker 12] Round 12 | Loss: 0.0640289 | Train Acc: 98.7091%
[Worker 10] Round 12 | Loss: 0.0462769 | Train Acc: 99.3737%
[Worker 9] Round 12 | Loss: 0.0170568 | Train Acc: 99.8722%
[Worker 11] Round 12 | Loss: 0.0167476 | Train Acc: 99.8338%
[Worker 13] Round 12 | Loss: 0.0203686 | Train Acc: 99.885%
[Central Round] 12 [Global Test Accuracy]: 87.01%
[Worker 18] Round 13 | Loss: 0.0166882 | Train Acc: 99.8211%
[Worker 23] Round 13 | Loss: 0.0162282 | Train Acc: 99.8476%
[Worker 16] Round 13 | Loss: 0.0131727 | Train Acc: 99.9233%
[Worker 17] Round 13 | Loss: 0.0244936 | Train Acc: 99.7572%
[Worker 22] Round 13 | Loss: 0.0174265 | Train Acc: 99.7955%
[Worker 21] Round 13 | Loss: 0.086751 | Train Acc: 98.07%
[Worker 19] Round 13 | Loss: 0.0572063 | Train Acc: 98.9264%
[Worker 20] Round 13 | Loss: 0.0147464 | Train Acc: 99.9105%
[Worker 4] Round 13 | Loss: 0.014585 | Train Acc: 99.8722%
[Worker 3] Round 13 | Loss: 0.021707 | Train Acc: 99.7572%
[Worker 2] Round 13 | Loss: 0.0126083 | Train Acc: 99.9617%
[Worker 7] Round 13 | Loss: 0.0187638 | Train Acc: 99.8594%
[Worker 1] Round 13 | Loss: 0.0123385 | Train Acc: 99.8978%
[Worker 5] Round 13 | Loss: 0.0464384 | Train Acc: 98.7986%
[Worker 6] Round 13 | Loss: 0.01846 | Train Acc: 99.8211%
[Worker 15] Round 13 | Loss: 0.0140293 | Train Acc: 99.9617%
[Worker 8] Round 13 | Loss: 0.0773281 | Train Acc: 97.8528%
[Worker 14] Round 13 | Loss: 0.0860496 | Train Acc: 98.1212%
[Worker 10] Round 13 | Loss: 0.0464791 | Train Acc: 99.3737%
[Worker 11] Round 13 | Loss: 0.0158658 | Train Acc: 99.8722%
[Worker 9] Round 13 | Loss: 0.0163893 | Train Acc: 99.8978%
[Worker 12] Round 13 | Loss: 0.0627034 | Train Acc: 98.7602%
[Worker 13] Round 13 | Loss: 0.0202902 | Train Acc: 99.8722%
[Central Round] 13 [Global Test Accuracy]: 87.22%
[Worker 23] Round 14 | Loss: 0.0163287 | Train Acc: 99.784%
[Worker 17] Round 14 | Loss: 0.0239902 | Train Acc: 99.7188%
[Worker 18] Round 14 | Loss: 0.016578 | Train Acc: 99.885%
[Worker 21] Round 14 | Loss: 0.0863211 | Train Acc: 98.0061%
[Worker 19] Round 14 | Loss: 0.0566081 | Train Acc: 98.9519%
[Worker 16] Round 14 | Loss: 0.012536 | Train Acc: 99.9489%
[Worker 22] Round 14 | Loss: 0.0170968 | Train Acc: 99.8722%
[Worker 20] Round 14 | Loss: 0.0150755 | Train Acc: 99.8466%
[Worker 14] Round 14 | Loss: 0.0844977 | Train Acc: 98.2362%
[Worker 10] Round 14 | Loss: 0.0453893 | Train Acc: 99.4121%
[Worker 12] Round 14 | Loss: 0.0613138 | Train Acc: 98.7091%
[Worker 9] Round 14 | Loss: 0.0160087 | Train Acc: 99.8978%
[Worker 11] Round 14 | Loss: 0.0166376 | Train Acc: 99.8594%
[Worker 4] Round 14 | Loss: 0.0149449 | Train Acc: 99.8466%
[Worker 2] Round 14 | Loss: 0.0130921 | Train Acc: 99.8722%
[Worker 3] Round 14 | Loss: 0.0211968 | Train Acc: 99.8466%
[Worker 7] Round 14 | Loss: 0.0184194 | Train Acc: 99.8338%
[Worker 5] Round 14 | Loss: 0.0463273 | Train Acc: 98.8497%
[Worker 1] Round 14 | Loss: 0.0121366 | Train Acc: 99.9105%
[Worker 6] Round 14 | Loss: 0.0181853 | Train Acc: 99.8466%
[Worker 15] Round 14 | Loss: 0.0142169 | Train Acc: 99.8978%
[Worker 8] Round 14 | Loss: 0.0765543 | Train Acc: 97.955%
[Worker 13] Round 14 | Loss: 0.0200722 | Train Acc: 99.8338%
[Central Round] 14 [Global Test Accuracy]: 87.33%
[Worker 18] Round 15 | Loss: 0.0165002 | Train Acc: 99.8211%
[Worker 16] Round 15 | Loss: 0.0130454 | Train Acc: 99.9233%
[Worker 22] Round 15 | Loss: 0.0175167 | Train Acc: 99.8083%
[Worker 23] Round 15 | Loss: 0.0161968 | Train Acc: 99.8984%
[Worker 17] Round 15 | Loss: 0.0239796 | Train Acc: 99.7444%
[Worker 20] Round 15 | Loss: 0.015579 | Train Acc: 99.8338%
[Worker 21] Round 15 | Loss: 0.0864781 | Train Acc: 98.0317%
[Worker 19] Round 15 | Loss: 0.0551494 | Train Acc: 99.0286%
[Worker 4] Round 15 | Loss: 0.0143053 | Train Acc: 99.8466%
[Worker 7] Round 15 | Loss: 0.018396 | Train Acc: 99.8338%
[Worker 2] Round 15 | Loss: 0.0128109 | Train Acc: 99.9489%
[Worker 3] Round 15 | Loss: 0.0208521 | Train Acc: 99.8083%
[Worker 5] Round 15 | Loss: 0.0451346 | Train Acc: 98.8753%
[Worker 1] Round 15 | Loss: 0.0117104 | Train Acc: 99.9489%
[Worker 6] Round 15 | Loss: 0.0180355 | Train Acc: 99.7955%
[Worker 15] Round 15 | Loss: 0.0138982 | Train Acc: 99.9105%
[Worker 8] Round 15 | Loss: 0.07626 | Train Acc: 98.0956%
[Worker 13] Round 15 | Loss: 0.0199431 | Train Acc: 99.8211%
[Worker 14] Round 15 | Loss: 0.0840319 | Train Acc: 98.2234%
[Worker 9] Round 15 | Loss: 0.0164355 | Train Acc: 99.8466%
[Worker 10] Round 15 | Loss: 0.0451107 | Train Acc: 99.3226%
[Worker 11] Round 15 | Loss: 0.0159623 | Train Acc: 99.8722%
[Worker 12] Round 15 | Loss: 0.0610781 | Train Acc: 98.7474%
[Central Round] 15 [Global Test Accuracy]: 87.44%
[Worker 18] Round 16 | Loss: 0.0163613 | Train Acc: 99.8466%
[Worker 23] Round 16 | Loss: 0.0160503 | Train Acc: 99.8222%
[Worker 17] Round 16 | Loss: 0.0233887 | Train Acc: 99.7827%
[Worker 16] Round 16 | Loss: 0.0130013 | Train Acc: 99.9233%
[Worker 22] Round 16 | Loss: 0.0170098 | Train Acc: 99.8083%
[Worker 21] Round 16 | Loss: 0.0842913 | Train Acc: 98.07%
[Worker 20] Round 16 | Loss: 0.0152992 | Train Acc: 99.8338%
[Worker 19] Round 16 | Loss: 0.0548475 | Train Acc: 99.0031%
[Worker 4] Round 16 | Loss: 0.0142702 | Train Acc: 99.8338%
[Worker 6] Round 16 | Loss: 0.0192964 | Train Acc: 99.7699%
[Worker 7] Round 16 | Loss: 0.0187372 | Train Acc: 99.7955%
[Worker 3] Round 16 | Loss: 0.0205407 | Train Acc: 99.7699%
[Worker 5] Round 16 | Loss: 0.0446103 | Train Acc: 98.8753%
[Worker 1] Round 16 | Loss: 0.0121422 | Train Acc: 99.9105%
[Worker 2] Round 16 | Loss: 0.0127808 | Train Acc: 99.9361%
[Worker 15] Round 16 | Loss: 0.0137068 | Train Acc: 99.9361%
[Worker 14] Round 16 | Loss: 0.0829837 | Train Acc: 98.2745%
[Worker 8] Round 16 | Loss: 0.0749636 | Train Acc: 97.955%
[Worker 10] Round 16 | Loss: 0.0448155 | Train Acc: 99.3737%
[Worker 9] Round 16 | Loss: 0.0168077 | Train Acc: 99.7955%
[Worker 12] Round 16 | Loss: 0.0599441 | Train Acc: 98.7858%
[Worker 11] Round 16 | Loss: 0.0161132 | Train Acc: 99.8722%
[Worker 13] Round 16 | Loss: 0.0198413 | Train Acc: 99.7955%
[Central Round] 16 [Global Test Accuracy]: 87.57%
[Worker 18] Round 17 | Loss: 0.0164729 | Train Acc: 99.8466%
[Worker 23] Round 17 | Loss: 0.0157704 | Train Acc: 99.8603%
[Worker 17] Round 17 | Loss: 0.0232779 | Train Acc: 99.6933%
[Worker 16] Round 17 | Loss: 0.0125378 | Train Acc: 99.9744%
[Worker 22] Round 17 | Loss: 0.0173138 | Train Acc: 99.8338%
[Worker 21] Round 17 | Loss: 0.0839694 | Train Acc: 98.0061%
[Worker 20] Round 17 | Loss: 0.0155113 | Train Acc: 99.8466%
[Worker 19] Round 17 | Loss: 0.0540878 | Train Acc: 98.9775%
[Worker 4] Round 17 | Loss: 0.0146693 | Train Acc: 99.7827%
[Worker 6] Round 17 | Loss: 0.0183335 | Train Acc: 99.8083%
[Worker 7] Round 17 | Loss: 0.0195371 | Train Acc: 99.7188%
[Worker 3] Round 17 | Loss: 0.0202635 | Train Acc: 99.7827%
[Worker 5] Round 17 | Loss: 0.0443117 | Train Acc: 98.9519%
[Worker 1] Round 17 | Loss: 0.0119234 | Train Acc: 99.9105%
[Worker 2] Round 17 | Loss: 0.0128774 | Train Acc: 99.8978%
[Worker 15] Round 17 | Loss: 0.013828 | Train Acc: 99.9233%
[Worker 14] Round 17 | Loss: 0.0838385 | Train Acc: 98.2106%
[Worker 10] Round 17 | Loss: 0.044294 | Train Acc: 99.3354%
[Worker 9] Round 17 | Loss: 0.0165054 | Train Acc: 99.8466%
[Worker 8] Round 17 | Loss: 0.075715 | Train Acc: 98.0061%
[Worker 12] Round 17 | Loss: 0.059787 | Train Acc: 98.7474%
[Worker 11] Round 17 | Loss: 0.0168357 | Train Acc: 99.8211%
[Worker 13] Round 17 | Loss: 0.0196389 | Train Acc: 99.7955%
[Central Round] 17 [Global Test Accuracy]: 87.62%
[Worker 18] Round 18 | Loss: 0.0168622 | Train Acc: 99.7955%
[Worker 23] Round 18 | Loss: 0.0160613 | Train Acc: 99.873%
[Worker 16] Round 18 | Loss: 0.0126458 | Train Acc: 99.9489%
[Worker 17] Round 18 | Loss: 0.0229978 | Train Acc: 99.6933%
[Worker 22] Round 18 | Loss: 0.0168642 | Train Acc: 99.8722%
[Worker 21] Round 18 | Loss: 0.0827423 | Train Acc: 98.1467%
[Worker 19] Round 18 | Loss: 0.0535149 | Train Acc: 98.9775%
[Worker 20] Round 18 | Loss: 0.0155199 | Train Acc: 99.7955%
[Worker 4] Round 18 | Loss: 0.0144958 | Train Acc: 99.8211%
[Worker 6] Round 18 | Loss: 0.0188588 | Train Acc: 99.7444%
[Worker 2] Round 18 | Loss: 0.0124632 | Train Acc: 99.9361%
[Worker 3] Round 18 | Loss: 0.0199828 | Train Acc: 99.7699%
[Worker 5] Round 18 | Loss: 0.0443318 | Train Acc: 98.9008%
[Worker 7] Round 18 | Loss: 0.0192242 | Train Acc: 99.7444%
[Worker 1] Round 18 | Loss: 0.0119173 | Train Acc: 99.9105%
[Worker 15] Round 18 | Loss: 0.0137013 | Train Acc: 99.9105%
[Worker 14] Round 18 | Loss: 0.0822253 | Train Acc: 98.2873%
[Worker 8] Round 18 | Loss: 0.074266 | Train Acc: 98.0445%
[Worker 10] Round 18 | Loss: 0.044994 | Train Acc: 99.3737%
[Worker 9] Round 18 | Loss: 0.0164607 | Train Acc: 99.8083%
[Worker 11] Round 18 | Loss: 0.0170644 | Train Acc: 99.7699%
[Worker 12] Round 18 | Loss: 0.0590877 | Train Acc: 98.7474%
[Worker 13] Round 18 | Loss: 0.0198434 | Train Acc: 99.8083%
[Central Round] 18 [Global Test Accuracy]: 87.74%
[Worker 18] Round 19 | Loss: 0.0166684 | Train Acc: 99.7316%
[Worker 23] Round 19 | Loss: 0.0156988 | Train Acc: 99.8476%
[Worker 17] Round 19 | Loss: 0.0231801 | Train Acc: 99.706%
[Worker 16] Round 19 | Loss: 0.0129376 | Train Acc: 99.8978%
[Worker 22] Round 19 | Loss: 0.0174045 | Train Acc: 99.8211%
[Worker 19] Round 19 | Loss: 0.0531738 | Train Acc: 98.888%
[Worker 21] Round 19 | Loss: 0.0825048 | Train Acc: 98.2362%
[Worker 20] Round 19 | Loss: 0.0155678 | Train Acc: 99.7955%
[Worker 4] Round 19 | Loss: 0.0145407 | Train Acc: 99.7827%
[Worker 6] Round 19 | Loss: 0.0192943 | Train Acc: 99.7188%
[Worker 5] Round 19 | Loss: 0.0438725 | Train Acc: 98.9647%
[Worker 7] Round 19 | Loss: 0.018831 | Train Acc: 99.7444%
[Worker 2] Round 19 | Loss: 0.0124692 | Train Acc: 99.9361%
[Worker 3] Round 19 | Loss: 0.0203027 | Train Acc: 99.7572%
[Worker 1] Round 19 | Loss: 0.0119501 | Train Acc: 99.885%
[Worker 15] Round 19 | Loss: 0.0140379 | Train Acc: 99.8978%
[Worker 14] Round 19 | Loss: 0.0820965 | Train Acc: 98.1723%
[Worker 8] Round 19 | Loss: 0.0736367 | Train Acc: 98.1084%
[Worker 10] Round 19 | Loss: 0.0436926 | Train Acc: 99.4504%
[Worker 12] Round 19 | Loss: 0.0581779 | Train Acc: 98.8369%
[Worker 9] Round 19 | Loss: 0.0165382 | Train Acc: 99.8338%
[Worker 11] Round 19 | Loss: 0.0166768 | Train Acc: 99.8466%
[Worker 13] Round 19 | Loss: 0.0196481 | Train Acc: 99.8338%
[Central Round] 19 [Global Test Accuracy]: 87.81%
[Worker 18] Round 20 | Loss: 0.0162537 | Train Acc: 99.8211%
[Worker 23] Round 20 | Loss: 0.0162603 | Train Acc: 99.7967%
[Worker 16] Round 20 | Loss: 0.0128465 | Train Acc: 99.9105%
[Worker 17] Round 20 | Loss: 0.0226222 | Train Acc: 99.7188%
[Worker 22] Round 20 | Loss: 0.0173431 | Train Acc: 99.7572%
[Worker 19] Round 20 | Loss: 0.0520654 | Train Acc: 99.0542%
[Worker 21] Round 20 | Loss: 0.081346 | Train Acc: 98.1723%
[Worker 20] Round 20 | Loss: 0.0151804 | Train Acc: 99.8083%
[Worker 4] Round 20 | Loss: 0.014805 | Train Acc: 99.7955%
[Worker 6] Round 20 | Loss: 0.0189683 | Train Acc: 99.7316%
[Worker 7] Round 20 | Loss: 0.0186774 | Train Acc: 99.7444%
[Worker 3] Round 20 | Loss: 0.0199836 | Train Acc: 99.7955%
[Worker 5] Round 20 | Loss: 0.0434501 | Train Acc: 98.9775%
[Worker 2] Round 20 | Loss: 0.0131748 | Train Acc: 99.8594%
[Worker 1] Round 20 | Loss: 0.0117926 | Train Acc: 99.8978%
[Worker 15] Round 20 | Loss: 0.0134839 | Train Acc: 99.9489%
[Worker 14] Round 20 | Loss: 0.0818863 | Train Acc: 98.2362%
[Worker 8] Round 20 | Loss: 0.0734275 | Train Acc: 98.1723%
[Worker 11] Round 20 | Loss: 0.0166974 | Train Acc: 99.8083%
[Worker 10] Round 20 | Loss: 0.0430956 | Train Acc: 99.3993%
[Worker 9] Round 20 | Loss: 0.0166217 | Train Acc: 99.8594%
[Worker 13] Round 20 | Loss: 0.0195579 | Train Acc: 99.8083%
[Worker 12] Round 20 | Loss: 0.0580463 | Train Acc: 98.773%
[Central Round] 20 [Global Test Accuracy]: 87.86%
[Worker 23] Round 21 | Loss: 0.0157274 | Train Acc: 99.873%
[Worker 18] Round 21 | Loss: 0.0166731 | Train Acc: 99.8211%
[Worker 17] Round 21 | Loss: 0.0231843 | Train Acc: 99.6677%
[Worker 16] Round 21 | Loss: 0.0128429 | Train Acc: 99.9105%
[Worker 22] Round 21 | Loss: 0.0179568 | Train Acc: 99.7188%
[Worker 19] Round 21 | Loss: 0.0524205 | Train Acc: 98.9519%
[Worker 21] Round 21 | Loss: 0.0806364 | Train Acc: 98.1851%
[Worker 20] Round 21 | Loss: 0.015595 | Train Acc: 99.8466%
[Worker 4] Round 21 | Loss: 0.01475 | Train Acc: 99.7827%
[Worker 6] Round 21 | Loss: 0.0181198 | Train Acc: 99.8083%
[Worker 7] Round 21 | Loss: 0.0191217 | Train Acc: 99.7444%
[Worker 5] Round 21 | Loss: 0.0434192 | Train Acc: 98.8753%
[Worker 2] Round 21 | Loss: 0.0125703 | Train Acc: 99.8722%
[Worker 3] Round 21 | Loss: 0.0195158 | Train Acc: 99.8083%
[Worker 1] Round 21 | Loss: 0.0119383 | Train Acc: 99.9233%
[Worker 14] Round 21 | Loss: 0.0816729 | Train Acc: 98.2234%
[Worker 10] Round 21 | Loss: 0.0425785 | Train Acc: 99.3865%
[Worker 12] Round 21 | Loss: 0.057092 | Train Acc: 98.9136%
[Worker 15] Round 21 | Loss: 0.0140404 | Train Acc: 99.8978%
[Worker 9] Round 21 | Loss: 0.0163628 | Train Acc: 99.8211%
[Worker 11] Round 21 | Loss: 0.0168814 | Train Acc: 99.8211%
[Worker 8] Round 21 | Loss: 0.0729486 | Train Acc: 98.0956%
[Worker 13] Round 21 | Loss: 0.0193305 | Train Acc: 99.8466%
[Central Round] 21 [Global Test Accuracy]: 87.92%
[Worker 18] Round 22 | Loss: 0.016736 | Train Acc: 99.7572%
[Worker 16] Round 22 | Loss: 0.0128354 | Train Acc: 99.9233%
[Worker 22] Round 22 | Loss: 0.0171123 | Train Acc: 99.7699%
[Worker 17] Round 22 | Loss: 0.0227005 | Train Acc: 99.6293%
[Worker 20] Round 22 | Loss: 0.015179 | Train Acc: 99.8211%
[Worker 23] Round 22 | Loss: 0.0163134 | Train Acc: 99.7713%
[Worker 21] Round 22 | Loss: 0.0796232 | Train Acc: 98.249%
[Worker 19] Round 22 | Loss: 0.0514754 | Train Acc: 99.0158%
[Worker 4] Round 22 | Loss: 0.0147105 | Train Acc: 99.7699%
[Worker 6] Round 22 | Loss: 0.0192232 | Train Acc: 99.6805%
[Worker 2] Round 22 | Loss: 0.0127244 | Train Acc: 99.8978%
[Worker 3] Round 22 | Loss: 0.0197675 | Train Acc: 99.7316%
[Worker 7] Round 22 | Loss: 0.0189794 | Train Acc: 99.6933%
[Worker 5] Round 22 | Loss: 0.0426698 | Train Acc: 98.9775%
[Worker 1] Round 22 | Loss: 0.01182 | Train Acc: 99.8978%
[Worker 15] Round 22 | Loss: 0.0139135 | Train Acc: 99.8722%
[Worker 8] Round 22 | Loss: 0.0727732 | Train Acc: 97.9806%
[Worker 14] Round 22 | Loss: 0.0806549 | Train Acc: 98.2106%
[Worker 13] Round 22 | Loss: 0.0194605 | Train Acc: 99.8338%
[Worker 10] Round 22 | Loss: 0.0427962 | Train Acc: 99.4121%
[Worker 9] Round 22 | Loss: 0.0159908 | Train Acc: 99.885%
[Worker 11] Round 22 | Loss: 0.0166289 | Train Acc: 99.8594%
[Worker 12] Round 22 | Loss: 0.0567864 | Train Acc: 98.8113%
[Central Round] 22 [Global Test Accuracy]: 88.09%
[Worker 18] Round 23 | Loss: 0.0171001 | Train Acc: 99.8083%
[Worker 23] Round 23 | Loss: 0.0161569 | Train Acc: 99.7967%
[Worker 17] Round 23 | Loss: 0.0229067 | Train Acc: 99.6549%
[Worker 16] Round 23 | Loss: 0.0127831 | Train Acc: 99.9233%
[Worker 22] Round 23 | Loss: 0.0173541 | Train Acc: 99.7955%
[Worker 21] Round 23 | Loss: 0.0796648 | Train Acc: 98.1851%
[Worker 19] Round 23 | Loss: 0.0514865 | Train Acc: 98.9775%
[Worker 20] Round 23 | Loss: 0.0151457 | Train Acc: 99.8083%
[Worker 4] Round 23 | Loss: 0.0145794 | Train Acc: 99.7955%
[Worker 6] Round 23 | Loss: 0.0183985 | Train Acc: 99.7827%
[Worker 3] Round 23 | Loss: 0.0193671 | Train Acc: 99.7699%
[Worker 7] Round 23 | Loss: 0.0191147 | Train Acc: 99.7316%
[Worker 5] Round 23 | Loss: 0.0423491 | Train Acc: 98.9647%
[Worker 2] Round 23 | Loss: 0.0125179 | Train Acc: 99.8722%
[Worker 1] Round 23 | Loss: 0.0123387 | Train Acc: 99.9233%
[Worker 15] Round 23 | Loss: 0.0138115 | Train Acc: 99.8594%
[Worker 14] Round 23 | Loss: 0.0807781 | Train Acc: 98.2873%
[Worker 12] Round 23 | Loss: 0.0562474 | Train Acc: 98.7219%
[Worker 8] Round 23 | Loss: 0.0727866 | Train Acc: 98.1212%
[Worker 10] Round 23 | Loss: 0.0419801 | Train Acc: 99.3865%
[Worker 9] Round 23 | Loss: 0.0165958 | Train Acc: 99.8466%
[Worker 11] Round 23 | Loss: 0.0164427 | Train Acc: 99.8083%
[Worker 13] Round 23 | Loss: 0.0192012 | Train Acc: 99.8722%
[Central Round] 23 [Global Test Accuracy]: 88.16%
[Worker 18] Round 24 | Loss: 0.0170865 | Train Acc: 99.8083%
[Worker 23] Round 24 | Loss: 0.0161692 | Train Acc: 99.7713%
[Worker 17] Round 24 | Loss: 0.0225804 | Train Acc: 99.6549%
[Worker 16] Round 24 | Loss: 0.0127262 | Train Acc: 99.9105%
[Worker 22] Round 24 | Loss: 0.0172545 | Train Acc: 99.7572%
[Worker 21] Round 24 | Loss: 0.0800925 | Train Acc: 98.1467%
[Worker 19] Round 24 | Loss: 0.0508973 | Train Acc: 98.9775%
[Worker 20] Round 24 | Loss: 0.0160342 | Train Acc: 99.7827%
[Worker 4] Round 24 | Loss: 0.0149482 | Train Acc: 99.7699%
[Worker 6] Round 24 | Loss: 0.0191163 | Train Acc: 99.6933%
[Worker 3] Round 24 | Loss: 0.0194137 | Train Acc: 99.7572%
[Worker 7] Round 24 | Loss: 0.0193337 | Train Acc: 99.6805%
[Worker 5] Round 24 | Loss: 0.0422336 | Train Acc: 99.0031%
[Worker 2] Round 24 | Loss: 0.0123605 | Train Acc: 99.885%
[Worker 1] Round 24 | Loss: 0.0118324 | Train Acc: 99.8466%
[Worker 15] Round 24 | Loss: 0.0137548 | Train Acc: 99.9233%
[Worker 14] Round 24 | Loss: 0.0804574 | Train Acc: 98.3129%
[Worker 10] Round 24 | Loss: 0.0423197 | Train Acc: 99.3098%
[Worker 12] Round 24 | Loss: 0.0560828 | Train Acc: 98.7474%
[Worker 11] Round 24 | Loss: 0.0167521 | Train Acc: 99.8211%
[Worker 8] Round 24 | Loss: 0.0721672 | Train Acc: 98.0317%
[Worker 9] Round 24 | Loss: 0.016405 | Train Acc: 99.8338%
[Worker 13] Round 24 | Loss: 0.0198017 | Train Acc: 99.8083%
[Central Round] 24 [Global Test Accuracy]: 88.28%
[Worker 18] Round 25 | Loss: 0.0170352 | Train Acc: 99.7444%
[Worker 23] Round 25 | Loss: 0.0159685 | Train Acc: 99.784%
[Worker 17] Round 25 | Loss: 0.0221888 | Train Acc: 99.6933%
[Worker 16] Round 25 | Loss: 0.0124612 | Train Acc: 99.9361%
[Worker 22] Round 25 | Loss: 0.0170505 | Train Acc: 99.8083%
[Worker 21] Round 25 | Loss: 0.0795073 | Train Acc: 98.1339%
[Worker 19] Round 25 | Loss: 0.050891 | Train Acc: 99.0286%
[Worker 20] Round 25 | Loss: 0.0158471 | Train Acc: 99.7572%
[Worker 4] Round 25 | Loss: 0.0148355 | Train Acc: 99.7572%
[Worker 6] Round 25 | Loss: 0.0185621 | Train Acc: 99.7699%
[Worker 3] Round 25 | Loss: 0.0195259 | Train Acc: 99.7316%
[Worker 7] Round 25 | Loss: 0.018898 | Train Acc: 99.7699%
[Worker 5] Round 25 | Loss: 0.0418349 | Train Acc: 99.0414%
[Worker 2] Round 25 | Loss: 0.0125648 | Train Acc: 99.885%
[Worker 1] Round 25 | Loss: 0.0117077 | Train Acc: 99.8594%
[Worker 15] Round 25 | Loss: 0.0137921 | Train Acc: 99.8722%
[Worker 14] Round 25 | Loss: 0.0801331 | Train Acc: 98.3129%
[Worker 8] Round 25 | Loss: 0.0718451 | Train Acc: 98.1467%
[Worker 11] Round 25 | Loss: 0.0166485 | Train Acc: 99.7955%
[Worker 9] Round 25 | Loss: 0.0169302 | Train Acc: 99.8083%
[Worker 10] Round 25 | Loss: 0.042458 | Train Acc: 99.3737%
[Worker 12] Round 25 | Loss: 0.0555778 | Train Acc: 98.8241%
[Worker 13] Round 25 | Loss: 0.0188035 | Train Acc: 99.9361%
[Central Round] 25 [Global Test Accuracy]: 88.37%
[Worker 18] Round 26 | Loss: 0.0169019 | Train Acc: 99.7699%
[Worker 23] Round 26 | Loss: 0.0156264 | Train Acc: 99.873%
[Worker 16] Round 26 | Loss: 0.012382 | Train Acc: 99.9489%
[Worker 17] Round 26 | Loss: 0.0224283 | Train Acc: 99.7188%
[Worker 22] Round 26 | Loss: 0.0169635 | Train Acc: 99.8083%
[Worker 21] Round 26 | Loss: 0.0778753 | Train Acc: 98.1979%
[Worker 19] Round 26 | Loss: 0.0503425 | Train Acc: 98.9775%
[Worker 20] Round 26 | Loss: 0.0159695 | Train Acc: 99.8083%
[Worker 4] Round 26 | Loss: 0.0143689 | Train Acc: 99.7827%
[Worker 6] Round 26 | Loss: 0.0189757 | Train Acc: 99.7316%
[Worker 2] Round 26 | Loss: 0.0128235 | Train Acc: 99.8594%
[Worker 3] Round 26 | Loss: 0.0190863 | Train Acc: 99.7444%
[Worker 7] Round 26 | Loss: 0.0186909 | Train Acc: 99.7316%
[Worker 5] Round 26 | Loss: 0.0414771 | Train Acc: 98.9136%
[Worker 1] Round 26 | Loss: 0.0117771 | Train Acc: 99.9105%
[Worker 15] Round 26 | Loss: 0.0134595 | Train Acc: 99.8722%
[Worker 14] Round 26 | Loss: 0.0789885 | Train Acc: 98.2362%
[Worker 8] Round 26 | Loss: 0.071558 | Train Acc: 98.1595%
[Worker 10] Round 26 | Loss: 0.041785 | Train Acc: 99.3993%
[Worker 9] Round 26 | Loss: 0.0166262 | Train Acc: 99.7572%
[Worker 12] Round 26 | Loss: 0.0549578 | Train Acc: 98.8497%
[Worker 11] Round 26 | Loss: 0.0162745 | Train Acc: 99.8594%
[Worker 13] Round 26 | Loss: 0.0190866 | Train Acc: 99.7955%
[Central Round] 26 [Global Test Accuracy]: 88.42%
[Worker 18] Round 27 | Loss: 0.0165965 | Train Acc: 99.7316%
[Worker 23] Round 27 | Loss: 0.0153099 | Train Acc: 99.9111%
[Worker 16] Round 27 | Loss: 0.0130368 | Train Acc: 99.9105%
[Worker 17] Round 27 | Loss: 0.0215776 | Train Acc: 99.6933%
[Worker 22] Round 27 | Loss: 0.0172688 | Train Acc: 99.7955%
[Worker 21] Round 27 | Loss: 0.0784887 | Train Acc: 98.2106%
[Worker 19] Round 27 | Loss: 0.0499699 | Train Acc: 98.9264%
[Worker 20] Round 27 | Loss: 0.0159967 | Train Acc: 99.7827%
[Worker 4] Round 27 | Loss: 0.0145982 | Train Acc: 99.7572%
[Worker 6] Round 27 | Loss: 0.0194442 | Train Acc: 99.6805%
[Worker 2] Round 27 | Loss: 0.0122717 | Train Acc: 99.9105%
[Worker 3] Round 27 | Loss: 0.0191936 | Train Acc: 99.6805%
[Worker 7] Round 27 | Loss: 0.0196517 | Train Acc: 99.6933%
[Worker 5] Round 27 | Loss: 0.0416225 | Train Acc: 98.9519%
[Worker 1] Round 27 | Loss: 0.0118192 | Train Acc: 99.8594%
[Worker 15] Round 27 | Loss: 0.0135762 | Train Acc: 99.9233%
[Worker 14] Round 27 | Loss: 0.0793687 | Train Acc: 98.3129%
[Worker 8] Round 27 | Loss: 0.0705192 | Train Acc: 98.1851%
[Worker 10] Round 27 | Loss: 0.0415003 | Train Acc: 99.3865%
[Worker 9] Round 27 | Loss: 0.016625 | Train Acc: 99.7955%
[Worker 11] Round 27 | Loss: 0.0167446 | Train Acc: 99.8083%
[Worker 12] Round 27 | Loss: 0.0550735 | Train Acc: 98.9008%
[Worker 13] Round 27 | Loss: 0.0192263 | Train Acc: 99.8083%
[Central Round] 27 [Global Test Accuracy]: 88.46%
[Worker 18] Round 28 | Loss: 0.0175358 | Train Acc: 99.7444%
[Worker 23] Round 28 | Loss: 0.0156735 | Train Acc: 99.8349%
[Worker 16] Round 28 | Loss: 0.0124833 | Train Acc: 99.9361%
[Worker 17] Round 28 | Loss: 0.0218986 | Train Acc: 99.6421%
[Worker 22] Round 28 | Loss: 0.0169599 | Train Acc: 99.8338%
[Worker 20] Round 28 | Loss: 0.0157557 | Train Acc: 99.8338%
[Worker 19] Round 28 | Loss: 0.049408 | Train Acc: 99.0414%
[Worker 21] Round 28 | Loss: 0.0773478 | Train Acc: 98.2106%
[Worker 4] Round 28 | Loss: 0.0152468 | Train Acc: 99.7572%
[Worker 6] Round 28 | Loss: 0.0193186 | Train Acc: 99.6805%
[Worker 2] Round 28 | Loss: 0.0121725 | Train Acc: 99.8594%
[Worker 7] Round 28 | Loss: 0.0202413 | Train Acc: 99.6421%
[Worker 5] Round 28 | Loss: 0.041131 | Train Acc: 98.9903%
[Worker 3] Round 28 | Loss: 0.0194903 | Train Acc: 99.7572%
[Worker 1] Round 28 | Loss: 0.0117584 | Train Acc: 99.885%
[Worker 14] Round 28 | Loss: 0.0776174 | Train Acc: 98.364%
[Worker 15] Round 28 | Loss: 0.0138095 | Train Acc: 99.8594%
[Worker 12] Round 28 | Loss: 0.0543004 | Train Acc: 98.7986%
[Worker 8] Round 28 | Loss: 0.0711798 | Train Acc: 98.1851%
[Worker 10] Round 28 | Loss: 0.0410529 | Train Acc: 99.3354%
[Worker 11] Round 28 | Loss: 0.0166827 | Train Acc: 99.8211%
[Worker 9] Round 28 | Loss: 0.0169658 | Train Acc: 99.7827%
[Worker 13] Round 28 | Loss: 0.0195032 | Train Acc: 99.8211%
[Central Round] 28 [Global Test Accuracy]: 88.53%
[Worker 18] Round 29 | Loss: 0.0163412 | Train Acc: 99.8338%
[Worker 23] Round 29 | Loss: 0.0158125 | Train Acc: 99.8222%
[Worker 16] Round 29 | Loss: 0.0123317 | Train Acc: 99.9233%
[Worker 17] Round 29 | Loss: 0.0217886 | Train Acc: 99.6677%
[Worker 22] Round 29 | Loss: 0.0171047 | Train Acc: 99.7827%
[Worker 20] Round 29 | Loss: 0.0160642 | Train Acc: 99.7955%
[Worker 21] Round 29 | Loss: 0.0765287 | Train Acc: 98.2106%
[Worker 19] Round 29 | Loss: 0.0490594 | Train Acc: 98.9775%
[Worker 4] Round 29 | Loss: 0.0147908 | Train Acc: 99.7699%
[Worker 6] Round 29 | Loss: 0.0194521 | Train Acc: 99.7188%
[Worker 2] Round 29 | Loss: 0.0125573 | Train Acc: 99.8211%
[Worker 7] Round 29 | Loss: 0.0198259 | Train Acc: 99.7316%
[Worker 3] Round 29 | Loss: 0.0188801 | Train Acc: 99.7316%
[Worker 5] Round 29 | Loss: 0.0414248 | Train Acc: 99.0286%
[Worker 1] Round 29 | Loss: 0.0120336 | Train Acc: 99.8722%
[Worker 14] Round 29 | Loss: 0.0792494 | Train Acc: 98.364%
[Worker 15] Round 29 | Loss: 0.0137653 | Train Acc: 99.8978%
[Worker 12] Round 29 | Loss: 0.0549122 | Train Acc: 98.773%
[Worker 10] Round 29 | Loss: 0.0409419 | Train Acc: 99.3993%
[Worker 9] Round 29 | Loss: 0.0166038 | Train Acc: 99.7699%
[Worker 8] Round 29 | Loss: 0.0702179 | Train Acc: 98.1723%
[Worker 11] Round 29 | Loss: 0.016743 | Train Acc: 99.8338%
[Worker 13] Round 29 | Loss: 0.0193498 | Train Acc: 99.8466%
[Central Round] 29 [Global Test Accuracy]: 88.57%
[Worker 23] Round 30 | Loss: 0.0154425 | Train Acc: 99.873%
[Worker 18] Round 30 | Loss: 0.0169233 | Train Acc: 99.7827%
[Worker 16] Round 30 | Loss: 0.012743 | Train Acc: 99.8978%
[Worker 17] Round 30 | Loss: 0.0213483 | Train Acc: 99.6421%
[Worker 22] Round 30 | Loss: 0.0169267 | Train Acc: 99.8083%
[Worker 19] Round 30 | Loss: 0.0489964 | Train Acc: 99.067%
[Worker 21] Round 30 | Loss: 0.0776908 | Train Acc: 98.1595%
[Worker 20] Round 30 | Loss: 0.0155643 | Train Acc: 99.7572%
[Worker 4] Round 30 | Loss: 0.0150794 | Train Acc: 99.7444%
[Worker 6] Round 30 | Loss: 0.0191639 | Train Acc: 99.706%
[Worker 2] Round 30 | Loss: 0.0123219 | Train Acc: 99.8594%
[Worker 7] Round 30 | Loss: 0.0201518 | Train Acc: 99.5527%
[Worker 5] Round 30 | Loss: 0.0408983 | Train Acc: 99.0158%
[Worker 3] Round 30 | Loss: 0.0184447 | Train Acc: 99.8338%
[Worker 1] Round 30 | Loss: 0.0123681 | Train Acc: 99.8338%
[Worker 14] Round 30 | Loss: 0.0778644 | Train Acc: 98.3129%
[Worker 15] Round 30 | Loss: 0.0137484 | Train Acc: 99.9233%
[Worker 12] Round 30 | Loss: 0.0544755 | Train Acc: 98.7219%
[Worker 11] Round 30 | Loss: 0.0164904 | Train Acc: 99.8338%
[Worker 9] Round 30 | Loss: 0.0168087 | Train Acc: 99.7827%
[Worker 10] Round 30 | Loss: 0.0415849 | Train Acc: 99.3737%
[Worker 8] Round 30 | Loss: 0.0706497 | Train Acc: 98.1595%
[Worker 13] Round 30 | Loss: 0.0197171 | Train Acc: 99.8338%
[Central Round] 30 [Global Test Accuracy]: 88.61%
[Worker 18] Round 31 | Loss: 0.0167439 | Train Acc: 99.8338%
[Worker 16] Round 31 | Loss: 0.0122859 | Train Acc: 99.9233%
[Worker 17] Round 31 | Loss: 0.0212177 | Train Acc: 99.6293%
[Worker 22] Round 31 | Loss: 0.0176681 | Train Acc: 99.7699%
[Worker 23] Round 31 | Loss: 0.0161888 | Train Acc: 99.7332%
[Worker 20] Round 31 | Loss: 0.0156903 | Train Acc: 99.7955%
[Worker 21] Round 31 | Loss: 0.0759603 | Train Acc: 98.2873%
[Worker 19] Round 31 | Loss: 0.0482165 | Train Acc: 99.0542%
[Worker 4] Round 31 | Loss: 0.0146173 | Train Acc: 99.7699%
[Worker 6] Round 31 | Loss: 0.0192276 | Train Acc: 99.6677%
[Worker 2] Round 31 | Loss: 0.0124976 | Train Acc: 99.8594%
[Worker 7] Round 31 | Loss: 0.019814 | Train Acc: 99.7316%
[Worker 3] Round 31 | Loss: 0.0184666 | Train Acc: 99.7699%
[Worker 5] Round 31 | Loss: 0.0412486 | Train Acc: 99.067%
[Worker 1] Round 31 | Loss: 0.0113992 | Train Acc: 99.8594%
[Worker 15] Round 31 | Loss: 0.0135787 | Train Acc: 99.9105%
[Worker 8] Round 31 | Loss: 0.0713421 | Train Acc: 98.249%
[Worker 14] Round 31 | Loss: 0.0778231 | Train Acc: 98.4663%
[Worker 13] Round 31 | Loss: 0.0192234 | Train Acc: 99.8211%
[Worker 10] Round 31 | Loss: 0.0410582 | Train Acc: 99.3609%
[Worker 12] Round 31 | Loss: 0.0533348 | Train Acc: 98.773%
[Worker 9] Round 31 | Loss: 0.016216 | Train Acc: 99.8211%
[Worker 11] Round 31 | Loss: 0.0167907 | Train Acc: 99.7827%
[Central Round] 31 [Global Test Accuracy]: 88.69%
[Worker 18] Round 32 | Loss: 0.0169185 | Train Acc: 99.8211%
[Worker 23] Round 32 | Loss: 0.0157972 | Train Acc: 99.8603%
[Worker 16] Round 32 | Loss: 0.0126784 | Train Acc: 99.885%
[Worker 17] Round 32 | Loss: 0.0217518 | Train Acc: 99.6421%
[Worker 22] Round 32 | Loss: 0.0171102 | Train Acc: 99.7699%
[Worker 19] Round 32 | Loss: 0.0484718 | Train Acc: 99.0031%
[Worker 20] Round 32 | Loss: 0.0155231 | Train Acc: 99.8338%
[Worker 21] Round 32 | Loss: 0.0759562 | Train Acc: 98.1723%
[Worker 4] Round 32 | Loss: 0.0150371 | Train Acc: 99.7699%
[Worker 6] Round 32 | Loss: 0.0186703 | Train Acc: 99.7316%
[Worker 2] Round 32 | Loss: 0.0122868 | Train Acc: 99.8978%
[Worker 7] Round 32 | Loss: 0.0195146 | Train Acc: 99.7188%
[Worker 5] Round 32 | Loss: 0.0407631 | Train Acc: 99.0925%
[Worker 3] Round 32 | Loss: 0.0184799 | Train Acc: 99.7827%
[Worker 1] Round 32 | Loss: 0.0118811 | Train Acc: 99.885%
[Worker 15] Round 32 | Loss: 0.0136273 | Train Acc: 99.8722%
[Worker 14] Round 32 | Loss: 0.0781401 | Train Acc: 98.2745%
[Worker 10] Round 32 | Loss: 0.0405375 | Train Acc: 99.3737%
[Worker 12] Round 32 | Loss: 0.0534429 | Train Acc: 98.8369%
[Worker 8] Round 32 | Loss: 0.0703104 | Train Acc: 98.1084%
[Worker 11] Round 32 | Loss: 0.0172684 | Train Acc: 99.8211%
[Worker 9] Round 32 | Loss: 0.016197 | Train Acc: 99.8338%
[Worker 13] Round 32 | Loss: 0.0190679 | Train Acc: 99.8338%
[Central Round] 32 [Global Test Accuracy]: 88.7%
[Worker 18] Round 33 | Loss: 0.0169471 | Train Acc: 99.8211%
[Worker 23] Round 33 | Loss: 0.0161974 | Train Acc: 99.7713%
[Worker 17] Round 33 | Loss: 0.0215483 | Train Acc: 99.6293%
[Worker 16] Round 33 | Loss: 0.0122416 | Train Acc: 99.9233%
[Worker 22] Round 33 | Loss: 0.0169565 | Train Acc: 99.7827%
[Worker 19] Round 33 | Loss: 0.048146 | Train Acc: 99.0542%
[Worker 20] Round 33 | Loss: 0.0158162 | Train Acc: 99.8211%
[Worker 21] Round 33 | Loss: 0.0761276 | Train Acc: 98.1723%
[Worker 4] Round 33 | Loss: 0.0149514 | Train Acc: 99.7699%
[Worker 6] Round 33 | Loss: 0.0193219 | Train Acc: 99.6421%
[Worker 2] Round 33 | Loss: 0.0122777 | Train Acc: 99.8594%
[Worker 7] Round 33 | Loss: 0.0197599 | Train Acc: 99.6933%
[Worker 5] Round 33 | Loss: 0.0404253 | Train Acc: 99.0414%
[Worker 3] Round 33 | Loss: 0.0183436 | Train Acc: 99.7955%
[Worker 1] Round 33 | Loss: 0.0114245 | Train Acc: 99.885%
[Worker 15] Round 33 | Loss: 0.0134118 | Train Acc: 99.885%
[Worker 14] Round 33 | Loss: 0.0774792 | Train Acc: 98.3768%
[Worker 12] Round 33 | Loss: 0.0530116 | Train Acc: 98.8369%
[Worker 8] Round 33 | Loss: 0.0697538 | Train Acc: 98.1467%
[Worker 10] Round 33 | Loss: 0.0407629 | Train Acc: 99.2843%
[Worker 11] Round 33 | Loss: 0.016937 | Train Acc: 99.8083%
[Worker 9] Round 33 | Loss: 0.016303 | Train Acc: 99.8083%
[Worker 13] Round 33 | Loss: 0.0190133 | Train Acc: 99.7316%
[Central Round] 33 [Global Test Accuracy]: 88.79%
[Worker 18] Round 34 | Loss: 0.0169006 | Train Acc: 99.6933%
[Worker 23] Round 34 | Loss: 0.015529 | Train Acc: 99.8349%
[Worker 16] Round 34 | Loss: 0.0120879 | Train Acc: 99.9617%
[Worker 17] Round 34 | Loss: 0.0218211 | Train Acc: 99.6549%
[Worker 22] Round 34 | Loss: 0.0172923 | Train Acc: 99.7316%
[Worker 21] Round 34 | Loss: 0.0754135 | Train Acc: 98.2362%
[Worker 20] Round 34 | Loss: 0.0159579 | Train Acc: 99.7827%
[Worker 19] Round 34 | Loss: 0.0478021 | Train Acc: 98.9903%
[Worker 4] Round 34 | Loss: 0.0151274 | Train Acc: 99.706%
[Worker 6] Round 34 | Loss: 0.0192092 | Train Acc: 99.6677%
[Worker 2] Round 34 | Loss: 0.0122295 | Train Acc: 99.9233%
[Worker 7] Round 34 | Loss: 0.0201131 | Train Acc: 99.6038%
[Worker 5] Round 34 | Loss: 0.0402741 | Train Acc: 99.0031%
[Worker 3] Round 34 | Loss: 0.0183418 | Train Acc: 99.7955%
[Worker 1] Round 34 | Loss: 0.0115295 | Train Acc: 99.8978%
[Worker 14] Round 34 | Loss: 0.0766697 | Train Acc: 98.4535%
[Worker 15] Round 34 | Loss: 0.0137242 | Train Acc: 99.8594%
[Worker 12] Round 34 | Loss: 0.0537667 | Train Acc: 98.8241%
[Worker 8] Round 34 | Loss: 0.0689053 | Train Acc: 98.2234%
[Worker 10] Round 34 | Loss: 0.0401262 | Train Acc: 99.4248%
[Worker 11] Round 34 | Loss: 0.0172179 | Train Acc: 99.7955%
[Worker 9] Round 34 | Loss: 0.0162306 | Train Acc: 99.7955%
[Worker 13] Round 34 | Loss: 0.0192053 | Train Acc: 99.7827%
[Central Round] 34 [Global Test Accuracy]: 88.81%
[Worker 18] Round 35 | Loss: 0.0166077 | Train Acc: 99.8211%
[Worker 23] Round 35 | Loss: 0.0157263 | Train Acc: 99.8094%
[Worker 16] Round 35 | Loss: 0.0125002 | Train Acc: 99.8978%
[Worker 17] Round 35 | Loss: 0.0213262 | Train Acc: 99.6421%
[Worker 22] Round 35 | Loss: 0.0168525 | Train Acc: 99.7955%
[Worker 21] Round 35 | Loss: 0.075585 | Train Acc: 98.2745%
[Worker 19] Round 35 | Loss: 0.0470641 | Train Acc: 99.0542%
[Worker 20] Round 35 | Loss: 0.0162286 | Train Acc: 99.7316%
[Worker 4] Round 35 | Loss: 0.0146682 | Train Acc: 99.6933%
[Worker 2] Round 35 | Loss: 0.0121646 | Train Acc: 99.8722%
[Worker 7] Round 35 | Loss: 0.0198481 | Train Acc: 99.6677%
[Worker 3] Round 35 | Loss: 0.018705 | Train Acc: 99.6933%
[Worker 6] Round 35 | Loss: 0.0193392 | Train Acc: 99.7188%
[Worker 5] Round 35 | Loss: 0.0404312 | Train Acc: 99.0542%
[Worker 1] Round 35 | Loss: 0.0118803 | Train Acc: 99.8338%
[Worker 15] Round 35 | Loss: 0.0129948 | Train Acc: 99.8978%
[Worker 14] Round 35 | Loss: 0.0770365 | Train Acc: 98.3001%
[Worker 12] Round 35 | Loss: 0.0528091 | Train Acc: 98.8113%
[Worker 8] Round 35 | Loss: 0.0686673 | Train Acc: 98.249%
[Worker 11] Round 35 | Loss: 0.0169823 | Train Acc: 99.7444%
[Worker 9] Round 35 | Loss: 0.0158881 | Train Acc: 99.8594%
[Worker 10] Round 35 | Loss: 0.0403338 | Train Acc: 99.4121%
[Worker 13] Round 35 | Loss: 0.0203055 | Train Acc: 99.6677%
[Central Round] 35 [Global Test Accuracy]: 88.94%
[Worker 18] Round 36 | Loss: 0.0164451 | Train Acc: 99.7827%
[Worker 23] Round 36 | Loss: 0.0155434 | Train Acc: 99.873%
[Worker 16] Round 36 | Loss: 0.0118563 | Train Acc: 99.9617%
[Worker 17] Round 36 | Loss: 0.0212625 | Train Acc: 99.6933%
[Worker 22] Round 36 | Loss: 0.0172067 | Train Acc: 99.8083%
[Worker 21] Round 36 | Loss: 0.0754621 | Train Acc: 98.1467%
[Worker 20] Round 36 | Loss: 0.0158856 | Train Acc: 99.8211%
[Worker 19] Round 36 | Loss: 0.0482424 | Train Acc: 99.0158%
[Worker 4] Round 36 | Loss: 0.0150555 | Train Acc: 99.7316%
[Worker 6] Round 36 | Loss: 0.0189336 | Train Acc: 99.591%
[Worker 2] Round 36 | Loss: 0.0124187 | Train Acc: 99.8594%
[Worker 7] Round 36 | Loss: 0.0199531 | Train Acc: 99.6677%
[Worker 5] Round 36 | Loss: 0.0401145 | Train Acc: 99.0031%
[Worker 3] Round 36 | Loss: 0.0180955 | Train Acc: 99.8083%
[Worker 1] Round 36 | Loss: 0.0119028 | Train Acc: 99.8466%
[Worker 15] Round 36 | Loss: 0.0134867 | Train Acc: 99.885%
[Worker 14] Round 36 | Loss: 0.0765137 | Train Acc: 98.4407%
[Worker 8] Round 36 | Loss: 0.0686679 | Train Acc: 98.2873%
[Worker 10] Round 36 | Loss: 0.0398404 | Train Acc: 99.3865%
[Worker 12] Round 36 | Loss: 0.0526701 | Train Acc: 98.9775%
[Worker 13] Round 36 | Loss: 0.0192612 | Train Acc: 99.7572%
[Worker 9] Round 36 | Loss: 0.016211 | Train Acc: 99.7572%
[Worker 11] Round 36 | Loss: 0.0172376 | Train Acc: 99.8083%
[Central Round] 36 [Global Test Accuracy]: 88.91%
[Worker 18] Round 37 | Loss: 0.0171546 | Train Acc: 99.8083%
[Worker 23] Round 37 | Loss: 0.0157805 | Train Acc: 99.8094%
[Worker 16] Round 37 | Loss: 0.0127395 | Train Acc: 99.8978%
[Worker 17] Round 37 | Loss: 0.0214295 | Train Acc: 99.6421%
[Worker 22] Round 37 | Loss: 0.0175614 | Train Acc: 99.7572%
[Worker 19] Round 37 | Loss: 0.0475154 | Train Acc: 99.0158%
[Worker 21] Round 37 | Loss: 0.0742706 | Train Acc: 98.1723%
[Worker 20] Round 37 | Loss: 0.0155793 | Train Acc: 99.7827%
[Worker 4] Round 37 | Loss: 0.0148875 | Train Acc: 99.7444%
[Worker 6] Round 37 | Loss: 0.0192474 | Train Acc: 99.6805%
[Worker 2] Round 37 | Loss: 0.0122044 | Train Acc: 99.8722%
[Worker 7] Round 37 | Loss: 0.0194353 | Train Acc: 99.6933%
[Worker 3] Round 37 | Loss: 0.0178193 | Train Acc: 99.8211%
[Worker 5] Round 37 | Loss: 0.0398061 | Train Acc: 99.0542%
[Worker 1] Round 37 | Loss: 0.0118554 | Train Acc: 99.8722%
[Worker 15] Round 37 | Loss: 0.0137742 | Train Acc: 99.8466%
[Worker 14] Round 37 | Loss: 0.0757578 | Train Acc: 98.3768%
[Worker 8] Round 37 | Loss: 0.0681609 | Train Acc: 98.1595%
[Worker 10] Round 37 | Loss: 0.0399353 | Train Acc: 99.3482%
[Worker 11] Round 37 | Loss: 0.0169951 | Train Acc: 99.8338%
[Worker 9] Round 37 | Loss: 0.0161457 | Train Acc: 99.7316%
[Worker 12] Round 37 | Loss: 0.0522317 | Train Acc: 98.8625%
[Worker 13] Round 37 | Loss: 0.0190325 | Train Acc: 99.8211%
[Central Round] 37 [Global Test Accuracy]: 88.95%
[Worker 18] Round 38 | Loss: 0.0166987 | Train Acc: 99.706%
[Worker 23] Round 38 | Loss: 0.0154249 | Train Acc: 99.8222%
[Worker 17] Round 38 | Loss: 0.0213796 | Train Acc: 99.6677%
[Worker 16] Round 38 | Loss: 0.0121719 | Train Acc: 99.9233%
[Worker 22] Round 38 | Loss: 0.0174528 | Train Acc: 99.7444%
[Worker 20] Round 38 | Loss: 0.0165424 | Train Acc: 99.7572%
[Worker 21] Round 38 | Loss: 0.0732548 | Train Acc: 98.3129%
[Worker 19] Round 38 | Loss: 0.0468313 | Train Acc: 99.067%
[Worker 4] Round 38 | Loss: 0.014857 | Train Acc: 99.7316%
[Worker 6] Round 38 | Loss: 0.0199784 | Train Acc: 99.6293%
[Worker 2] Round 38 | Loss: 0.0121319 | Train Acc: 99.885%
[Worker 3] Round 38 | Loss: 0.0179309 | Train Acc: 99.8466%
[Worker 5] Round 38 | Loss: 0.0395008 | Train Acc: 99.0798%
[Worker 1] Round 38 | Loss: 0.0117093 | Train Acc: 99.8466%
[Worker 7] Round 38 | Loss: 0.0194707 | Train Acc: 99.6677%
[Worker 15] Round 38 | Loss: 0.0138335 | Train Acc: 99.8338%
[Worker 14] Round 38 | Loss: 0.0765378 | Train Acc: 98.3001%
[Worker 10] Round 38 | Loss: 0.0396244 | Train Acc: 99.4121%
[Worker 12] Round 38 | Loss: 0.0520481 | Train Acc: 98.8753%
[Worker 8] Round 38 | Loss: 0.0679512 | Train Acc: 98.1723%
[Worker 9] Round 38 | Loss: 0.0163171 | Train Acc: 99.7955%
[Worker 11] Round 38 | Loss: 0.0170381 | Train Acc: 99.8211%
[Worker 13] Round 38 | Loss: 0.019059 | Train Acc: 99.8083%
[Central Round] 38 [Global Test Accuracy]: 88.99%
[Worker 18] Round 39 | Loss: 0.0167936 | Train Acc: 99.7699%
[Worker 23] Round 39 | Loss: 0.0157715 | Train Acc: 99.8222%
[Worker 16] Round 39 | Loss: 0.0123967 | Train Acc: 99.9361%
[Worker 17] Round 39 | Loss: 0.0211797 | Train Acc: 99.6805%
[Worker 22] Round 39 | Loss: 0.0171063 | Train Acc: 99.7316%
[Worker 20] Round 39 | Loss: 0.0155922 | Train Acc: 99.8211%
[Worker 21] Round 39 | Loss: 0.0734749 | Train Acc: 98.2106%
[Worker 19] Round 39 | Loss: 0.0469572 | Train Acc: 99.0798%
[Worker 4] Round 39 | Loss: 0.0151026 | Train Acc: 99.706%
[Worker 6] Round 39 | Loss: 0.0210099 | Train Acc: 99.6038%
[Worker 2] Round 39 | Loss: 0.0127274 | Train Acc: 99.8211%
[Worker 7] Round 39 | Loss: 0.0208449 | Train Acc: 99.5782%
[Worker 5] Round 39 | Loss: 0.0400511 | Train Acc: 99.0158%
[Worker 3] Round 39 | Loss: 0.0179225 | Train Acc: 99.8211%
[Worker 14] Round 39 | Loss: 0.0757243 | Train Acc: 98.4535%
[Worker 15] Round 39 | Loss: 0.0134308 | Train Acc: 99.8594%
[Worker 8] Round 39 | Loss: 0.0678075 | Train Acc: 98.1851%
[Worker 12] Round 39 | Loss: 0.0523158 | Train Acc: 98.8369%
[Worker 10] Round 39 | Loss: 0.0395068 | Train Acc: 99.4248%
[Worker 11] Round 39 | Loss: 0.0170709 | Train Acc: 99.8211%
[Worker 9] Round 39 | Loss: 0.0165937 | Train Acc: 99.7444%
[Worker 13] Round 39 | Loss: 0.0189594 | Train Acc: 99.8466%
[Worker 1] Round 39 | Loss: 0.0116764 | Train Acc: 99.8466%
[Central Round] 39 [Global Test Accuracy]: 89.01%
[Worker 18] Round 40 | Loss: 0.017793 | Train Acc: 99.6933%
[Worker 23] Round 40 | Loss: 0.0160131 | Train Acc: 99.7586%
[Worker 17] Round 40 | Loss: 0.0207166 | Train Acc: 99.706%
[Worker 16] Round 40 | Loss: 0.0124952 | Train Acc: 99.9105%
[Worker 22] Round 40 | Loss: 0.01762 | Train Acc: 99.7188%
[Worker 21] Round 40 | Loss: 0.0737708 | Train Acc: 98.1723%
[Worker 19] Round 40 | Loss: 0.0468421 | Train Acc: 99.0286%
[Worker 20] Round 40 | Loss: 0.0152489 | Train Acc: 99.8083%
[Worker 4] Round 40 | Loss: 0.015151 | Train Acc: 99.7572%
[Worker 6] Round 40 | Loss: 0.0198954 | Train Acc: 99.6549%
[Worker 5] Round 40 | Loss: 0.0398755 | Train Acc: 99.0031%
[Worker 2] Round 40 | Loss: 0.0119649 | Train Acc: 99.8594%
[Worker 7] Round 40 | Loss: 0.0204121 | Train Acc: 99.6166%
[Worker 3] Round 40 | Loss: 0.0181778 | Train Acc: 99.7955%
[Worker 1] Round 40 | Loss: 0.0115403 | Train Acc: 99.8466%
[Worker 15] Round 40 | Loss: 0.0137865 | Train Acc: 99.8211%
[Worker 14] Round 40 | Loss: 0.0752869 | Train Acc: 98.4024%
[Worker 12] Round 40 | Loss: 0.0522387 | Train Acc: 98.7986%
[Worker 10] Round 40 | Loss: 0.039072 | Train Acc: 99.4504%
[Worker 8] Round 40 | Loss: 0.0677635 | Train Acc: 98.2362%
[Worker 11] Round 40 | Loss: 0.0169401 | Train Acc: 99.7955%
[Worker 13] Round 40 | Loss: 0.0188723 | Train Acc: 99.8466%
[Worker 9] Round 40 | Loss: 0.0160334 | Train Acc: 99.8211%
[Central Round] 40 [Global Test Accuracy]: 89.06%
[Worker 18] Round 41 | Loss: 0.0175902 | Train Acc: 99.6933%
[Worker 23] Round 41 | Loss: 0.0156267 | Train Acc: 99.7586%
[Worker 16] Round 41 | Loss: 0.0126752 | Train Acc: 99.8722%
[Worker 17] Round 41 | Loss: 0.020553 | Train Acc: 99.6421%
[Worker 22] Round 41 | Loss: 0.0168862 | Train Acc: 99.7827%
[Worker 20] Round 41 | Loss: 0.0161127 | Train Acc: 99.7316%
[Worker 19] Round 41 | Loss: 0.0466757 | Train Acc: 99.067%
[Worker 21] Round 41 | Loss: 0.0736874 | Train Acc: 98.2234%
[Worker 2] Round 41 | Loss: 0.0119047 | Train Acc: 99.8594%
[Worker 4] Round 41 | Loss: 0.0154545 | Train Acc: 99.7572%
[Worker 6] Round 41 | Loss: 0.0195246 | Train Acc: 99.6549%
[Worker 7] Round 41 | Loss: 0.020208 | Train Acc: 99.6293%
[Worker 3] Round 41 | Loss: 0.0185518 | Train Acc: 99.7572%
[Worker 1] Round 41 | Loss: 0.0116364 | Train Acc: 99.8466%
[Worker 5] Round 41 | Loss: 0.0394642 | Train Acc: 99.0158%
[Worker 14] Round 41 | Loss: 0.0756304 | Train Acc: 98.364%
[Worker 15] Round 41 | Loss: 0.0133171 | Train Acc: 99.8978%
[Worker 10] Round 41 | Loss: 0.039516 | Train Acc: 99.3737%
[Worker 8] Round 41 | Loss: 0.0680877 | Train Acc: 98.2362%
[Worker 9] Round 41 | Loss: 0.0156508 | Train Acc: 99.8466%
[Worker 12] Round 41 | Loss: 0.0512633 | Train Acc: 98.9392%
[Worker 11] Round 41 | Loss: 0.0172337 | Train Acc: 99.8211%
[Worker 13] Round 41 | Loss: 0.0190813 | Train Acc: 99.7955%
[Central Round] 41 [Global Test Accuracy]: 89.1%
[Worker 18] Round 42 | Loss: 0.0165037 | Train Acc: 99.8083%
[Worker 16] Round 42 | Loss: 0.0123932 | Train Acc: 99.8594%
[Worker 23] Round 42 | Loss: 0.0160667 | Train Acc: 99.7459%
[Worker 17] Round 42 | Loss: 0.0210619 | Train Acc: 99.706%
[Worker 22] Round 42 | Loss: 0.0173075 | Train Acc: 99.7572%
[Worker 20] Round 42 | Loss: 0.0154489 | Train Acc: 99.8594%
[Worker 21] Round 42 | Loss: 0.0731566 | Train Acc: 98.1339%
[Worker 19] Round 42 | Loss: 0.0464434 | Train Acc: 99.0286%
[Worker 4] Round 42 | Loss: 0.0154166 | Train Acc: 99.7316%
[Worker 6] Round 42 | Loss: 0.020123 | Train Acc: 99.6293%
[Worker 3] Round 42 | Loss: 0.01779 | Train Acc: 99.8083%
[Worker 2] Round 42 | Loss: 0.0127045 | Train Acc: 99.8722%
[Worker 7] Round 42 | Loss: 0.0202274 | Train Acc: 99.6421%
[Worker 5] Round 42 | Loss: 0.039602 | Train Acc: 99.0286%
[Worker 1] Round 42 | Loss: 0.0111328 | Train Acc: 99.885%
[Worker 15] Round 42 | Loss: 0.0137928 | Train Acc: 99.8338%
[Worker 8] Round 42 | Loss: 0.0679219 | Train Acc: 98.0956%
[Worker 14] Round 42 | Loss: 0.0750099 | Train Acc: 98.3896%
[Worker 13] Round 42 | Loss: 0.0186956 | Train Acc: 99.7699%
[Worker 9] Round 42 | Loss: 0.016317 | Train Acc: 99.8211%
[Worker 12] Round 42 | Loss: 0.0513461 | Train Acc: 98.9008%
[Worker 10] Round 42 | Loss: 0.0392566 | Train Acc: 99.3609%
[Worker 11] Round 42 | Loss: 0.0180999 | Train Acc: 99.7572%
[Central Round] 42 [Global Test Accuracy]: 89.11%
[Worker 18] Round 43 | Loss: 0.0174186 | Train Acc: 99.7699%
[Worker 23] Round 43 | Loss: 0.0157066 | Train Acc: 99.7967%
[Worker 17] Round 43 | Loss: 0.0210926 | Train Acc: 99.6677%
[Worker 22] Round 43 | Loss: 0.0172385 | Train Acc: 99.7955%
[Worker 16] Round 43 | Loss: 0.0121211 | Train Acc: 99.9233%
[Worker 21] Round 43 | Loss: 0.0733465 | Train Acc: 98.2362%
[Worker 20] Round 43 | Loss: 0.0159987 | Train Acc: 99.7188%
[Worker 19] Round 43 | Loss: 0.0464482 | Train Acc: 99.067%
[Worker 4] Round 43 | Loss: 0.0147895 | Train Acc: 99.7444%
[Worker 6] Round 43 | Loss: 0.019475 | Train Acc: 99.5654%
[Worker 2] Round 43 | Loss: 0.0121405 | Train Acc: 99.8722%
[Worker 7] Round 43 | Loss: 0.0205761 | Train Acc: 99.6166%
[Worker 3] Round 43 | Loss: 0.0179545 | Train Acc: 99.8083%
[Worker 1] Round 43 | Loss: 0.0114077 | Train Acc: 99.8722%
[Worker 5] Round 43 | Loss: 0.0393231 | Train Acc: 99.1181%
[Worker 15] Round 43 | Loss: 0.0134585 | Train Acc: 99.8978%
[Worker 14] Round 43 | Loss: 0.0753582 | Train Acc: 98.3512%
[Worker 10] Round 43 | Loss: 0.0387907 | Train Acc: 99.3737%
[Worker 12] Round 43 | Loss: 0.0509964 | Train Acc: 98.888%
[Worker 8] Round 43 | Loss: 0.06758 | Train Acc: 98.2362%
[Worker 11] Round 43 | Loss: 0.0175979 | Train Acc: 99.8083%
[Worker 9] Round 43 | Loss: 0.0162039 | Train Acc: 99.7316%
[Worker 13] Round 43 | Loss: 0.0185467 | Train Acc: 99.7955%
[Central Round] 43 [Global Test Accuracy]: 89.17%
[Worker 18] Round 44 | Loss: 0.0166591 | Train Acc: 99.7572%
[Worker 23] Round 44 | Loss: 0.0158344 | Train Acc: 99.7967%
[Worker 17] Round 44 | Loss: 0.020596 | Train Acc: 99.6933%
[Worker 16] Round 44 | Loss: 0.0124402 | Train Acc: 99.8722%
[Worker 22] Round 44 | Loss: 0.017464 | Train Acc: 99.7827%
[Worker 21] Round 44 | Loss: 0.0720902 | Train Acc: 98.2362%
[Worker 19] Round 44 | Loss: 0.0463935 | Train Acc: 99.067%
[Worker 20] Round 44 | Loss: 0.0157232 | Train Acc: 99.7827%
[Worker 4] Round 44 | Loss: 0.0153519 | Train Acc: 99.7572%
[Worker 6] Round 44 | Loss: 0.0193007 | Train Acc: 99.6805%
[Worker 2] Round 44 | Loss: 0.0124327 | Train Acc: 99.7827%
[Worker 7] Round 44 | Loss: 0.0202908 | Train Acc: 99.5654%
[Worker 3] Round 44 | Loss: 0.0181316 | Train Acc: 99.7572%
[Worker 5] Round 44 | Loss: 0.039136 | Train Acc: 99.1053%
[Worker 1] Round 44 | Loss: 0.0115529 | Train Acc: 99.8722%
[Worker 15] Round 44 | Loss: 0.0139544 | Train Acc: 99.7955%
[Worker 14] Round 44 | Loss: 0.0744675 | Train Acc: 98.5174%
[Worker 10] Round 44 | Loss: 0.0392147 | Train Acc: 99.3354%
[Worker 12] Round 44 | Loss: 0.0511986 | Train Acc: 98.9136%
[Worker 8] Round 44 | Loss: 0.0665489 | Train Acc: 98.2618%
[Worker 9] Round 44 | Loss: 0.0162221 | Train Acc: 99.7699%
[Worker 13] Round 44 | Loss: 0.0185815 | Train Acc: 99.8211%
[Worker 11] Round 44 | Loss: 0.0176821 | Train Acc: 99.7572%
[Central Round] 44 [Global Test Accuracy]: 89.16%
[Worker 18] Round 45 | Loss: 0.0166463 | Train Acc: 99.7955%
[Worker 23] Round 45 | Loss: 0.0159536 | Train Acc: 99.7713%
[Worker 16] Round 45 | Loss: 0.0122034 | Train Acc: 99.8978%
[Worker 17] Round 45 | Loss: 0.0208655 | Train Acc: 99.7316%
[Worker 22] Round 45 | Loss: 0.0171238 | Train Acc: 99.7699%
[Worker 20] Round 45 | Loss: 0.0156362 | Train Acc: 99.7699%
[Worker 19] Round 45 | Loss: 0.0459087 | Train Acc: 99.0798%
[Worker 21] Round 45 | Loss: 0.0725386 | Train Acc: 98.1339%
[Worker 4] Round 45 | Loss: 0.0151182 | Train Acc: 99.7572%
[Worker 6] Round 45 | Loss: 0.0202408 | Train Acc: 99.6549%
[Worker 2] Round 45 | Loss: 0.0121459 | Train Acc: 99.8722%
[Worker 3] Round 45 | Loss: 0.0180285 | Train Acc: 99.8083%
[Worker 7] Round 45 | Loss: 0.0201374 | Train Acc: 99.6933%
[Worker 5] Round 45 | Loss: 0.0389971 | Train Acc: 99.1309%
[Worker 1] Round 45 | Loss: 0.0112055 | Train Acc: 99.885%
[Worker 14] Round 45 | Loss: 0.0742809 | Train Acc: 98.4535%
[Worker 15] Round 45 | Loss: 0.0137934 | Train Acc: 99.8594%
[Worker 8] Round 45 | Loss: 0.0667937 | Train Acc: 98.2618%
[Worker 11] Round 45 | Loss: 0.017796 | Train Acc: 99.7444%
[Worker 9] Round 45 | Loss: 0.0159111 | Train Acc: 99.8083%
[Worker 12] Round 45 | Loss: 0.0508431 | Train Acc: 98.9008%
[Worker 13] Round 45 | Loss: 0.0189833 | Train Acc: 99.7699%
[Worker 10] Round 45 | Loss: 0.0392305 | Train Acc: 99.3609%
[Central Round] 45 [Global Test Accuracy]: 89.19%
[Worker 18] Round 46 | Loss: 0.0168749 | Train Acc: 99.7316%
[Worker 23] Round 46 | Loss: 0.015743 | Train Acc: 99.7967%
[Worker 16] Round 46 | Loss: 0.0120981 | Train Acc: 99.9105%
[Worker 17] Round 46 | Loss: 0.0204862 | Train Acc: 99.6421%
[Worker 22] Round 46 | Loss: 0.0172425 | Train Acc: 99.8338%
[Worker 20] Round 46 | Loss: 0.0154385 | Train Acc: 99.7955%
[Worker 21] Round 46 | Loss: 0.0719719 | Train Acc: 98.1851%
[Worker 19] Round 46 | Loss: 0.0458536 | Train Acc: 99.0414%
[Worker 4] Round 46 | Loss: 0.0151807 | Train Acc: 99.7444%
[Worker 3] Round 46 | Loss: 0.0180444 | Train Acc: 99.7955%
[Worker 2] Round 46 | Loss: 0.0124153 | Train Acc: 99.8594%
[Worker 6] Round 46 | Loss: 0.0207569 | Train Acc: 99.591%
[Worker 7] Round 46 | Loss: 0.0201523 | Train Acc: 99.6677%
[Worker 5] Round 46 | Loss: 0.039162 | Train Acc: 99.0286%
[Worker 1] Round 46 | Loss: 0.0116636 | Train Acc: 99.8594%
[Worker 14] Round 46 | Loss: 0.0744976 | Train Acc: 98.3768%
[Worker 15] Round 46 | Loss: 0.0139269 | Train Acc: 99.8466%
[Worker 10] Round 46 | Loss: 0.0391942 | Train Acc: 99.3482%
[Worker 8] Round 46 | Loss: 0.0671239 | Train Acc: 98.1979%
[Worker 11] Round 46 | Loss: 0.0175135 | Train Acc: 99.7827%
[Worker 9] Round 46 | Loss: 0.016579 | Train Acc: 99.7572%
[Worker 12] Round 46 | Loss: 0.0509735 | Train Acc: 98.9775%
[Worker 13] Round 46 | Loss: 0.0187025 | Train Acc: 99.7955%
[Central Round] 46 [Global Test Accuracy]: 89.17%
[Worker 18] Round 47 | Loss: 0.0170089 | Train Acc: 99.7955%
[Worker 23] Round 47 | Loss: 0.0158887 | Train Acc: 99.7967%
[Worker 17] Round 47 | Loss: 0.0203463 | Train Acc: 99.706%
[Worker 16] Round 47 | Loss: 0.0121852 | Train Acc: 99.9105%
[Worker 22] Round 47 | Loss: 0.0167323 | Train Acc: 99.7572%
[Worker 21] Round 47 | Loss: 0.0716951 | Train Acc: 98.1851%
[Worker 19] Round 47 | Loss: 0.0454632 | Train Acc: 99.0158%
[Worker 20] Round 47 | Loss: 0.0154252 | Train Acc: 99.7572%
[Worker 4] Round 47 | Loss: 0.0157112 | Train Acc: 99.7188%
[Worker 6] Round 47 | Loss: 0.0197148 | Train Acc: 99.6166%
[Worker 2] Round 47 | Loss: 0.0120644 | Train Acc: 99.8338%
[Worker 5] Round 47 | Loss: 0.038567 | Train Acc: 99.0542%
[Worker 7] Round 47 | Loss: 0.0197976 | Train Acc: 99.6677%
[Worker 3] Round 47 | Loss: 0.0177586 | Train Acc: 99.7572%
[Worker 1] Round 47 | Loss: 0.0115425 | Train Acc: 99.8083%
[Worker 15] Round 47 | Loss: 0.0137726 | Train Acc: 99.885%
[Worker 14] Round 47 | Loss: 0.074638 | Train Acc: 98.3512%
[Worker 8] Round 47 | Loss: 0.0667185 | Train Acc: 98.2618%
[Worker 12] Round 47 | Loss: 0.0509133 | Train Acc: 98.8753%
[Worker 9] Round 47 | Loss: 0.016263 | Train Acc: 99.7699%
[Worker 11] Round 47 | Loss: 0.0180394 | Train Acc: 99.7699%
[Worker 13] Round 47 | Loss: 0.0189133 | Train Acc: 99.7827%
[Worker 10] Round 47 | Loss: 0.039083 | Train Acc: 99.4121%
[Central Round] 47 [Global Test Accuracy]: 89.16%
[Worker 18] Round 48 | Loss: 0.0170654 | Train Acc: 99.7316%
[Worker 23] Round 48 | Loss: 0.0157937 | Train Acc: 99.7459%
[Worker 16] Round 48 | Loss: 0.0124904 | Train Acc: 99.885%
[Worker 17] Round 48 | Loss: 0.0206524 | Train Acc: 99.6933%
[Worker 22] Round 48 | Loss: 0.0173353 | Train Acc: 99.7572%
[Worker 20] Round 48 | Loss: 0.0154818 | Train Acc: 99.8083%
[Worker 19] Round 48 | Loss: 0.0447144 | Train Acc: 99.0798%
[Worker 21] Round 48 | Loss: 0.0719493 | Train Acc: 98.2745%
[Worker 4] Round 48 | Loss: 0.0149121 | Train Acc: 99.7699%
[Worker 6] Round 48 | Loss: 0.0190305 | Train Acc: 99.6293%
[Worker 2] Round 48 | Loss: 0.0122398 | Train Acc: 99.8594%
[Worker 7] Round 48 | Loss: 0.020168 | Train Acc: 99.591%
[Worker 3] Round 48 | Loss: 0.0178671 | Train Acc: 99.7955%
[Worker 5] Round 48 | Loss: 0.0385877 | Train Acc: 99.1181%
[Worker 1] Round 48 | Loss: 0.011592 | Train Acc: 99.8722%
[Worker 15] Round 48 | Loss: 0.013694 | Train Acc: 99.7827%
[Worker 14] Round 48 | Loss: 0.0744202 | Train Acc: 98.3768%
[Worker 12] Round 48 | Loss: 0.0501027 | Train Acc: 98.9775%
[Worker 8] Round 48 | Loss: 0.0667822 | Train Acc: 98.2234%
[Worker 10] Round 48 | Loss: 0.0392551 | Train Acc: 99.3482%
[Worker 9] Round 48 | Loss: 0.0164178 | Train Acc: 99.7572%
[Worker 13] Round 48 | Loss: 0.018385 | Train Acc: 99.8083%
[Worker 11] Round 48 | Loss: 0.0172478 | Train Acc: 99.7827%
[Central Round] 48 [Global Test Accuracy]: 89.22%
[Central] Early stopping at round 48 after 5 rounds without global accuracy improvement.

[Central] Done. Federated data saved to /home-mscluster/ldemelo/HPC_Assignment/problem1/federated_clustering_mpi/metrics/sweep_2/federated/fixed_ppn_n3_p8_rep3_j201387
